metric,n_filled,pct_filled,is_suppression,max_abs_cc
f1477810,1,0.03185727938834024,False,0.24771491535662507
f1477910,1,0.03185727938834024,False,0.5082196969208775
f1552518,1,0.03185727938834024,False,0.26728912167004926
f1552618,1,0.03185727938834024,False,0.4774735424456113
f1476610,1,0.03185727938834024,False,0.23060454685156873
f1476710,1,0.03185727938834024,False,0.5050990582147403
f1550118,1,0.03185727938834024,False,0.26293874746641316
f1550218,1,0.03185727938834024,False,0.4702303848386307
f1478210,1,0.03185727938834024,False,0.27798112063965924
f1552918,1,0.03185727938834024,False,0.29342208881054394
f1477010,1,0.03185727938834024,False,0.2738869866312716
f1550518,1,0.03185727938834024,False,0.2873096617384734
f1476510,1,0.03185727938834024,False,0.2060749929296592
f1550018,1,0.03185727938834024,False,0.18982407889663805
f1477710,1,0.03185727938834024,False,0.16768541481406793
f1552418,1,0.03185727938834024,False,0.1775907844354829
f1476910,1,0.03185727938834024,False,0.2628332684442843
f1550418,1,0.03185727938834024,False,0.23645861056474415
f1475810,1,0.03185727938834024,False,0.2849931230898833
f1475910,1,0.03185727938834024,False,0.5146982659879498
f1548118,1,0.03185727938834024,False,0.2877445911629561
f1548218,1,0.03185727938834024,False,0.4425074453289876
f1478110,1,0.03185727938834024,False,0.21760880101417018
f1552818,1,0.03185727938834024,True,0.19920428053503775
f1475410,1,0.03185727938834024,True,0.24736704063215106
f1475510,1,0.03185727938834024,False,0.48788757270357824
f1547718,1,0.03185727938834024,False,0.26695466107886556
f1547818,1,0.03185727938834024,False,0.4544312513148375
f1475710,1,0.03185727938834024,False,0.17065559464047886
f1548018,1,0.03185727938834024,False,0.19982406459219207
f1478310,1,0.03185727938834024,False,0.5343967288440977
f1553018,1,0.03185727938834024,False,0.47263204473666726
f1477110,1,0.03185727938834024,False,0.5288455558897706
f1550618,1,0.03185727938834024,False,0.4535323491397291
f1475310,1,0.03185727938834024,False,0.1326586962936132
f1547618,1,0.03185727938834024,False,0.1388631662881051
f1476110,1,0.03185727938834024,False,0.24640134698219285
f1549618,1,0.03185727938834024,False,0.20398286252789333
f1476210,1,0.03185727938834024,False,0.25190275942947976
f1549718,1,0.03185727938834024,False,0.2771561374181973
f1475010,1,0.03185727938834024,False,0.2675860491462556
f1547318,1,0.03185727938834024,False,0.2782686554728365
f1477410,1,0.03185727938834024,False,0.26289296106010707
f1552118,1,0.03185727938834024,False,0.2792440662568569
f1477310,1,0.03185727938834024,False,0.18096128760629968
f1552018,1,0.03185727938834024,False,0.20689312028364637
f1478610,1,0.03185727938834024,False,0.31492062202286375
f1553318,1,0.03185727938834024,False,0.26704827787726265
f1474910,1,0.03185727938834024,False,0.15951837547797576
f1547218,1,0.03185727938834024,False,0.18139430223671058
f1478510,1,0.03185727938834024,False,0.10022510048491852
f1553218,1,0.03185727938834024,False,0.1028436517269339
f1548518,1,0.03185727938834024,False,0.3401839785702934
f1548618,1,0.03185727938834024,False,0.24921201867789836
f1548918,1,0.03185727938834024,True,0.3232789938116518
f1549018,1,0.03185727938834024,False,0.24343281944020706
f1549318,1,0.03185727938834024,False,0.2973231607328011
f1549418,1,0.03185727938834024,False,0.32088898477783806
f1550918,1,0.03185727938834024,False,0.3453655214404775
f1551018,1,0.03185727938834024,False,0.29616694073208044
f1551318,1,0.03185727938834024,False,0.3229289258008315
f1551418,1,0.03185727938834024,False,0.27919762515725577
f1551718,1,0.03185727938834024,False,0.29953282822200605
f1551818,1,0.03185727938834024,False,0.3407427246968408
f1476310,1,0.03185727938834024,False,0.5203936264332112
f1549818,1,0.03185727938834024,False,0.46424673151056
f1553718,1,0.03185727938834024,False,0.3121065293501038
f1553818,1,0.03185727938834024,False,0.1315046389470521
f1554118,1,0.03185727938834024,False,0.2967280094339143
f1554218,1,0.03185727938834024,False,0.12431353598469501
f1554518,1,0.03185727938834024,False,0.2865940237646972
f1554618,1,0.03185727938834024,False,0.2407279743001905
f1553618,1,0.03185727938834024,False,0.3224789441599135
f1554018,1,0.03185727938834024,False,0.3320665462599267
f1554418,1,0.03185727938834024,False,0.34340034067700587
f1478710,1,0.03185727938834024,False,0.42236927686113984
f1553418,1,0.03185727938834024,False,0.3537203295998247
f1550818,1,0.03185727938834024,False,0.2727235998608141
f1551218,1,0.03185727938834024,False,0.2985804355306428
f1551618,1,0.03185727938834024,False,0.30070865871724406
f1548418,1,0.03185727938834024,False,0.3188550069539877
f1548818,1,0.03185727938834024,False,0.32973658163322145
f1549218,1,0.03185727938834024,False,0.3387450483283248
f1477510,1,0.03185727938834024,False,0.5246612931209296
f1552218,1,0.03185727938834024,False,0.47753038841388
f1475110,1,0.03185727938834024,False,0.5038212762197624
f1547418,1,0.03185727938834024,False,0.4505262069147036
f1477610,1,0.03185727938834024,False,0.11017174392310228
f1552318,1,0.03185727938834024,False,0.1138309283454899
f1476410,1,0.03185727938834024,False,0.13202193641880736
f1549918,1,0.03185727938834024,False,0.19196432200175195
f1478010,1,0.03185727938834024,False,0.13811152682921984
f1552718,1,0.03185727938834024,False,0.17465557125550918
f1476810,1,0.03185727938834024,False,0.24504002164286642
f1550318,1,0.03185727938834024,False,0.2635995743595504
f1475610,1,0.03185727938834024,False,0.0822657559940589
f1547918,1,0.03185727938834024,False,0.12452168197531596
f1475210,1,0.03185727938834024,False,0.03188212496175935
f1547518,1,0.03185727938834024,False,0.04538300761316465
f1483910,0,0.0,False,0.2777630900330034
f1484010,0,0.0,False,0.13818136267226006
f1548318,1,0.03185727938834024,False,0.32217080476275073
f1548718,1,0.03185727938834024,False,0.3305653331304077
f1549118,1,0.03185727938834024,False,0.3310204204863726
f1476010,1,0.03185727938834024,False,0.19672294566827792
f1549518,1,0.03185727938834024,False,0.2525535909666009
f1553518,1,0.03185727938834024,False,0.322403800111464
f1553918,1,0.03185727938834024,False,0.3246197826160414
f1554318,1,0.03185727938834024,False,0.32855402750001717
f1550718,1,0.03185727938834024,False,0.3076548619846269
f1551118,1,0.03185727938834024,False,0.32090078935181604
f1551518,1,0.03185727938834024,False,0.31162613414193246
f1477210,1,0.03185727938834024,False,0.11579990125063859
f1551918,1,0.03185727938834024,False,0.15913769344337295
f1478410,1,0.03185727938834024,False,0.1270930208621493
f1553118,1,0.03185727938834024,False,0.12255556595318337
f1474810,1,0.03185727938834024,False,0.050931577468791275
f1547118,1,0.03185727938834024,False,0.09870026103768254
f1444014,0,0.0,False,0.2412722189362743
f1318218,29,0.9238611022618668,False,0.01578204955859648
f1445814,0,0.0,False,0.40480415988374163
f1448814,0,0.0,False,0.13123735059296546
f1446814,0,0.0,False,0.1153596261020233
f1446714,0,0.0,False,0.43614265869751867
f1449714,0,0.0,False,0.14088811244031593
f1446214,0,0.0,False,0.41548915624870414
f1449214,0,0.0,False,0.5182744800089277
f1446114,0,0.0,False,0.22232028397181755
f1449114,0,0.0,False,0.3521261363214902
f1445914,0,0.0,False,0.17776007556806553
f1448914,0,0.0,False,0.25282364697962545
f1449814,0,0.0,False,0.24134313844633895
f1445314,0,0.0,False,0.4730119141842328
f1448314,0,0.0,False,0.5182849506467999
f1445414,0,0.0,False,0.24695886146495855
f1448414,0,0.0,False,0.09949448727375122
f1450014,0,0.0,False,0.3521234264250885
f1449914,0,0.0,False,0.19426249388318562
f1446014,0,0.0,False,0.395532857285791
f1449014,0,0.0,False,0.19306601715219882
f1445714,0,0.0,False,0.13965455769210425
f1448714,0,0.0,False,0.06899857438538046
f1446614,0,0.0,False,0.1498532376744168
f1446314,0,0.0,False,0.22854837408133463
f1445514,0,0.0,False,0.21408809342544663
f1448514,0,0.0,False,0.2116318823637171
f1445614,0,0.0,False,0.21180847241797476
f1448614,0,0.0,False,0.10928291705572478
f1447214,0,0.0,False,0.23520712199420138
f1450214,0,0.0,False,0.21322038929499548
f1447114,0,0.0,False,0.524036410303341
f1450114,0,0.0,False,0.47090862708583225
f1446914,0,0.0,False,0.34569874627047625
f1446414,0,0.0,False,0.19778257625687168
f1446514,0,0.0,False,0.2310414809883946
f1450414,0,0.0,False,0.24291497926193154
f1447514,0,0.0,False,0.15135755153921923
f1450514,0,0.0,False,0.13434951650019963
f1447314,0,0.0,False,0.16910872861192547
f1450314,0,0.0,False,0.17318743367866568
f1447414,0,0.0,False,0.2641666606422974
f1444514,0,0.0,False,0.1496699966859821
f1447014,0,0.0,False,0.4382682331145115
f1447914,0,0.0,False,0.5429341221783012
f1450914,0,0.0,False,0.35923294239852815
f1445114,0,0.0,False,0.4682262810192046
f1448114,0,0.0,False,0.4886886856665758
f1448014,0,0.0,False,0.4886808186704997
f1445014,0,0.0,False,0.4685127315030452
f1444914,0,0.0,False,0.4181431683559589
f1450814,0,0.0,False,0.3110223489805726
f1449314,0,0.0,False,0.09355016346214957
f1449514,0,0.0,False,0.11036194055910854
f1445214,0,0.0,False,0.5267627117314099
f1448214,0,0.0,False,0.506312503701651
f1447614,0,0.0,False,0.44523302694066247
f1450614,0,0.0,False,0.19593443802112248
f1444114,0,0.0,False,0.36086101156424677
f1449614,0,0.0,False,0.156601915984891
f1539014,0,0.0,False,0.46285096013760957
f1447814,0,0.0,False,0.29080735976634003
f1449414,0,0.0,False,0.2021828915500068
f1444814,0,0.0,False,0.3741296791466457
f1444614,0,0.0,False,0.43051478121664477
f1539114,0,0.0,False,0.5247692887730018
f1447714,0,0.0,False,0.2493063480883352
f1450714,0,0.0,False,0.3278406577427363
f1444214,0,0.0,False,0.23677126355535266
f1539214,0,0.0,False,0.5258063534250823
f1444714,0,0.0,False,0.09132224717943332
f1444414,0,0.0,False,0.2267773846101215
f1539814,1,0.03185727938834024,False,0.22545573762260962
f1538914,0,0.0,False,0.27347395896958454
f1540614,1,0.03185727938834024,False,0.26332585728520164
f1195316,1830,58.29882128066263,True,0.10907587499849189
f1195216,2158,68.74800892003823,True,0.12230508610865012
f1195416,1062,33.83243071041733,True,0.07135477948580295
f1195516,477,15.195922268238293,True,0.06301047515666151
f1195616,290,9.238611022618668,True,0.05903712441777485
f1195116,2506,79.83434214718064,True,0.13613179115140508
f1195716,210,6.69002867155145,True,0.04924553557331491
f1194916,3077,98.0248486779229,True,0.14847951871504309
f1195016,3034,96.65498566422427,True,0.14808074838251958
f1195816,168,5.352022937241159,True,0.03698665828848539
f1194816,2679,85.34565148136349,True,0.14225602544656366
f1316516,503,16.024211532335137,True,0.053124143827976616
f1193316,468,14.90920675374323,True,0.05371510827002969
f1193616,916,29.181267919719655,True,0.07890241189608843
f1316416,1168,37.2093023255814,True,0.07557260618983447
f1193716,2315,73.74960178400765,True,0.1345825645178332
f1193116,1937,61.70755017521504,True,0.10819998749780527
f1193216,264,8.410321758521823,True,0.05065453748310633
f1316916,1674,53.329085696081556,True,0.10627725677403126
f1193516,2050,65.30742274609749,True,0.11632289881995478
f1532518,0,0.0,False,0.1724446895983981
f1532618,0,0.0,False,0.06979127815546622
f1400218,0,0.0,False,0.06839851515759837
f1255016,1813,57.75724753106085,True,0.08204923807419216
f1254816,128,4.07773176170755,True,0.05875008709538507
f1360316,1927,61.388977381331635,True,0.09748695330978961
f1254916,1796,57.21567378145906,True,0.08174188759178269
f1360216,1568,49.95221408091749,True,0.06907073827316591
f1255416,986,31.41127747690347,True,0.07564066001888614
f1255516,2309,73.55845810767761,True,0.11633068202444455
f1255216,2219,70.69130296272698,True,0.11078501416036625
f1255616,2780,88.56323669958586,True,0.13737559876313316
f1255116,2200,70.08601465434852,True,0.1097326956291482
f1360116,47,1.4972921312519911,True,0.0611287538256209
f1254716,129,4.109589041095891,True,0.057286908274706366
f1360516,2280,72.63459700541574,True,0.1222939792282715
f1360816,541,17.23478814909207,True,0.05671946763788291
f1387016,237,7.550175215036636,True,0.05767284503655796
f1255316,795,25.326537113730488,True,0.05631208650399429
f1254616,31,0.9875756610385473,True,0.04932971791053025
f1360616,2171,69.16215355208665,True,0.12904943934489715
f1192616,3053,97.26027397260275,True,0.14680935228757946
f1192516,3022,96.2726983115642,True,0.14902011119785002
f1192716,3069,97.76999044281618,True,0.14764100292712154
f1192416,2983,95.03026441541893,True,0.14922832209859765
f1192816,3130,99.71328448550494,False,0.1481352690176722
f1192916,3131,99.74514176489328,True,0.14832877660458343
f1194616,2034,64.79770627588404,True,0.09403761405703781
f1194316,1965,62.59955399808857,True,0.0919079941558205
f1544116,3100,98.75756610385473,False,0.14876144653414838
f1194516,112,3.5680152914941066,True,0.06056266519712086
f1544016,3094,98.56642242752469,True,0.1486667982586911
f1543916,2591,82.54221089518956,True,0.13541895420158034
f1543816,2470,78.68748008920038,True,0.13398249827300734
f1194416,2648,84.35807582032494,True,0.13645416221854603
f1194716,2670,85.05893596686843,True,0.13678216624362474
f1317016,211,6.7218859509397895,True,0.051707978916063296
f1194216,89,2.835297865562281,True,0.0664319963398601
f1267114,2955,94.1382605925454,False,0.1511797156487116
f1267014,2801,89.232239566741,False,0.15084083017298144
f1194116,35,1.1150047785919082,True,0.06263741634193024
f1193016,3025,96.36827014972921,True,0.147111215783162
f1266914,2647,84.32621854093661,False,0.1522189237144886
f1493116,1692,53.90251672507168,True,0.111125194164114
f1493016,1677,53.42465753424658,True,0.10916602998722959
f1360416,1307,41.63746416056069,True,0.11426871923025292
f1316716,2809,89.48709780184772,True,0.14263095661707417
f1193816,2232,71.10544759477541,True,0.13190368061612542
f1316616,2188,69.70372730168843,True,0.13283520043705718
f1316816,1408,44.85504937878305,True,0.09015004960542868
f1260118,0,0.0,False,0.10766015013654784
f1459914,1,0.03185727938834024,False,0.24896751609105783
f1460014,1,0.03185727938834024,False,0.2288324875985819
f1459714,1,0.03185727938834024,False,0.27561445681591995
f1460214,1,0.03185727938834024,False,0.32154867921109553
f1459814,1,0.03185727938834024,False,0.24030571607373394
f1460114,1,0.03185727938834024,False,0.3310945478379961
f1460314,1,0.03185727938834024,False,0.35574983995396664
f1459614,1,0.03185727938834024,False,0.23077195578951973
f1459314,1,0.03185727938834024,False,0.14143248501037037
f1460414,1,0.03185727938834024,False,0.3419028965116098
f1457214,1,0.03185727938834024,False,0.48314626595902316
f1459214,1,0.03185727938834024,False,0.2139006256635927
f1457314,1,0.03185727938834024,False,0.4392138168032184
f1459414,1,0.03185727938834024,False,0.31766803094962087
f1459014,1,0.03185727938834024,False,0.24740273548749026
f1457714,1,0.03185727938834024,False,0.20394942792467866
f1457814,1,0.03185727938834024,False,0.04946540932133003
f1457414,1,0.03185727938834024,False,0.08089177778341974
f1457614,1,0.03185727938834024,False,0.174559985008437
f1457514,1,0.03185727938834024,False,0.08356937061234412
f1459514,2,0.06371455877668047,False,0.1580250167396426
f1458914,1,0.03185727938834024,False,0.4540448973669776
f1457914,1,0.03185727938834024,False,0.0912417338647479
f1459114,1,0.03185727938834024,False,0.47797809906366173
f1255718,0,0.0,False,0.26348331330942565
f0679419,1,0.03185727938834024,False,0.1718798598197212
f0679319,1,0.03185727938834024,False,0.2979733596501703
f1255818,0,0.0,False,0.1746243373602883
f1198419,0,0.0,False,0.07582366538602259
f1408318,0,0.0,False,0.184813597753865
f1390618,0,0.0,False,0.14774590680347022
f1390718,0,0.0,False,0.17251083515475002
f0961918,0,0.0,False,0.05933873511133281
f1399919,0,0.0,False,0.11787929440891126
f0679519,1,0.03185727938834024,False,0.33584153303165476
f0524210,0,0.0,False,0.10939337594270364
f1489510,0,0.0,False,0.08283353072053776
f0482018,0,0.0,False,0.31145485898133735
f0482118,0,0.0,False,0.3378234110670578
f0490418,0,0.0,False,0.1847461294955466
f0490518,0,0.0,False,0.2824040307877103
f0490618,0,0.0,False,0.36651216205722903
f0490718,0,0.0,False,0.3721577479305705
f1201618,0,0.0,False,0.363934155588252
f1201718,0,0.0,False,0.3355153049373796
f0885718,0,0.0,False,0.30744595686643533
f0460218,0,0.0,False,0.32730437551032415
f1212918,0,0.0,False,0.3077343930392031
f1212818,0,0.0,False,0.32739130451338366
f1388418,0,0.0,False,0.14606460444781133
f1388318,0,0.0,False,0.15679885613919753
f1388218,0,0.0,False,0.15540660642935683
f1387818,0,0.0,False,0.1770434918810697
f0954118,0,0.0,False,0.03828928139331416
f0954218,0,0.0,False,0.039572550848867266
f0953718,0,0.0,False,0.08129898441244514
f0953818,0,0.0,False,0.033055116028394914
f0953918,0,0.0,False,0.03829042036455068
f0954018,0,0.0,False,0.05245102781063657
f1139318,0,0.0,False,0.040322202112430296
f1139218,0,0.0,False,0.07368240210999283
f1139118,0,0.0,False,0.1347522406271627
f0954318,0,0.0,False,0.12942710289417125
f0954418,0,0.0,False,0.030261732910471264
f1139418,0,0.0,False,0.013736589536615452
f0959618,0,0.0,False,0.14711017516469976
f0959718,0,0.0,False,0.09530682090125586
f0959818,0,0.0,False,0.014532895646217897
f0960718,0,0.0,False,0.15467296374063766
f0960818,0,0.0,False,0.03411027563822412
f0959318,0,0.0,False,0.15467296374063766
f0959418,0,0.0,False,0.03411027563822412
f0959518,0,0.0,False,0.01996654407389889
f0960918,0,0.0,False,0.1562882802378019
f0961018,0,0.0,False,0.08588609790176265
f04110,3119,99.36285441223319,False,0.03683458872982021
f04109,3061,97.51513220770946,False,0.06875297114969779
f04111,3133,99.80885632366996,False,0.09289648719874347
f04102,26,0.8282892640968461,False,0.0704595288149718
f04103,76,2.421153233513858,False,0.06625695763649331
f04113,3137,99.93628544122332,False,0.14494039262372152
f04107,2086,66.45428480407773,False,0.021266764085000858
f04108,2807,89.42338324307104,False,0.12333140263720338
f04112,3137,99.93628544122332,False,0.14494039262371541
f04104,177,5.638738451736222,False,0.053606217637245934
f04101,0,0.0,False,0.07969195232381476
f04106,1065,33.92800254858235,False,0.036778003274762515
f04105,450,14.335775724753105,False,0.04153852678999165
f1397315,0,0.0,False,0.181736279113276
f1248415,0,0.0,False,0.08612472280251407
f1533414,0,0.0,False,0.3141110085468372
f1214404,5,0.15928639694170119,False,0.09940015119794342
f0355304,5,0.15928639694170119,False,0.09275233893722913
f1397515,0,0.0,False,0.37008314421537
f1249014,0,0.0,False,0.376398024677427
f0002013,0,0.0,False,0.31365329418389043
f04439,0,0.0,False,0.3189799195263326
f1397615,0,0.0,False,0.2599691604937415
f1547015,0,0.0,False,0.3704774824408448
f04440,0,0.0,False,0.32899945876644515
f1248615,0,0.0,False,0.16045236711414354
f00023,0,0.0,False,0.21869107619532008
f1546915,0,0.0,False,0.14020860664784385
f1419320,3029,96.49569926728257,False,0.0828867648544788
f00012,0,0.0,False,0.18200420557694535
f1248115,0,0.0,False,0.05433692083992275
f0355404,3139,100.0,False,
f1214604,3139,100.0,False,
f1255913,0,0.0,False,0.2833629899960242
f1248715,0,0.0,False,0.17469575035247617
f00011,0,0.0,False,0.06452570304991297
f1248315,0,0.0,False,0.08949308761126007
f1248215,0,0.0,False,0.1660850494582926
f1397715,0,0.0,False,0.04350260274974191
f1419420,3139,100.0,False,
f1389120,1297,41.318891366677285,False,0.05754836310175314
f1389420,3139,100.0,False,
f1387410,0,0.0,False,0.24994549312383194
f1389220,3139,100.0,False,
f0972110,0,0.0,False,0.26036299035849614
f1406720,0,0.0,False,0.02024331706541828
f1389320,1947,62.02612296909844,False,0.08263022115458078
f1419520,3139,100.0,False,
f1387710,0,0.0,False,0.36973938863674133
f1387510,0,0.0,False,0.0714970099336848
f1387610,0,0.0,False,0.4248908602724735
f1558214,32,1.0194329404268876,False,0.17874068269543297
f0081176,65,2.0707231602421152,False,0.16244558975717918
f1526419,2102,66.96400127429118,False,0.14395764786260923
f1526519,2102,66.96400127429118,False,0.14230147053045325
f1526619,2102,66.96400127429118,False,0.23744690959101428
f1533814,32,1.0194329404268876,False,0.14547338913097077
f1498919,0,0.0,False,0.035791920162238686
f1533919,0,0.0,False,0.027820352458025818
f1498819,0,0.0,False,0.06224089469949769
f0884310,0,0.0,False,0.26203513182628885
f1467414,0,0.0,False,0.25933119465044013
f1167310,0,0.0,False,0.3581212205694936
f1525210,0,0.0,False,0.42633782345361915
f0524110,0,0.0,False,0.10223155018513669
f1525110,0,0.0,False,0.12784892390973296
f1492110,0,0.0,False,0.3001387981902254
f1351510,0,0.0,False,0.22288270849163624
f1461614,4,0.12742911755336095,False,0.26852720740184843
f1461914,4,0.12742911755336095,False,0.24652007173807072
f1461514,0,0.0,False,0.051605907723066606
f1461814,0,0.0,False,0.04529336617003805
f1409118,0,0.0,False,0.1748681679331323
f1483814,0,0.0,False,0.39932582989906895
f1460714,1,0.03185727938834024,False,0.07771463731979861
f1461014,1,0.03185727938834024,False,0.12338592289821187
f1460614,1,0.03185727938834024,False,0.10328981391297792
f1460914,1,0.03185727938834024,False,0.1481354004909107
f1460814,1,0.03185727938834024,False,0.1409837830531848
f1461114,1,0.03185727938834024,False,0.16818099278301205
f1463314,1,0.03185727938834024,False,0.22453857400471852
f1463414,1,0.03185727938834024,False,0.12205027193867148
f1461214,1,0.03185727938834024,False,0.47555176360970813
f1458314,1,0.03185727938834024,False,0.12887725091626412
f1458814,1,0.03185727938834024,False,0.3073769881313344
f1458114,1,0.03185727938834024,False,0.1415661060401501
f1458414,1,0.03185727938834024,False,0.38215186688624775
f1260518,0,0.0,False,0.029262663435525544
f0893018,0,0.0,False,0.06082670579769495
f0893118,0,0.0,False,0.04061123199938286
f1393518,0,0.0,False,0.09543313028804054
f1393218,0,0.0,False,0.08839838737913269
f1411118,0,0.0,False,0.0339328130430091
f1331318,0,0.0,False,0.12024464459735297
f1458514,1,0.03185727938834024,False,0.2580093089106504
f1458014,1,0.03185727938834024,False,0.22742812973853244
f1433714,0,0.0,False,0.3435680211142592
f1433814,0,0.0,False,0.43997300660964844
f1457014,1,0.03185727938834024,False,0.48428374539316166
f1457114,1,0.03185727938834024,False,0.49651495866469664
f1458714,1,0.03185727938834024,False,0.15794475137110778
f1462114,1,0.03185727938834024,False,0.2659871212569658
f1262518,0,0.0,False,0.12840660253793265
f1361418,0,0.0,False,0.07146523392625782
f1479118,0,0.0,False,0.0877896697325338
f1361818,0,0.0,False,0.11072143753797642
f00004,0,0.0,False,0.06478090146194858
f1456814,1,0.03185727938834024,False,0.3904429880590804
f1456714,1,0.03185727938834024,False,0.39261317267533574
f1455114,1,0.03185727938834024,False,0.42167060140005735
f1456514,1,0.03185727938834024,False,0.3975934647778464
f1454814,1,0.03185727938834024,False,0.42300984256260593
f1452114,1,0.03185727938834024,False,0.23524953055891062
f1456614,1,0.03185727938834024,False,0.31795212289993224
f1455014,1,0.03185727938834024,False,0.4042455107780059
f1456414,1,0.03185727938834024,False,0.399841603123884
f1452014,1,0.03185727938834024,False,0.33857368874940935
f1454714,1,0.03185727938834024,False,0.3919988042018051
f1456214,1,0.03185727938834024,False,0.3511852249132786
f1451814,1,0.03185727938834024,False,0.23483625749138304
f1456314,1,0.03185727938834024,False,0.3969361320102446
f1454614,1,0.03185727938834024,False,0.39736847074731646
f1453814,1,0.03185727938834024,False,0.24023897615264198
f1454914,1,0.03185727938834024,False,0.40919905559459013
f1451714,1,0.03185727938834024,False,0.3438628932356493
f1456114,1,0.03185727938834024,False,0.3575779662563596
f1455914,1,0.03185727938834024,False,0.3439176116987305
f1451914,1,0.03185727938834024,False,0.3362168645722048
f1453914,1,0.03185727938834024,False,0.2224698925155971
f1453514,1,0.03185727938834024,False,0.24878046665320563
f1452714,1,0.03185727938834024,False,0.2248790725289294
f1454514,1,0.03185727938834024,False,0.11886612023582974
f1454414,1,0.03185727938834024,False,0.15875351677753125
f1454214,1,0.03185727938834024,False,0.13160667711353347
f1456014,1,0.03185727938834024,False,0.40303922308664164
f1455614,1,0.03185727938834024,False,0.16135091008076782
f1455714,1,0.03185727938834024,False,0.05015512688693835
f1540014,1,0.03185727938834024,False,0.44127716548747714
f1456914,1,0.03185727938834024,False,0.29685426970909873
f1454114,1,0.03185727938834024,False,0.15760267327972546
f1452414,1,0.03185727938834024,False,0.2365807812751917
f1451614,1,0.03185727938834024,False,0.34142034375118163
f1452614,1,0.03185727938834024,False,0.21622546613271945
f1453314,1,0.03185727938834024,False,0.16271593954898794
f1454314,1,0.03185727938834024,False,0.1570568640139923
f1453614,1,0.03185727938834024,False,0.2235754580822849
f1453214,1,0.03185727938834024,False,0.18863035672558787
f1455814,1,0.03185727938834024,False,0.3508233489106548
f1453014,1,0.03185727938834024,False,0.16187897096965165
f1452514,1,0.03185727938834024,False,0.2189874101913469
f1454014,1,0.03185727938834024,False,0.1561113143270386
f1455414,1,0.03185727938834024,False,0.07301905106240437
f1455314,1,0.03185727938834024,False,0.15516873685734509
f1453714,1,0.03185727938834024,False,0.23945634653891693
f1541514,1,0.03185727938834024,False,0.3663811733422828
f1455514,1,0.03185727938834024,False,0.15230368979179562
f1452914,1,0.03185727938834024,False,0.19155151947813162
f1452314,1,0.03185727938834024,False,0.21196501041482652
f1453114,1,0.03185727938834024,False,0.18814128450236514
f1453414,1,0.03185727938834024,False,0.24700474499133646
f1451114,1,0.03185727938834024,False,0.48314626595902316
f1540114,1,0.03185727938834024,False,0.359311788324656
f1452214,1,0.03185727938834024,False,0.2168564950194211
f1451414,1,0.03185727938834024,False,0.5130231614376422
f1540214,1,0.03185727938834024,False,0.42112137144733924
f1452814,1,0.03185727938834024,False,0.18991745568462218
f0679219,1,0.03185727938834024,False,0.2615672203636715
f1451314,1,0.03185727938834024,False,0.4816791974027158
f1451514,1,0.03185727938834024,False,0.3171793999028619
f1455214,1,0.03185727938834024,False,0.14549001984801854
f1451214,1,0.03185727938834024,False,0.32128442829319165
f1539914,1,0.03185727938834024,False,0.4118391791419611
f1451014,1,0.03185727938834024,False,0.4624914334843367
f1437114,1,0.03185727938834024,False,0.10805541996212205
f1435914,1,0.03185727938834024,False,0.19086832140963023
f1437214,1,0.03185727938834024,False,0.13022635458334988
f1437514,1,0.03185727938834024,False,0.1549143352676787
f1437414,1,0.03185727938834024,False,0.14294419438402728
f1436314,1,0.03185727938834024,False,0.1891048128613217
f1436014,1,0.03185727938834024,False,0.19271558801331343
f1436214,1,0.03185727938834024,False,0.1944710211937717
f1437314,1,0.03185727938834024,False,0.1268853524122323
f1436414,1,0.03185727938834024,False,0.1682636434589672
f1436114,1,0.03185727938834024,False,0.19495611222870313
f1437614,1,0.03185727938834024,False,0.15667179660631714
f1442414,1,0.03185727938834024,False,0.13104915937917927
f1441214,1,0.03185727938834024,False,0.19653599066437116
f1441414,1,0.03185727938834024,False,0.1510941833100145
f1442214,1,0.03185727938834024,False,0.18943142363117374
f1439614,1,0.03185727938834024,False,0.2603952788774456
f1440014,1,0.03185727938834024,False,0.5337475434529916
f1439914,1,0.03185727938834024,False,0.416910088858375
f1439714,1,0.03185727938834024,False,0.257628041730041
f1435014,1,0.03185727938834024,False,0.27745085458492413
f1439814,1,0.03185727938834024,False,0.3379775138374181
f1435114,1,0.03185727938834024,False,0.39605778845209494
f1439514,1,0.03185727938834024,False,0.24366371576394577
f1434914,1,0.03185727938834024,False,0.2793545794421991
f1434814,1,0.03185727938834024,False,0.28777910447581506
f1437814,1,0.03185727938834024,False,0.48573619154122116
f1438114,1,0.03185727938834024,False,0.3930458019889167
f1437914,1,0.03185727938834024,False,0.48358605795416404
f1438014,1,0.03185727938834024,False,0.42502311321238406
f1435614,1,0.03185727938834024,False,0.1785330729001017
f1439014,1,0.03185727938834024,False,0.46216560587043826
f1439314,1,0.03185727938834024,False,0.3341292817636491
f1439214,1,0.03185727938834024,False,0.3559454018786265
f1437714,1,0.03185727938834024,False,0.48157781843349995
f1439114,1,0.03185727938834024,False,0.4098436085260335
f1435514,1,0.03185727938834024,False,0.18129057922587477
f1435214,1,0.03185727938834024,False,0.5101102985690475
f1438214,1,0.03185727938834024,False,0.3649821139284696
f1435714,1,0.03185727938834024,False,0.20387112017708026
f1435414,1,0.03185727938834024,False,0.2121957687380225
f1439414,1,0.03185727938834024,False,0.31996200727175234
f1435814,1,0.03185727938834024,False,0.24723669738462256
f1436614,1,0.03185727938834024,False,0.17376256687458208
f1436814,1,0.03185727938834024,False,0.204590910611713
f1438414,1,0.03185727938834024,False,0.09663810164216732
f1438914,1,0.03185727938834024,False,0.46034779935669046
f1438514,1,0.03185727938834024,False,0.09832197231589063
f1436714,1,0.03185727938834024,False,0.20218362566545273
f1436514,1,0.03185727938834024,False,0.18946069890578263
f1438614,1,0.03185727938834024,False,0.09349155794032843
f1434714,1,0.03185727938834024,False,0.2593081176170226
f1437014,1,0.03185727938834024,False,0.26995983037413923
f1436914,1,0.03185727938834024,False,0.21958284975812947
f1433914,1,0.03185727938834024,False,0.2509801417626613
f1438714,1,0.03185727938834024,False,0.11808827742415141
f1435314,1,0.03185727938834024,False,0.21551254903263065
f1438314,1,0.03185727938834024,False,0.08267203777753535
f1434014,1,0.03185727938834024,False,0.2809769804590104
f1434414,1,0.03185727938834024,False,0.5218769567850824
f1434114,1,0.03185727938834024,False,0.31038699401695846
f1438814,1,0.03185727938834024,False,0.2244095729102062
f1434214,1,0.03185727938834024,False,0.25228023913945613
f1434314,1,0.03185727938834024,False,0.37382544067590423
f1440814,1,0.03185727938834024,False,0.4599478626781615
f1441914,1,0.03185727938834024,False,0.4630495714754806
f1542414,1,0.03185727938834024,False,0.18784495997913422
f1542514,1,0.03185727938834024,False,0.40345967826747875
f1443214,1,0.03185727938834024,False,0.47849598379436065
f1443314,1,0.03185727938834024,False,0.480462133173936
f1322318,1,0.03185727938834024,False,0.2981564439482672
f1332118,1,0.03185727938834024,False,0.46009195857224
f1322418,1,0.03185727938834024,False,0.31828804747429434
f1332218,1,0.03185727938834024,False,0.476544966705973
f1443014,1,0.03185727938834024,False,0.5042069131609643
f1542014,1,0.03185727938834024,False,0.2553276316967626
f1440914,1,0.03185727938834024,False,0.13613618779234457
f1541714,1,0.03185727938834024,False,0.09400653776853565
f1443414,1,0.03185727938834024,False,0.2626560120626361
f1442014,1,0.03185727938834024,False,0.4054785573573264
f1442814,1,0.03185727938834024,False,0.2654053827949084
f1542114,1,0.03185727938834024,False,0.4476156038750278
f1542214,2,0.06371455877668047,False,0.3990164784525189
f1441314,1,0.03185727938834024,False,0.23464881246369448
f1541814,1,0.03185727938834024,False,0.384518563909166
f1541914,1,0.03185727938834024,False,0.37813981920769035
f1442314,1,0.03185727938834024,False,0.20633479350021647
f1442914,1,0.03185727938834024,False,0.33120877408879
f1542314,1,0.03185727938834024,False,0.1866687825642189
f1332318,1,0.03185727938834024,False,0.46729402367707024
f1443114,1,0.03185727938834024,False,0.25386135089416184
f1442514,1,0.03185727938834024,False,0.46268945972355435
f1441014,1,0.03185727938834024,False,0.3263953378934606
f1442714,1,0.03185727938834024,False,0.4294653789782592
f1441714,1,0.03185727938834024,False,0.365563478595648
f1441814,1,0.03185727938834024,False,0.41141746480588165
f1441114,1,0.03185727938834024,False,0.22610597123467172
f1441514,1,0.03185727938834024,False,0.41302193617606014
f1442614,1,0.03185727938834024,False,0.13393689844136408
f1441614,1,0.03185727938834024,False,0.1395568443835947
f1322518,1,0.03185727938834024,False,0.32305782612524164
f1442114,1,0.03185727938834024,False,0.2046458054981879
f1546519,601,19.14622491239248,False,0.1011986199395125
f1546116,1671,53.233513857916535,False,0.08595004110021044
f1546419,495,15.769353297228417,False,0.10628877530999278
f1546319,468,14.90920675374323,False,0.10061392760495433
f1546619,601,19.14622491239248,False,0.11329978359051131
f1546716,1726,54.98566422427525,False,0.08436570567038236
f1546219,522,16.629499840713603,False,0.09113066387799335
f1556619,1573,50.11150047785919,False,0.07353342496983391
f1555317,822,26.186683657215674,False,0.06215381362565749
f1546816,987,31.443134756291812,False,0.06726465242760497
f1443914,1,0.03185727938834024,False,0.16499378199490491
f1443814,1,0.03185727938834024,False,0.2533050388602799
f1443714,1,0.03185727938834024,False,0.19602388430025552
f1408417,1,0.03185727938834024,False,0.24938453357191617
f1556719,1528,48.67792290538388,False,0.059529781453350805
f1322618,1,0.03185727938834024,False,0.455100269764594
f1434514,1,0.03185727938834024,False,0.4550561792156083
f1440514,1,0.03185727938834024,False,0.5094290213449684
f1440314,1,0.03185727938834024,False,0.5015086693698155
f1440414,1,0.03185727938834024,False,0.5146806112631432
f1440214,1,0.03185727938834024,False,0.4879764643837521
f1440714,1,0.03185727938834024,False,0.514887874774706
f1440614,1,0.03185727938834024,False,0.42324690381524216
f1440114,1,0.03185727938834024,False,0.384518563909166
f1434614,1,0.03185727938834024,False,0.511914312840425
f1351310,0,0.0,False,0.2782052977804327
f1461414,3,0.09557183816502071,False,0.3258578468200903
f0978118,29,0.9238611022618668,False,0.42562422927816157
f1351410,0,0.0,False,0.3916986024244568
f1461314,2,0.06371455877668047,False,0.2950747813112512
f0977818,29,0.9238611022618668,False,0.2394254616821429
f0874510,0,0.0,False,0.26203513182628885
f1367600,5,0.15928639694170119,False,0.23335497445564166
f1491710,0,0.0,False,0.29981942399409384
f1367700,5,0.15928639694170119,False,0.2750644600019376
f1491810,0,0.0,False,0.3036961286814086
f1367900,5,0.15928639694170119,False,0.2816063019904963
f1492010,0,0.0,False,0.2997766625872903
f1367800,5,0.15928639694170119,False,0.21056689988494465
f1491910,0,0.0,False,0.2158588410597481
f1492310,0,0.0,False,0.30585673556063736
f0453010,0,0.0,False,0.046498940644062056
f0851600,5,0.15928639694170119,False,0.28982195671079064
f1491610,0,0.0,False,0.2997898827383821
f1492210,0,0.0,False,0.29848543506767594
f0017970,0,0.0,False,0.2455342320836821
f1139790,59,1.8795794839120739,False,0.03954218352938132
f1139860,0,0.0,False,0.24900978992508283
f1492510,0,0.0,False,0.27717232666334557
f1368000,5,0.15928639694170119,False,0.2812533681758189
f1492410,0,0.0,False,0.1995889014444994
f1244200,5,0.15928639694170119,False,0.19156793493748922
f1332610,0,0.0,False,0.22332888383317737
f1345710,0,0.0,False,0.2231898501286688
f1357710,0,0.0,False,0.18925120411853266
f1357610,0,0.0,False,0.1699045500650479
f1357410,0,0.0,False,0.08456027864504355
f1356410,0,0.0,False,0.08887563348768134
f1356210,0,0.0,False,0.04760729369216353
f1357510,0,0.0,False,0.0983131395476412
f1465210,0,0.0,False,0.22604951940880114
f1465710,0,0.0,False,0.2262347471773393
f1356010,0,0.0,False,0.30710803280640586
f1356810,0,0.0,False,0.17183744677284038
f1357010,0,0.0,False,0.18421849131079374
f1356110,0,0.0,False,0.42136761018478075
f1356910,0,0.0,False,0.089726075072618
f1356710,0,0.0,False,0.11061080536009246
f1356510,0,0.0,False,0.08319649042717589
f1357310,0,0.0,False,0.15807045424892965
f1356610,0,0.0,False,0.10825912922309008
f1485110,0,0.0,False,0.06594079864884243
f1356310,0,0.0,False,0.2266239846353975
f1357110,0,0.0,False,0.30021041572724017
f1485310,0,0.0,False,0.21171170169407508
f1485210,0,0.0,False,0.08253680958478335
f1357210,0,0.0,False,0.1694014570016479
f1358310,0,0.0,False,0.13387533270852953
f1358110,0,0.0,False,0.1350248831932241
f1358010,0,0.0,False,0.11501964663892705
f1357910,0,0.0,False,0.1359426615891161
f1485410,0,0.0,False,0.08915832964360026
f1357810,0,0.0,False,0.11031695238017315
f1358410,0,0.0,False,0.11252785197745527
f1358210,0,0.0,False,0.16175690438354293
f1358510,0,0.0,False,0.0600714022187455
f0453510,0,0.0,False,0.3302787453656536
f1332510,0,0.0,False,0.05156072078521291
f1345610,0,0.0,False,0.05500766442758907
f1465410,0,0.0,False,0.26076494519771437
f1466010,0,0.0,False,0.2080835209382592
f1332810,0,0.0,False,0.0558849859851716
f1465510,0,0.0,False,0.20823520557488412
f0453110,0,0.0,False,0.33486373265959446
f0453710,0,0.0,False,0.3358325388675716
f1345910,0,0.0,False,0.05497292377029187
f1465910,0,0.0,False,0.25278220017435205
f1433514,0,0.0,False,0.3601314737477665
f1433614,0,0.0,False,0.36006494380150295
f0454110,0,0.0,False,0.3299327831850658
f1166110,0,0.0,False,0.3857288652054538
f1488010,0,0.0,False,0.355213388009649
f1350110,0,0.0,False,0.2036407968233021
f1350210,0,0.0,False,0.1322085149207049
f1350310,0,0.0,False,0.23318371574762878
f1348610,0,0.0,False,0.17380292303911618
f1348710,0,0.0,False,0.19754502427129297
f1348810,0,0.0,False,0.15372009363172084
f1351010,0,0.0,False,0.052328272240148375
f1351110,0,0.0,False,0.04268280672852388
f1351210,0,0.0,False,0.07296248313775892
f1348910,0,0.0,False,0.14001464197913288
f1349010,0,0.0,False,0.07193312637850706
f1349110,0,0.0,False,0.17520664718052878
f1350510,0,0.0,False,0.3504388858733347
f1350610,0,0.0,False,0.36923121025036554
f1349510,0,0.0,False,0.06942554155684744
f1349610,0,0.0,False,0.14713866594272568
f1349710,0,0.0,False,0.12033166543146434
f1350710,0,0.0,False,0.2866876137355015
f1350810,0,0.0,False,0.25702730190206674
f1350910,0,0.0,False,0.3008073977287826
f1350410,0,0.0,False,0.3702630277813105
f1348310,0,0.0,False,0.22979922407584713
f1348410,0,0.0,False,0.25227383219688215
f1348510,0,0.0,False,0.20750869609359324
f1349810,0,0.0,False,0.07542477606487681
f1349210,0,0.0,False,0.20863930820857762
f1349310,0,0.0,False,0.1990036486694893
f1349410,0,0.0,False,0.1943815248531087
f1349910,0,0.0,False,0.06935304403306854
f1350010,0,0.0,False,0.10649464702082861
f1347310,0,0.0,False,0.4053582499926398
f1347410,0,0.0,False,0.09546394459412141
f1346810,0,0.0,False,0.28385304366532704
f1485710,0,0.0,False,0.4058430071842785
f1346910,0,0.0,False,0.05899948691241356
f1347010,0,0.0,False,0.32887936391988254
f1160410,0,0.0,False,0.27695567912781505
f1346310,0,0.0,False,0.3739471057569248
f1485610,0,0.0,False,0.4150320116047398
f1160810,0,0.0,False,0.43854013984041673
f1346610,0,0.0,False,0.2386180899915415
f1160310,0,0.0,False,0.3190565875246047
f1346210,0,0.0,False,0.060721257361783895
f1347110,0,0.0,False,0.16911996253188127
f0873910,0,0.0,False,0.4093541258562409
f0873810,0,0.0,False,0.21266503106475915
f1166510,0,0.0,False,0.3629582126703479
f1485510,0,0.0,False,0.43193950755317634
f0874110,0,0.0,False,0.15733991360184588
f1166610,0,0.0,False,0.38160838584105666
f0874310,0,0.0,False,0.35660743525476307
f1348110,0,0.0,False,0.1912421158475667
f1348210,0,0.0,False,0.20444356087362578
f0874010,0,0.0,False,0.14992214686422453
f0972610,0,0.0,False,0.3915865142272182
f1346010,0,0.0,False,0.22365869468767766
f0874210,0,0.0,False,0.3225150384868127
f1348010,0,0.0,False,0.20470156629713238
f1488610,0,0.0,False,0.06744791618033014
f1488810,0,0.0,False,0.4191508842585222
f1488710,0,0.0,False,0.37999684750532914
f1488310,0,0.0,False,0.22464662192403614
f1488510,0,0.0,False,0.3510945324450682
f0874610,0,0.0,False,0.41343922282574325
f0874410,0,0.0,False,0.37271838293572784
f0873710,0,0.0,False,0.26328095820974595
f1443514,0,0.0,False,0.3121804459249126
f1443614,0,0.0,False,0.3030312929321478
f1337210,0,0.0,False,0.14600625498848913
f1337310,0,0.0,False,0.14672117499992537
f1337410,0,0.0,False,0.14632337453222205
f1337510,0,0.0,False,0.14753399016885252
f1337610,0,0.0,False,0.1470815953992066
f1337710,0,0.0,False,0.15053042127990784
f1337810,0,0.0,False,0.15013722030140578
f1337910,0,0.0,False,0.15053123079563493
f1338010,0,0.0,False,0.15256670156235652
f1338110,0,0.0,False,0.15735458137827132
f1338210,0,0.0,False,0.1496653034763844
f1338310,0,0.0,False,0.1572673469680759
f1338410,0,0.0,False,0.15046347627163417
f1338510,0,0.0,False,0.15363959996110557
f1338610,0,0.0,False,0.14769691595832493
f1338710,0,0.0,False,0.15277206381735944
f1338810,0,0.0,False,0.14043425075597843
f1338910,0,0.0,False,0.15064754894237317
f1339010,0,0.0,False,0.13970316339626696
f1339110,0,0.0,False,0.14345006910458685
f1339210,0,0.0,False,0.14113653120298764
f1339310,0,0.0,False,0.1380639096134058
f1339410,0,0.0,False,0.13140401480051384
f1339510,0,0.0,False,0.1314780991876143
f1339610,0,0.0,False,0.12591652465044073
f1339710,0,0.0,False,0.1069915854459173
f1339810,0,0.0,False,0.11998071898499581
f1339910,0,0.0,False,0.104493366900634
f1391618,0,0.0,False,0.13153051633422733
f1391718,0,0.0,False,0.13041945942990862
f1332710,0,0.0,False,0.1483614817406198
f1345810,0,0.0,False,0.1501235918851755
f1488410,0,0.0,False,0.15189196145788839
f1346110,0,0.0,False,0.14989896437720956
f1465310,0,0.0,False,0.15341518356405667
f1465810,0,0.0,False,0.1583504168736231
f1346710,0,0.0,False,0.1577709793735099
f1347210,0,0.0,False,0.14481562229055922
f1358610,0,0.0,False,0.11799432519420626
f1353810,0,0.0,False,0.04794348624364921
f1351810,0,0.0,False,0.08251158095613745
f1354110,0,0.0,False,0.05122094356358127
f1355210,0,0.0,False,0.2034555327586905
f1354510,0,0.0,False,0.04800158957899007
f1355110,0,0.0,False,0.06434144891333697
f1353510,0,0.0,False,0.1414044348384867
f1354410,0,0.0,False,0.02030273842882192
f1352110,0,0.0,False,0.034515441862347694
f1484310,0,0.0,False,0.3811048288596264
f1352210,0,0.0,False,0.08525400631402179
f1351910,0,0.0,False,0.018998134455686426
f1353010,0,0.0,False,0.050763402784659316
f1351610,0,0.0,False,0.09988622015410137
f1352510,0,0.0,False,0.05654351728905658
f1354710,0,0.0,False,0.05029669370054817
f1352610,0,0.0,False,0.05129257713340719
f1352010,0,0.0,False,0.050541565700487866
f1484510,0,0.0,False,0.17599058015917607
f1484710,0,0.0,False,0.3786509837564174
f1355010,0,0.0,False,0.08167016997429404
f1354310,0,0.0,False,0.03148521339833338
f1353410,0,0.0,False,0.0427700388800932
f1484610,0,0.0,False,0.4527914957738851
f1484410,0,0.0,False,0.08393447003181567
f1352410,0,0.0,False,0.04584596585389504
f1354010,0,0.0,False,0.02944657084092006
f1351710,0,0.0,False,0.011314396644737823
f1353610,0,0.0,False,0.03243905325709886
f1484110,0,0.0,False,0.020136328940909675
f1353910,0,0.0,False,0.11439888341647494
f1354910,0,0.0,False,0.07193568928897441
f1353110,0,0.0,False,0.03048705640008535
f1484210,0,0.0,False,0.1139852412074078
f1353310,0,0.0,False,0.0651409546548405
f1354610,0,0.0,False,0.05114073451922707
f1352710,0,0.0,False,0.015410271370141443
f1352910,0,0.0,False,0.0319036480294058
f1352810,0,0.0,False,0.04419540147466353
f1353710,0,0.0,False,0.030096145342769973
f1352310,0,0.0,False,0.024751782704295427
f1354810,0,0.0,False,0.03693911626526027
f1149310,0,0.0,False,0.18393336860039383
f1149410,0,0.0,False,0.1850066357845217
f1149510,0,0.0,False,0.18902717997130575
f1149610,0,0.0,False,0.19145114505055205
f1149710,0,0.0,False,0.19652045903682713
f1149810,0,0.0,False,0.19790989737464543
f1149910,0,0.0,False,0.19665385924466713
f1150010,0,0.0,False,0.1958509794333394
f1150110,0,0.0,False,0.19111813346083306
f1150210,0,0.0,False,0.1913081991333161
f1150310,0,0.0,False,0.20090026850467207
f1150410,0,0.0,False,0.19719087330323906
f1150510,0,0.0,False,0.20259957897079264
f1150610,0,0.0,False,0.20116812742016793
f1150710,0,0.0,False,0.2066717819691343
f1150810,0,0.0,False,0.20576943882473736
f1150910,0,0.0,False,0.20402233331671413
f1151010,0,0.0,False,0.2056468869509459
f1151110,0,0.0,False,0.20453491139862562
f1151210,0,0.0,False,0.2053798314217734
f1151310,0,0.0,False,0.21095540504278945
f1151410,0,0.0,False,0.20867337135934988
f1151510,0,0.0,False,0.2123888119845985
f1151610,0,0.0,False,0.20697466959100277
f1151710,0,0.0,False,0.20239951226088243
f1151810,0,0.0,False,0.1973161837799652
f1164810,0,0.0,False,0.19317592641555978
f1164910,0,0.0,False,0.1984120528099926
f1391218,0,0.0,False,0.21759505874224558
f1391318,0,0.0,False,0.215353076604482
f0453310,0,0.0,False,0.20104236450032698
f0453910,0,0.0,False,0.20096975484250917
f1355910,0,0.0,False,0.1890345609380962
f1355810,0,0.0,False,0.04308267794922876
f1355410,0,0.0,False,0.05470896768029663
f1484810,0,0.0,False,0.029118790948546015
f1465110,0,0.0,False,0.18767606479181095
f1465610,0,0.0,False,0.18765404874396416
f1166310,0,0.0,False,0.20609396969356059
f1488210,0,0.0,False,0.20822556415533888
f1485010,0,0.0,False,0.013811548777605782
f1355310,0,0.0,False,0.021340936901438172
f1444314,0,0.0,False,0.2035486178612086
f1484910,0,0.0,False,0.02351988544030558
f1355610,0,0.0,False,0.024731001233082146
f1346510,0,0.0,False,0.21727755173270955
f1160610,0,0.0,False,0.18519224541934998
f1354210,0,0.0,False,0.10290031340539149
f0481318,0,0.0,False,0.14585573704657892
f0481518,0,0.0,False,0.09446819003359874
f0481718,0,0.0,False,0.127759571324163
f0513818,0,0.0,False,0.12802809693334452
f0513918,0,0.0,False,0.09620640176923094
f0514018,0,0.0,False,0.14064205369162283
f0514118,0,0.0,False,0.11173193087116969
f1019118,0,0.0,False,0.07633848093944376
f1019218,0,0.0,False,0.15810207502358128
f1019418,0,0.0,False,0.1288492647598526
f1120518,0,0.0,False,0.13593114602042833
f1120718,0,0.0,False,0.17958989939998055
f1211618,0,0.0,False,0.10607187250557108
f1211718,0,0.0,False,0.0811612666660867
f1254518,0,0.0,False,0.13834331020323828
f0670410,0,0.0,False,0.26862545166661017
f0670510,0,0.0,False,0.2751981837854914
f0670610,0,0.0,False,0.225300838640647
f0670710,0,0.0,False,0.22839296611774307
f0670810,0,0.0,False,0.23937328811380718
f0670910,0,0.0,False,0.23741784667331609
f0671010,0,0.0,False,0.26811303619148685
f0671110,0,0.0,False,0.22924491408156997
f0671210,0,0.0,False,0.06829571845051381
f0671310,0,0.0,False,0.08512923541086284
f0671410,0,0.0,False,0.15093481085187596
f0671510,0,0.0,False,0.2119741535993379
f0671610,0,0.0,False,0.154439478693067
f0671710,0,0.0,False,0.2260682500628322
f0671810,0,0.0,False,0.2028942145968788
f0671910,0,0.0,False,0.2901311646951112
f0672010,0,0.0,False,0.2397208742221878
f0672110,0,0.0,False,0.3069293713660001
f0672210,0,0.0,False,0.2834854073514531
f0672310,0,0.0,False,0.22380752730632728
f0672410,0,0.0,False,0.28327332234623415
f0672510,0,0.0,False,0.20036538079200655
f0672610,0,0.0,False,0.20002299381888494
f0672710,0,0.0,False,0.12235206142958972
f1164010,0,0.0,False,0.14871129779600825
f1164110,0,0.0,False,0.1077935503335589
f1164210,0,0.0,False,0.21696510303617028
f1164310,0,0.0,False,0.26539846956656893
f1334410,0,0.0,False,0.25921089763593186
f1334510,0,0.0,False,0.2649819509275941
f1334610,0,0.0,False,0.24904773200401567
f1334710,0,0.0,False,0.2674393523197434
f1334810,0,0.0,False,0.22128199644795
f1334910,0,0.0,False,0.241317798582908
f1335010,0,0.0,False,0.20289610941058137
f1335110,0,0.0,False,0.20852196228756303
f1335210,0,0.0,False,0.18580366195200398
f1335310,0,0.0,False,0.2008277353796092
f1335410,0,0.0,False,0.23823453124829122
f1335510,0,0.0,False,0.2520220759245908
f1335610,0,0.0,False,0.2577794918692445
f1335710,0,0.0,False,0.26077950371462616
f1335810,0,0.0,False,0.24354124617447473
f1335910,0,0.0,False,0.23792865829734514
f1336010,0,0.0,False,0.21775748286169838
f1336110,0,0.0,False,0.20519923064629866
f1336210,0,0.0,False,0.20010179551236779
f1336310,0,0.0,False,0.18444939091181325
f1336410,0,0.0,False,0.1935198400067713
f1336510,0,0.0,False,0.17888626542623254
f1336610,0,0.0,False,0.1856632657043401
f1336710,0,0.0,False,0.16902149823620918
f1336810,0,0.0,False,0.1557062468965546
f1336910,0,0.0,False,0.14434930626763037
f1337010,0,0.0,False,0.12915215048452447
f1337110,0,0.0,False,0.12894237678585826
f1391418,0,0.0,False,0.24052249886412982
f1391518,0,0.0,False,0.23598235320950026
f0851710,0,0.0,False,0.19810203179488747
f0852010,0,0.0,False,0.34418522228617815
f0852210,0,0.0,False,0.19586022894647195
f0852510,0,0.0,False,0.364831396081546
f1144310,0,0.0,False,0.1879436847208556
f1144410,0,0.0,False,0.1838031896096843
f1144510,0,0.0,False,0.20554759554645644
f1144610,0,0.0,False,0.20490233249806333
f1144710,0,0.0,False,0.23113367210333058
f1144810,0,0.0,False,0.21902657827853364
f1144910,0,0.0,False,0.1636641432381441
f1145010,0,0.0,False,0.1468813414638428
f1145110,0,0.0,False,0.18942616220682934
f1145210,0,0.0,False,0.1633734393615313
f1145310,0,0.0,False,0.2247331073125648
f1145410,0,0.0,False,0.22061143927681903
f1145510,0,0.0,False,0.32517766921658486
f1145610,0,0.0,False,0.3103708542973248
f1145710,0,0.0,False,0.37283646551732214
f1145810,0,0.0,False,0.36438840672277567
f1145910,0,0.0,False,0.36902112105651536
f1146010,0,0.0,False,0.3681218036435207
f1146310,0,0.0,False,0.2844416078671772
f1146410,0,0.0,False,0.2631460182918576
f1146510,0,0.0,False,0.21565064356224198
f1146610,0,0.0,False,0.18199326929094428
f1164410,0,0.0,False,0.20316844657965216
f1164510,0,0.0,False,0.2482479569261338
f1390818,0,0.0,False,0.24635371014283267
f1390918,0,0.0,False,0.23510140262493778
f1154510,0,0.0,False,0.278529696940535
f1154610,0,0.0,False,0.27972075785678363
f1154710,0,0.0,False,0.28264193256627484
f1154810,0,0.0,False,0.2824863319155016
f1154910,0,0.0,False,0.29630375004754084
f1155010,0,0.0,False,0.29457381700036317
f1155110,0,0.0,False,0.31001077312354697
f1155210,0,0.0,False,0.3093645401485633
f1155310,0,0.0,False,0.3073618767017753
f1155410,0,0.0,False,0.3234357522128688
f1155510,0,0.0,False,0.2988199451647348
f1155610,0,0.0,False,0.32952646624217513
f1155710,0,0.0,False,0.2998294962998376
f1155810,0,0.0,False,0.3310582506048166
f1155910,0,0.0,False,0.3123553468318135
f1156010,0,0.0,False,0.34377379780417167
f1156110,0,0.0,False,0.3438675926754069
f1156210,0,0.0,False,0.3843606757178474
f1156310,0,0.0,False,0.37095671794906243
f1156410,0,0.0,False,0.41348228782322377
f1156510,0,0.0,False,0.39824492676677264
f1156610,0,0.0,False,0.43691343098172375
f1156710,0,0.0,False,0.41169661946608416
f1156810,0,0.0,False,0.4490802254659377
f1156910,0,0.0,False,0.40052067823017223
f1157010,0,0.0,False,0.43591809385858443
f1165210,0,0.0,False,0.3636625583240541
f1165310,0,0.0,False,0.4095261543950164
f1340410,0,0.0,False,0.14974964904281643
f1340510,0,0.0,False,0.1472347982165823
f1340610,0,0.0,False,0.09971220900303852
f1340710,0,0.0,False,0.10274310880098095
f1340810,0,0.0,False,0.05393313153968657
f1340910,0,0.0,False,0.060198969912445846
f1341010,0,0.0,False,0.07421465765899739
f1341110,0,0.0,False,0.08451700820033643
f1341210,0,0.0,False,0.08205245599652898
f1341310,0,0.0,False,0.09372493121027456
f1341410,0,0.0,False,0.103735874486441
f1341510,0,0.0,False,0.11138228793876896
f1341610,0,0.0,False,0.07754269029522702
f1341710,0,0.0,False,0.08847154906318758
f1341810,0,0.0,False,0.056012420203874015
f1341910,0,0.0,False,0.09460467917958906
f1342010,0,0.0,False,0.0641063873570011
f1342110,0,0.0,False,0.11352834314873335
f1342210,0,0.0,False,0.07936882823271371
f1342310,0,0.0,False,0.13378798174595774
f1342410,0,0.0,False,0.09444127152538023
f1342510,0,0.0,False,0.14088458653564867
f1340010,0,0.0,False,0.1561117364688239
f1340110,0,0.0,False,0.15713345728533934
f1340210,0,0.0,False,0.1652788138631819
f1340310,0,0.0,False,0.16842703305059697
f1342610,0,0.0,False,0.07403207348004226
f1342710,0,0.0,False,0.14237538215387224
f1391818,0,0.0,False,0.17224421935142836
f1391918,0,0.0,False,0.156280446117786
f0852710,0,0.0,False,0.20598102212989844
f0853010,0,0.0,False,0.2682272860443039
f0853210,0,0.0,False,0.2053127288066301
f0853510,0,0.0,False,0.2395414053232102
f1146910,0,0.0,False,0.20939701997196306
f1147010,0,0.0,False,0.209631609382005
f1147110,0,0.0,False,0.21669147494944688
f1147210,0,0.0,False,0.21874529231122886
f1147310,0,0.0,False,0.22560337278456216
f1147410,0,0.0,False,0.222860316664819
f1147510,0,0.0,False,0.21431560191152163
f1147610,0,0.0,False,0.21669090110689998
f1147710,0,0.0,False,0.2148785845191532
f1147810,0,0.0,False,0.23004356065824838
f1147910,0,0.0,False,0.21193813242935583
f1148010,0,0.0,False,0.23425957239345985
f1148110,0,0.0,False,0.21852057004334036
f1148210,0,0.0,False,0.2414625615612194
f1148310,0,0.0,False,0.2325617186552308
f1148410,0,0.0,False,0.2512796648309143
f1148510,0,0.0,False,0.2260759176118332
f1148610,0,0.0,False,0.24645619719325615
f1148910,0,0.0,False,0.2656167746567705
f1149010,0,0.0,False,0.2972339598752345
f1149110,0,0.0,False,0.260281683584209
f1149210,0,0.0,False,0.2857551519506472
f1164610,0,0.0,False,0.26421925019149334
f1164710,0,0.0,False,0.27897679992218927
f1391018,0,0.0,False,0.23934750817271883
f1391118,0,0.0,False,0.2489291438827695
f0453210,0,0.0,False,0.23754532986932445
f0453810,0,0.0,False,0.2371052048072673
f1397918,0,0.0,False,0.19807606479807807
f1398018,0,0.0,False,0.20986592866153447
f1398118,0,0.0,False,0.4753375403781632
f1398218,0,0.0,False,0.47611676654619434
f1166210,0,0.0,False,0.22994866765446167
f1488110,0,0.0,False,0.22989623447178256
f1463710,0,0.0,False,0.218610953610741
f1346410,0,0.0,False,0.18526238724260363
f1160510,0,0.0,False,0.23224191354046977
f1342810,0,0.0,False,0.33453827173441386
f1342910,0,0.0,False,0.3343605334905774
f1343010,0,0.0,False,0.3464303989571597
f1343110,0,0.0,False,0.34649640619430516
f1343210,0,0.0,False,0.3533930107273564
f1343310,0,0.0,False,0.3547595538094771
f1343410,0,0.0,False,0.3672436954368346
f1343510,0,0.0,False,0.35550094561393497
f1343610,0,0.0,False,0.2717478307640024
f1343710,0,0.0,False,0.25761411422044583
f1343810,0,0.0,False,0.33793530488766843
f1343910,0,0.0,False,0.3191720537029375
f1344010,0,0.0,False,0.364365519681156
f1344110,0,0.0,False,0.36692068274606876
f1344210,0,0.0,False,0.41712669106575456
f1344310,0,0.0,False,0.4126681749682181
f1344410,0,0.0,False,0.4233325228759074
f1344510,0,0.0,False,0.4246469668721112
f1344610,0,0.0,False,0.41431780157724946
f1344710,0,0.0,False,0.42475252964126015
f1344810,0,0.0,False,0.4119744925041452
f1344910,0,0.0,False,0.40440109100534993
f1345010,0,0.0,False,0.33853554636740124
f1345110,0,0.0,False,0.3311265338821351
f1345210,0,0.0,False,0.27056832882554277
f1345310,0,0.0,False,0.2502527662429007
f1345410,0,0.0,False,0.23907704628352774
f1345510,0,0.0,False,0.2754768254950067
f1392618,0,0.0,False,0.41088408170893814
f1392718,0,0.0,False,0.4016585294730495
f1392418,0,0.0,False,0.33132626214205335
f1392518,0,0.0,False,0.33832163298556617
f1157110,0,0.0,False,0.32863321715025545
f1157210,0,0.0,False,0.32929558224567756
f1157310,0,0.0,False,0.33183535919837903
f1157410,0,0.0,False,0.3316377620311388
f1157510,0,0.0,False,0.34213552800233543
f1157610,0,0.0,False,0.3418515703055082
f1157710,0,0.0,False,0.35841547488536885
f1157810,0,0.0,False,0.35984733684385056
f1157910,0,0.0,False,0.3548344169017246
f1158010,0,0.0,False,0.36644660084825453
f1158110,0,0.0,False,0.35455175496813335
f1158210,0,0.0,False,0.3728583733938643
f1158310,0,0.0,False,0.35311512761894975
f1158410,0,0.0,False,0.37157624963360936
f1158510,0,0.0,False,0.35508951324177873
f1158610,0,0.0,False,0.3727180568858937
f1158710,0,0.0,False,0.3689619424192876
f1158810,0,0.0,False,0.3915330569054565
f1158910,0,0.0,False,0.38424108586557987
f1159010,0,0.0,False,0.4049478612913802
f1159110,0,0.0,False,0.3905551014829254
f1159210,0,0.0,False,0.4079860100698473
f1159310,0,0.0,False,0.3717195745900087
f1159410,0,0.0,False,0.38579422318033385
f1159510,0,0.0,False,0.3335310926390511
f1159610,0,0.0,False,0.35644354113656507
f1165410,0,0.0,False,0.3145326343941679
f1165510,0,0.0,False,0.32408823783811785
f1487610,0,0.0,False,0.07622663349368076
f1359110,0,0.0,False,0.21050857018057625
f1358710,0,0.0,False,0.3612930804655896
f1359210,0,0.0,False,0.3245946253589376
f1487410,0,0.0,False,0.3499492461712594
f1486410,0,0.0,False,0.22509983424111862
f1359310,0,0.0,False,0.18711562938545281
f1487710,0,0.0,False,0.06103272874614444
f1487510,0,0.0,False,0.04834049317462801
f1486010,0,0.0,False,0.22122257929935754
f1358910,0,0.0,False,0.09921076958119485
f1358810,0,0.0,False,0.3029990765827469
f1486310,0,0.0,False,0.1597393772457055
f0453610,0,0.0,False,0.37074114227046884
f0454210,0,0.0,False,0.37040660186470775
f1487210,0,0.0,False,0.2456800971448585
f1486810,0,0.0,False,0.29475451943166453
f1486510,0,0.0,False,0.24011065220615435
f1487010,0,0.0,False,0.25539945187085145
f1487110,0,0.0,False,0.31363697025390413
f1486610,0,0.0,False,0.13223585165901974
f1485910,0,0.0,False,0.1927534331607202
f1486910,0,0.0,False,0.49544101519656925
f1463510,0,0.0,False,0.3688446458965451
f1463810,0,0.0,False,0.37040046919075564
f1487310,0,0.0,False,0.18855764458954652
f1359010,0,0.0,False,0.44545600645369265
f1485810,0,0.0,False,0.22024791752092995
f1486710,0,0.0,False,0.25307938953634046
f1486110,0,0.0,False,0.11297338180842979
f1463910,0,0.0,False,0.41975890578518804
f1486210,0,0.0,False,0.2466476182235326
f1392218,0,0.0,False,0.3838223317332434
f1392318,0,0.0,False,0.3394450715634936
f1392018,0,0.0,False,0.3577128785427882
f1392118,0,0.0,False,0.3677873232802881
f1463610,0,0.0,False,0.4186390508656955
f1318318,0,0.0,False,0.3754658089597403
f1409218,0,0.0,False,0.2156946835241919
f1050618,0,0.0,False,0.38629045806792117
f1050718,0,0.0,False,0.3075877211647036
f1317518,0,0.0,False,0.3645978962164696
f0931118,0,0.0,False,0.00911757558768106
f1130818,0,0.0,False,0.10833249884639928
f1130918,0,0.0,False,0.10743643605096896
f1265318,0,0.0,False,0.17369649296893225
f1265418,0,0.0,False,0.06218918553909885
f1328318,0,0.0,False,0.08845860080908488
f1328618,0,0.0,False,0.14754348861005268
f1317318,0,0.0,False,0.3507460726955865
f1328218,0,0.0,False,0.13197420452384873
f1409418,0,0.0,False,0.0046012766206603075
f1317118,0,0.0,False,0.39187002322267717
f1317218,0,0.0,False,0.3767095530404775
f1197318,0,0.0,False,0.16587614802201497
f1197818,0,0.0,False,0.10748051925943979
f1264518,0,0.0,False,0.09557522537670989
f1264618,0,0.0,False,0.11166173914917617
f1317418,0,0.0,False,0.38313889342973445
f1197418,0,0.0,False,0.03044973500582911
f1197918,0,0.0,False,0.07758039009088982
f1318418,0,0.0,False,0.1206334463036129
f1266318,0,0.0,False,0.16150256030742566
f1266418,0,0.0,False,0.11583843950084505
f1318118,0,0.0,False,0.170965493360412
f1317918,0,0.0,False,0.065883396982517
f1526019,0,0.0,False,0.10323741250860559
f1409318,0,0.0,False,0.13751269772996372
f1409518,0,0.0,False,0.14332971308143683
f1049818,0,0.0,False,0.23952196163324807
f1050518,0,0.0,False,0.2955720146093284
f1131818,0,0.0,False,0.27114605454354546
f1131918,0,0.0,False,0.31439223714693215
f1317618,0,0.0,False,0.38937583859430575
f1525619,0,0.0,False,0.1101563935603533
f1259118,0,0.0,False,0.0474524301435238
f1328518,0,0.0,False,0.2238554640584562
f1328418,0,0.0,False,0.2976994463129341
f1414318,0,0.0,False,0.15475580662014868
f1414418,0,0.0,False,0.0788551250062126
f1414118,0,0.0,False,0.0497128587916639
f1414218,0,0.0,False,0.08157654246398882
f1413118,0,0.0,False,0.19079607450025207
f1413218,0,0.0,False,0.05841184426407005
f1413318,0,0.0,False,0.03086164419344009
f1413418,0,0.0,False,0.09319749640712473
f1412918,0,0.0,False,0.026105307483581457
f1413018,0,0.0,False,0.09383819675360872
f1413518,0,0.0,False,0.1328784339552103
f1413618,0,0.0,False,0.016647184637146137
f1422118,0,0.0,False,0.10885286515664946
f1422218,0,0.0,False,0.02705322722814401
f1413718,0,0.0,False,0.04335592405313101
f1413818,0,0.0,False,0.09364269937163384
f1413918,0,0.0,False,0.19518944028377147
f1414018,0,0.0,False,0.06384369611651308
f1421918,0,0.0,False,0.0478525607996558
f1422018,0,0.0,False,0.05987587271135836
f1481018,0,0.0,False,0.06582225571726685
f1481118,0,0.0,False,0.08973903972966715
f0931418,0,0.0,False,0.014899135153937041
f0931518,0,0.0,False,0.06914375865809691
f1213018,0,0.0,False,0.01680753473548263
f1213118,0,0.0,False,0.06735072703714082
f1266118,0,0.0,False,0.09456274478606298
f1266218,0,0.0,False,0.06284071293719905
f1265118,0,0.0,False,0.07785487208698495
f1265218,0,0.0,False,0.07395333377301604
f1266518,0,0.0,False,0.15555198465115988
f1266618,0,0.0,False,0.10734570161444672
f1213218,0,0.0,False,0.06456942488472721
f1213318,0,0.0,False,0.056231272675668555
f1265918,0,0.0,False,0.268793655959983
f1266018,0,0.0,False,0.10921070274923177
f0931918,0,0.0,False,0.16652428332905056
f0932018,0,0.0,False,0.025170318868212287
f0932418,0,0.0,False,0.0637190826080432
f0932518,0,0.0,False,0.06565559590790178
f1033718,0,0.0,False,0.06351442797389724
f1033818,0,0.0,False,0.06670712681256148
f1266718,0,0.0,False,0.09276195491606457
f1266818,0,0.0,False,0.06641408486847544
f0930718,0,0.0,False,0.0956651105404991
f0930818,0,0.0,False,0.06986007094809928
f0962318,0,0.0,False,0.045934113085322546
f0962418,0,0.0,False,0.06134285946212857
f0932618,0,0.0,False,0.263900653936523
f0932718,0,0.0,False,0.09548287438808789
f1033918,0,0.0,False,0.2633754380068686
f1034018,0,0.0,False,0.09738096913138312
f0941518,0,0.0,False,0.045205667951072816
f0941618,0,0.0,False,0.05924202025030867
f0941718,0,0.0,False,0.038048955207942346
f0941818,0,0.0,False,0.060610811416963194
f1481818,0,0.0,False,0.12429156554867962
f1481918,0,0.0,False,0.05843965990411819
f1531013,0,0.0,False,0.1147219230649099
f1531113,0,0.0,False,0.11005605487607234
f1531213,0,0.0,False,0.05906247889238307
f1531313,0,0.0,False,0.10007501582601125
f1531413,0,0.0,False,0.12447067145216997
f1531513,0,0.0,False,0.13603528879361945
f1531613,0,0.0,False,0.05312333600379861
f1423713,0,0.0,False,0.11636791354785007
f1482610,5,0.15928639694170119,False,0.0747703708441073
f1482710,5,0.15928639694170119,False,0.08496267395850453
f1555418,0,0.0,False,0.09814279080746013
f1555518,0,0.0,False,0.12795773680606815
f1482410,5,0.15928639694170119,False,0.11921644660542872
f1482510,5,0.15928639694170119,False,0.08734074962626176
f1400918,0,0.0,False,0.06980366186035589
f1401018,0,0.0,False,0.053215892980077895
f1555618,0,0.0,False,0.1058034543117085
f1555718,0,0.0,False,0.10401348816751228
f1397103,5,0.15928639694170119,False,0.034538266930907315
f1264718,0,0.0,False,0.05427462030251221
f1264818,0,0.0,False,0.07698816122983757
f1397203,5,0.15928639694170119,False,0.03309061768028691
f1265718,0,0.0,False,0.1082318440651506
f1265818,0,0.0,False,0.047687064565233056
f1264918,0,0.0,False,0.16493584621903423
f1265018,0,0.0,False,0.023853008657253948
f1396803,5,0.15928639694170119,False,0.10976510510969648
f1396503,5,0.15928639694170119,False,0.154439446189942
f1396403,5,0.15928639694170119,False,0.08292621464816986
f1396603,5,0.15928639694170119,False,0.08675429954485982
f1265518,0,0.0,False,0.2511076432205591
f1265618,0,0.0,False,0.08798893949701923
f1401118,0,0.0,False,0.22020986076061536
f1401218,0,0.0,False,0.08828483013590978
f1483018,0,0.0,False,0.07344629170082369
f1397003,5,0.15928639694170119,False,0.06702231913623247
f0931618,0,0.0,False,0.0938418741136706
f0931718,0,0.0,False,0.07822216013958005
f0931818,0,0.0,False,0.011658798438493732
f1532418,0,0.0,False,0.10219306727649406
f1396313,0,0.0,False,0.2693212962058669
f1559018,0,0.0,False,0.059098922684663664
f1396703,5,0.15928639694170119,False,0.11540111449261868
f1396903,5,0.15928639694170119,False,0.09739222612537332
f1480218,0,0.0,False,0.05038858740052776
f1480318,0,0.0,False,0.014973185066597753
f1483218,0,0.0,False,0.06044707121270256
f1458614,1,0.03185727938834024,False,0.171728748529214
f1458214,1,0.03185727938834024,False,0.36017475700290574
f1322810,0,0.0,False,0.18962911565122123
f1322910,0,0.0,False,0.2552799301398333
f1323010,0,0.0,False,0.06723239642954516
f1531713,0,0.0,False,0.1953441220813733
f1531813,0,0.0,False,0.17277963275513852
f1531913,0,0.0,False,0.14260026303576276
f1532013,0,0.0,False,0.12887861173426482
f1532113,0,0.0,False,0.08830502533959902
f1533113,0,0.0,False,0.186616612793718
f1533213,0,0.0,False,0.2435361716212372
f1533313,0,0.0,False,0.08563797879979668
f1555818,0,0.0,False,0.14825475726091614
f1555918,0,0.0,False,0.11302290526421528
f1366610,0,0.0,False,0.18767439938373606
f1395903,5,0.15928639694170119,False,0.1274717162913466
f1396103,5,0.15928639694170119,False,0.13874729128355345
f1556018,0,0.0,False,0.12659873313169584
f1556118,0,0.0,False,0.0626082054151095
f1396203,5,0.15928639694170119,False,0.19852758864649672
f1395810,0,0.0,False,0.1184998240802481
f1396003,5,0.15928639694170119,False,0.23943122539100295
f1480418,0,0.0,False,0.09963031855304114
f1480518,0,0.0,False,0.009851819740886199
f1480018,0,0.0,False,0.06998818939962964
f1480118,0,0.0,False,0.07081764033671228
f1481418,0,0.0,False,0.03168223213293422
f1481518,0,0.0,False,0.07122169919061763
f1479618,0,0.0,False,0.06620633472002602
f1479718,0,0.0,False,0.11385547590324423
f1481218,0,0.0,False,0.06487731341194107
f1481318,0,0.0,False,0.10228881887209779
f1479418,0,0.0,False,0.03178345030856884
f1479518,0,0.0,False,0.07252470077997997
f1480618,0,0.0,False,0.06233397022790102
f1480718,0,0.0,False,0.10612060103709381
f1480818,0,0.0,False,0.06061331858638322
f1480918,0,0.0,False,0.10025493444693043
f1482218,0,0.0,False,0.04042951192644121
f1482318,0,0.0,False,0.055941573832355256
f0978720,0,0.0,False,0.026759827561776663
f1479818,0,0.0,False,0.023978880041815167
f1479918,0,0.0,False,0.11475306193019633
f1481618,0,0.0,False,0.15098695709474177
f1481718,0,0.0,False,0.0754555295822406
f1249220,0,0.0,False,0.15380490111877754
f0979220,0,0.0,False,0.16203494135408053
f1538214,0,0.0,False,0.2150137534531192
f1538414,0,0.0,False,0.48979671881623454
f1540914,1,0.03185727938834024,False,0.3397473459701398
f1537614,0,0.0,False,0.29706026927093715
f1537814,0,0.0,False,0.21054911869689666
f1537914,0,0.0,False,0.3396333641316023
f1538114,0,0.0,False,0.35381118843813614
f1540514,1,0.03185727938834024,False,0.4512353348698564
f1541214,1,0.03185727938834024,False,0.3729718812346156
f1541614,1,0.03185727938834024,False,0.3084555690817247
f1540714,1,0.03185727938834024,False,0.30395830576822797
f1540414,1,0.03185727938834024,False,0.34966736838200335
f1540814,1,0.03185727938834024,False,0.3792977702584687
f1541014,1,0.03185727938834024,False,0.2661774809508132
f1541414,1,0.03185727938834024,False,0.446245702150406
f1541114,1,0.03185727938834024,False,0.20729124492574022
f1538314,0,0.0,False,0.1867442380437476
f1541314,1,0.03185727938834024,False,0.30899062606004174
f1538014,0,0.0,False,0.23506805770507413
f1537714,0,0.0,False,0.26298576180442346
f1544416,21,0.6690028671551449,False,0.12842038635210323
f1544316,624,19.878942338324308,False,0.07988168186429413
f1544216,26,0.8282892640968461,False,0.12450658281556522
f1539314,1,0.03185727938834024,False,0.35667510717543915
f1140618,0,0.0,False,0.029771368085419324
f1140718,0,0.0,False,0.025253718672802315
f1540314,1,0.03185727938834024,False,0.4426557966488527
f1533518,15,0.47785919082510353,True,0.1423668528799207
f1140818,0,0.0,False,0.05825383551316146
f1140518,0,0.0,False,0.03994328401592953
f0892918,0,0.0,False,0.020749546569440013
f0892018,0,0.0,False,0.01085049115254242
f0957118,0,0.0,False,0.013605179101520797
f1140418,0,0.0,False,0.01682986980483615
f0887618,0,0.0,False,0.01996654407389889
f0955218,0,0.0,False,0.014653131752845605
f1539714,1,0.03185727938834024,False,0.277204562056311
f0932318,0,0.0,False,0.008653261645578824
f1539414,1,0.03185727938834024,False,0.36003064395052864
f1539514,1,0.03185727938834024,False,0.36086568826674964
f1538714,0,0.0,False,0.45267138316023375
f1538614,0,0.0,False,0.2502570345666527
f1538514,0,0.0,False,0.44280936155654677
f1139619,0,0.0,False,0.41556561605813636
f1359419,0,0.0,False,0.428918666446524
f1359519,0,0.0,False,0.2690941303043268
f1539614,1,0.03185727938834024,False,0.2212939186329377
f1538814,0,0.0,False,0.4124475059656357
f1545019,1329,42.33832430710417,False,0.08435100506713397
f1545119,1383,44.058617394074545,False,0.06665476939420974
f1545219,606,19.305511309334182,False,0.08135051258108017
f1545319,541,17.23478814909207,False,0.09278236350676324
f1545419,491,15.641924179675057,False,0.08412177182407868
f1545519,451,14.367633004141446,False,0.11142540944789255
f1545619,2070,65.94456833386428,False,0.10120918706695418
f1556419,436,13.889773813316342,False,0.12185273913746958
f1556519,436,13.889773813316342,False,0.12092662785336428
f1544919,426,13.57120101943294,False,0.13157694238573409
f1545919,511,16.27906976744186,False,0.09101149344369794
f1546019,511,16.27906976744186,False,0.08861377501213896
f1545819,483,15.387065944568334,False,0.08356080545928171
f1545716,1929,61.452691940108316,False,
f1530418,5,0.15928639694170119,False,0.13659514485908858
f1530018,5,0.15928639694170119,False,0.03835643902524068
f1530218,5,0.15928639694170119,False,0.4982985044867862
f0957718,0,0.0,False,0.08913463399131923
f0957818,0,0.0,False,0.05393060175164355
f0970618,0,0.0,False,0.12893738790639622
f0958018,0,0.0,False,0.027136719181772816
f1031518,0,0.0,False,0.22141076715767702
f1031618,0,0.0,False,0.07750047321252343
f1529418,1,0.03185727938834024,False,0.07690529404418765
f1031318,0,0.0,False,0.08373403631539056
f1031418,0,0.0,False,0.0592276437027089
f1529518,1,0.03185727938834024,False,0.21261112849311703
f1529618,1,0.03185727938834024,False,0.19549754228776794
f1529718,1,0.03185727938834024,False,0.4786243625350264
f1529918,1,0.03185727938834024,False,0.12303800658077137
f1529818,1,0.03185727938834024,False,0.36914528977971267
f1530118,5,0.15928639694170119,False,0.2674705714103072
f1558117,42,1.3380057343102898,False,0.16263006228746174
f1533618,0,0.0,False,0.1877555065692858
f1529218,11,0.3504300732717426,False,0.38229991277771813
f1319119,5,0.15928639694170119,False,0.14714945386186015
f1554918,0,0.0,False,0.2029678922392393
f1419612,219,6.976744186046512,False,0.12063313770361571
f1419712,222,7.072316024211532,False,0.09672255037135691
f1419912,220,7.008601465434852,False,0.12606337222034542
f1420012,230,7.327174259318254,False,0.10127479388604209
f1420112,240,7.6457470532016565,False,0.11106577002489489
f1420312,249,7.932462567696719,False,0.1204742230828234
f1555118,22,0.7008601465434852,False,0.09389124927368739
f1420412,240,7.6457470532016565,False,0.11115031437089758
f1319219,72,2.293724115960497,False,0.05326765376380581
f1555018,22,0.7008601465434852,False,0.0446067064427063
f1530518,5,0.15928639694170119,False,0.27636166422216785
f1420719,7,0.22300095571838166,False,0.0872688577163033
f1530318,5,0.15928639694170119,False,0.1096929417953554
f1419812,220,7.008601465434852,False,0.10112325124341728
f1420212,220,7.008601465434852,False,0.11927964908888126
f1420612,234,7.454603376871615,False,0.08191960304817578
f1528918,1,0.03185727938834024,False,0.27843089861095843
f1528818,1,0.03185727938834024,False,0.15598061847142947
f1529018,3,0.09557183816502071,False,0.2979489403843489
f1529118,3,0.09557183816502071,False,0.29795892334239
f1529318,1,0.03185727938834024,False,0.48048043151605274
f1530718,93,2.9627269831156418,False,0.3353947272856216
f1530618,93,2.9627269831156418,False,0.040675051808694504
f1319319,72,2.293724115960497,False,0.1395930077180515
f1544619,0,0.0,False,0.1198182568063167
f1544819,0,0.0,False,0.159880781066326
f0890518,0,0.0,False,0.1501128668738484
f0890618,0,0.0,False,0.042039196244704445
f1420819,7,0.22300095571838166,False,0.15313975774697966
f1420512,241,7.677604332589997,False,0.07643231856245725
f1544719,0,0.0,False,0.15125534090216927
f1361618,0,0.0,False,0.10526342615611775
f1412018,0,0.0,False,0.048250023193933615
f0954718,0,0.0,False,0.037520058763982005
f1412118,0,0.0,False,0.11112110861778324
f1068618,0,0.0,False,0.0763603602925981
f0954818,0,0.0,False,0.07848830850801056
f1318918,0,0.0,False,0.05632245227774884
f0954618,0,0.0,False,0.06666129469284768
f1068518,0,0.0,False,0.04595723299306642
f1318818,0,0.0,False,0.01667679940560194
f1405618,0,0.0,False,0.031107762904101565
f1068718,0,0.0,False,0.025152135774486162
f1405818,0,0.0,False,0.06416843996493779
f1069018,0,0.0,False,0.061348052787034764
f1405718,0,0.0,False,0.04015984781302578
f1466718,0,0.0,False,0.07539522366611959
f1068918,0,0.0,False,0.023155628886045058
f1068418,0,0.0,False,0.046876650635070564
f1319018,0,0.0,False,0.027675680178854994
f0954518,0,0.0,False,0.06125643676012311
f0956818,0,0.0,False,0.0346315736144715
f1133718,0,0.0,False,0.028688361371526014
f0916318,0,0.0,False,0.08855771285432475
f1133918,0,0.0,False,0.03491024598376643
f0910318,0,0.0,False,0.0943985602338221
f1330918,0,0.0,False,0.06728098900362835
f0907718,0,0.0,False,0.10282965401542846
f1331118,0,0.0,False,0.044118336407968715
f0908318,0,0.0,False,0.0471531221018428
f1256118,0,0.0,False,0.023525930317741788
f1256018,0,0.0,False,0.026136799065198377
f0913918,0,0.0,False,0.02895949781070391
f0915118,0,0.0,False,0.0692279668304189
f0921518,0,0.0,False,0.025522305503994567
f0913318,0,0.0,False,0.06388281664004562
f0914518,0,0.0,False,0.07274730938600375
f0907118,0,0.0,False,0.05572887812518395
f0904718,0,0.0,False,0.041548138836880175
f1143718,0,0.0,False,0.11829801255867854
f0912718,0,0.0,False,0.04027878368565965
f1140018,0,0.0,False,0.043862876658462925
f1140118,0,0.0,False,0.05345795710910945
f1139918,0,0.0,False,0.05248559608711431
f1140218,0,0.0,False,0.040809879947696914
f1404418,0,0.0,False,0.03861783987755803
f0892218,0,0.0,False,0.041548138836880175
f1405118,0,0.0,False,0.05318437002475496
f1404218,0,0.0,False,0.0559689520629869
f1404618,0,0.0,False,0.04200392441911433
f1404718,0,0.0,False,0.05567059341651397
f0892318,0,0.0,False,0.04867491965562997
f1404318,0,0.0,False,0.05338239765438682
f1140318,0,0.0,False,0.06777297914057555
f1405418,0,0.0,False,0.02793175659844901
f1405018,0,0.0,False,0.04461055796882534
f0892518,0,0.0,False,0.03718851796810979
f1404818,0,0.0,False,0.06364511068462479
f0892418,0,0.0,False,0.023222373136339302
f1405218,0,0.0,False,0.07219981051677415
f1404518,0,0.0,False,0.032710851455980114
f1321219,2,0.06371455877668047,False,0.09792536429717594
f0891118,0,0.0,False,0.04907600061683112
f0887218,0,0.0,False,0.14649976806080311
f1321319,2,0.06371455877668047,False,0.10226300611021989
f1321619,2,0.06371455877668047,False,0.047870759082172976
f1404918,0,0.0,False,0.035883262143413495
f1411818,0,0.0,False,0.08030416146417609
f1138718,0,0.0,False,0.09023790293326127
f0891218,0,0.0,False,0.08296341590730531
f1411918,0,0.0,False,0.04148411137146338
f0891018,0,0.0,False,0.07659763684328375
f1138618,0,0.0,False,0.11787266303182865
f1139018,0,0.0,False,0.09909198145449984
f1321119,2,0.06371455877668047,False,0.18349921001257122
f1138818,0,0.0,False,0.06863906276373209
f1321519,2,0.06371455877668047,False,0.03326568468560332
f0887118,0,0.0,False,0.020298432621604655
f1138918,0,0.0,False,0.03111716858506329
f1405318,0,0.0,False,0.02200614195156234
f1321719,2,0.06371455877668047,False,0.04608446449999028
f0887018,0,0.0,False,0.057947728316217625
f1405518,0,0.0,False,0.046818623902300155
f1404118,0,0.0,False,0.06667241372622952
f0886918,0,0.0,False,0.15467296374063766
f1068018,0,0.0,False,0.04430976001356561
f1489210,0,0.0,False,0.12072781858249405
f1331218,0,0.0,False,0.03437741537099728
f1068218,0,0.0,False,0.021107208997631875
f1257518,0,0.0,False,0.06490995934178975
f1257618,0,0.0,False,0.039570545203240715
f0886818,0,0.0,False,0.15837276091363028
f1490319,0,0.0,False,0.14526385703055605
f1490219,0,0.0,False,0.11774861184718173
f1489919,0,0.0,False,0.217748907702589
f1490019,0,0.0,False,0.08762963213958096
f1490419,0,0.0,False,0.042923021575247126
f1464319,0,0.0,False,0.1719068625634625
f1490119,0,0.0,False,0.15340626837561339
f1490519,0,0.0,False,0.17743550769402372
f1489819,0,0.0,False,0.05532322339118065
f1464619,0,0.0,False,0.11886225418747162
f1464219,0,0.0,False,0.120211174626908
f1490619,0,0.0,False,0.0893024596275485
f1464519,0,0.0,False,0.14284228490723339
f1464119,0,0.0,False,0.1652258023757493
f1490719,0,0.0,False,0.10241257130412369
f1491519,0,0.0,False,0.2728809619923397
f1491419,0,0.0,False,0.27615827123975467
f1464419,0,0.0,False,0.0949683808214765
f1489719,0,0.0,False,0.29805822927939607
f1490819,0,0.0,False,0.05369493071212095
f1491119,0,0.0,False,0.311054943600762
f1491019,0,0.0,False,0.3232416610479841
f1489619,0,0.0,False,0.33538478761805385
f1491319,0,0.0,False,0.2601978122489064
f1490919,0,0.0,False,0.14329091221002604
f1465019,0,0.0,False,0.3471443064739619
f1491219,0,0.0,False,0.15559996297019055
f1464719,0,0.0,False,0.2910771667143797
f1464819,0,0.0,False,0.3406255825685849
f1464919,0,0.0,False,0.24533926153080032
f1366510,0,0.0,False,0.1253365617540337
f1331418,0,0.0,False,0.036545292024974765
f1366701,28,0.8920038228735266,False,0.20001958521203791
f1558018,0,0.0,False,0.05415722429616557
f1260418,0,0.0,False,0.10820497777328206
f1557818,0,0.0,False,0.04080856260174015
f1557918,0,0.0,False,0.08317504633781139
f1558918,0,0.0,False,0.051786477408178926
f1557118,0,0.0,False,0.06698005817579931
f1331518,0,0.0,False,0.14207681622556292
f1558818,0,0.0,False,0.04763200878046239
f1557318,0,0.0,False,0.03955779864404237
f1487810,0,0.0,False,0.2601899479235528
f1556918,0,0.0,False,0.025856901243033775
f1407618,0,0.0,False,0.08062065639222236
f1464010,0,0.0,False,0.12205178734369451
f1556318,0,0.0,False,0.06612287587854813
f1556218,0,0.0,False,0.07227132580352259
f1400418,0,0.0,False,0.08614274975885496
f1557518,0,0.0,False,0.0623537397472157
f1557618,0,0.0,False,0.03614481244150788
f1557718,0,0.0,False,0.07862127044080292
f0889518,0,0.0,False,0.03377098640407493
f0889618,0,0.0,False,0.04330705565332274
f0887718,0,0.0,False,0.11397043476436869
f0887818,0,0.0,False,0.027420984613694476
f0889718,0,0.0,False,0.05203431398653005
f0889818,0,0.0,False,
f1532718,0,0.0,False,0.06430355324916066
f1532818,0,0.0,False,0.07843936434381701
f0889918,0,0.0,False,0.037698076220816154
f0890018,0,0.0,False,0.022181551664881557
f1532918,0,0.0,False,0.06624707543047
f1533018,0,0.0,False,0.05504654768430216
f1557218,0,0.0,False,0.07704190706730542
f1262218,0,0.0,False,0.06312915924477187
f1318518,0,0.0,False,0.0231150647322512
f1557018,0,0.0,False,0.05800153070080351
f1068318,0,0.0,False,0.08307906206055769
f1067818,0,0.0,False,0.04457389424598326
f1261618,0,0.0,False,0.09071358797271367
f1257418,0,0.0,False,0.07944821583201891
f1557418,0,0.0,False,0.02545593527561871
f1261918,0,0.0,False,0.09035482796579015
f1262018,0,0.0,False,0.06410100976819309
f1261718,0,0.0,False,0.10672257350711091
f1261818,0,0.0,False,0.017187072748814692
f1318718,0,0.0,False,0.018613780667081137
f1489410,0,0.0,False,0.06308961236930524
f1525419,0,0.0,False,0.19366325431630646
f1525519,0,0.0,False,0.1400027657489357
f1525919,0,0.0,False,0.14330661983148038
f1525319,0,0.0,False,0.14874168836831803
f1525819,0,0.0,False,0.17551412760031426
f1321419,2,0.06371455877668047,False,0.1656494089781856
f1544519,0,0.0,False,0.19734117341941637
f1260218,0,0.0,False,0.08783477622621033
f1525719,0,0.0,False,0.16838695787219926
f1526119,0,0.0,False,0.15606014235394985
f1479318,0,0.0,False,0.10335013791724629
f1264218,0,0.0,False,0.08348902501589381
f1332019,2,0.06371455877668047,False,0.17178794921273774
f1321819,2,0.06371455877668047,False,0.1626995442481228
f1259918,0,0.0,False,0.11489165054036049
f1322119,2,0.06371455877668047,False,0.03287779138376747
f1258818,0,0.0,False,0.034902269601446156
f1260718,0,0.0,False,0.10001030192130306
f1411318,0,0.0,False,0.04607865100295305
f1263918,0,0.0,False,0.039183336639263794
f1410118,0,0.0,False,0.03160773167294696
f1403318,0,0.0,False,0.05568166920873914
f1260018,0,0.0,False,0.11060728741563548
f1260618,0,0.0,False,0.10183611587778725
f1411218,0,0.0,False,0.03601464506479265
f1259818,0,0.0,False,0.10568142116733942
f1421518,0,0.0,False,0.06166673470719571
f1558418,0,0.0,False,0.04715449961146209
f1393018,0,0.0,False,0.06606884961521073
f1421418,0,0.0,False,0.14643820315274297
f1403418,0,0.0,False,0.09200786226850607
f1262118,0,0.0,False,0.04706312084584518
f1259718,0,0.0,False,0.04987993202632406
f1411018,0,0.0,False,0.03973746878226751
f1261418,0,0.0,False,0.1027368182705819
f1411518,0,0.0,False,0.03872286694668017
f1318618,0,0.0,False,0.053443094347120745
f1067918,0,0.0,False,0.016969989623298164
f1258018,0,0.0,False,0.09606777418608468
f1393318,0,0.0,False,0.06456677621768214
f1558718,0,0.0,False,0.016534379387585937
f1257218,0,0.0,False,0.06713591009430453
f1263418,0,0.0,False,0.11414348751637692
f1411618,0,0.0,False,0.038462524134755566
f1261318,0,0.0,False,0.1027791490161224
f1411418,0,0.0,False,0.039640481858874796
f1361518,0,0.0,False,0.08217136950148173
f1258318,0,0.0,False,0.04379835468467924
f1479018,0,0.0,False,0.04190943186383091
f1525010,0,0.0,False,0.10717809405506924
f1263718,0,0.0,False,0.07489667566994711
f1420918,0,0.0,False,0.050187345736538026
f1260818,0,0.0,False,0.06245829010996102
f1264118,0,0.0,False,0.12825694910186833
f1257318,0,0.0,False,0.042845057541041474
f1257918,0,0.0,False,0.03971905863122179
f1556818,0,0.0,False,0.029694469303482834
f1400018,0,0.0,False,0.05656404730703462
f1393118,0,0.0,False,0.10174048240308654
f1361918,0,0.0,False,0.08666192791496609
f1143918,0,0.0,False,0.07970481923555973
f1489310,0,0.0,False,0.026309452616033544
f1409718,0,0.0,False,0.091902329048986
f1258218,0,0.0,False,0.10756921834388544
f1489010,0,0.0,False,0.15039360399995894
f1489110,0,0.0,False,0.04297587117652243
f1258918,0,0.0,False,0.11603981089805504
f1558618,0,0.0,False,0.07122194641566817
f1393618,0,0.0,False,0.10426277016051218
f1466518,0,0.0,False,0.06704770805286372
f1331718,0,0.0,False,0.0557061642858674
f1259518,0,0.0,False,0.05429089952607308
f1258718,0,0.0,False,0.11955793780819723
f1410918,0,0.0,False,0.0709286596935842
f1466418,0,0.0,False,0.06817374177348745
f1322019,2,0.06371455877668047,False,0.2401835704755571
f1407418,0,0.0,False,0.1101746913926202
f1263318,0,0.0,False,0.03364453629951675
f1259018,0,0.0,False,0.10482204385919704
f1263618,0,0.0,False,0.0908123159450394
f1411718,0,0.0,False,0.01845351745950638
f1263518,0,0.0,False,0.06327891510873837
f13156,6,0.19114367633004142,False,0.06731357349814365
f1260318,0,0.0,False,0.0633873826341921
f0479318,0,0.0,False,0.19821948246957757
f0479518,0,0.0,False,0.07266218495497304
f0479718,0,0.0,False,0.057731069108813836
f0511418,0,0.0,False,
f0511518,0,0.0,False,0.065168557781212
f0511618,0,0.0,False,0.10216753031521646
f0511718,0,0.0,False,0.12990333935538856
f1015518,0,0.0,False,0.1484348543309045
f1015618,0,0.0,False,0.09570890225020816
f1015818,0,0.0,False,0.14321812988996077
f1119318,0,0.0,False,0.08805597300298695
f1119518,0,0.0,False,0.10683741266174684
f1210818,0,0.0,False,0.13862595436112976
f1210918,0,0.0,False,0.1477565459648359
f1254118,0,0.0,False,0.091084520172051
f0982618,0,0.0,False,0.3043316976371538
f0982818,0,0.0,False,0.27504175582966445
f0983018,0,0.0,False,0.33791274496769524
f1018518,0,0.0,False,0.12170237749351374
f1018618,0,0.0,False,0.10686123249426704
f1018818,0,0.0,False,0.07294165783373471
f1116618,0,0.0,False,0.3040471894191853
f1116818,0,0.0,False,0.13992790951149128
f1253118,0,0.0,False,0.1965782448588426
f1075918,0,0.0,False,0.16421519435781648
f1076018,0,0.0,False,0.28934063256555215
f1076118,0,0.0,False,0.31824420987735996
f1076218,0,0.0,False,0.2392659200466797
f1209018,0,0.0,False,0.21651062931896725
f1209118,0,0.0,False,0.02392197340923876
f1403518,0,0.0,False,0.1300376083255109
f1403618,0,0.0,False,0.04904115636366477
f0890918,0,0.0,False,0.07094202267543134
f1403118,0,0.0,False,0.08281522384088026
f1331818,0,0.0,False,0.09283218218708635
f1331918,0,0.0,False,0.11395071982506227
f0957218,0,0.0,False,0.04654224331340227
f0957418,0,0.0,False,0.0708744126366828
f0956718,0,0.0,False,0.0990833470116896
f1403218,0,0.0,False,0.08682488956091777
f0956618,0,0.0,False,0.07044991484255161
f1256918,0,0.0,False,0.06007023080347099
f0892118,0,0.0,False,0.04695275456776357
f1331018,0,0.0,False,0.03605855153802907
f1264018,0,0.0,False,0.05889039688041296
f1412718,0,0.0,False,0.04078672083185366
f1321919,2,0.06371455877668047,False,0.09261033118364255
f1256518,0,0.0,False,0.10493765762247946
f1261218,0,0.0,False,0.0717277958503105
f1410018,0,0.0,False,0.06012203394825178
f1259618,0,0.0,False,0.05224799798285518
f0887918,0,0.0,False,0.040981543358418054
f0888018,0,0.0,False,0.07920607614339231
f1361318,0,0.0,False,0.05751948333706494
f1256418,0,0.0,False,0.13099615374249074
f0957518,0,0.0,False,0.08052265636066545
f0957618,0,0.0,False,0.09174474552765376
f1256618,0,0.0,False,0.04355193874621487
f1256718,0,0.0,False,0.05235173923437721
f1367501,6,0.19114367633004142,False,0.19624369429213326
f1259318,0,0.0,False,0.12784264658578176
f1530918,3,0.09557183816502071,False,0.17199403028446197
f1558318,0,0.0,False,0.01999412960680847
f1527418,0,0.0,False,0.03174295778339688
f0889018,0,0.0,False,0.11360574181670274
f0889118,0,0.0,False,0.037949881865277174
f0889218,0,0.0,False,0.14454650088138674
f0889418,0,0.0,False,0.11519152422220712
f1530818,3,0.09557183816502071,False,0.16769999601387875
f1257718,0,0.0,False,0.03250141145111821
f1173918,0,0.0,False,0.03029749471096444
f1174018,0,0.0,False,0.1291850280838941
f1174118,0,0.0,False,0.13987628288135706
f1256818,0,0.0,False,0.049300528503178245
f1257118,0,0.0,False,0.059826447360973735
f1259418,0,0.0,False,0.050947205078569424
f1392918,0,0.0,False,0.10485405043877463
f1393718,0,0.0,False,0.07397767715876181
f1392818,0,0.0,False,0.12010465587566645
f1258418,0,0.0,False,0.12771664850948117
f1400718,0,0.0,False,0.12072381364225479
f1259218,0,0.0,False,0.12356805790094089
f1409618,0,0.0,False,0.051219653820256436
f1558518,0,0.0,False,0.0167939950604557
f1257018,0,0.0,False,0.02881924448317494
f1257818,0,0.0,False,0.03832237355060766
f1361718,0,0.0,False,0.06572013814129513
f1474618,0,0.0,False,0.12257646739559439
f1474718,0,0.0,False,0.12161315005951685
f1471618,0,0.0,False,0.044229927873177505
f1471718,0,0.0,False,0.04398590173048312
f1471818,0,0.0,False,0.157191032915856
f1471918,0,0.0,False,0.15717597793734764
f1472018,0,0.0,False,0.08437835767629168
f1468018,0,0.0,False,0.030001405123554217
f1472118,0,0.0,False,0.08493739886149948
f1472218,0,0.0,False,0.17162395077873283
f1472318,0,0.0,False,0.1721288817724086
f1472518,0,0.0,False,0.20267878757517027
f1472418,0,0.0,False,0.2042214930065273
f1469518,0,0.0,False,0.07237612817513382
f1469618,0,0.0,False,0.15945188966899343
f1469718,0,0.0,False,0.07387862143776332
f1467918,0,0.0,False,0.1412866420644297
f1469818,0,0.0,False,0.08325378755243103
f1470218,0,0.0,False,0.07442096223598434
f1470318,0,0.0,False,0.08022684339778702
f1471018,0,0.0,False,0.018832762793300654
f1471118,0,0.0,False,0.04988154279058749
f1471218,0,0.0,False,0.07077671326267533
f1471318,0,0.0,False,0.07646452796821157
f1471418,0,0.0,False,0.09001254223625534
f1471518,0,0.0,False,0.08163660684717147
f1473418,0,0.0,False,0.05206525818067505
f1473518,0,0.0,False,0.05179236136106024
f1472618,0,0.0,False,0.12354281033985143
f1472718,0,0.0,False,0.12526010011641317
f1473618,0,0.0,False,0.07969188866420567
f1473718,0,0.0,False,0.0789416334444345
f1474018,0,0.0,False,0.10874594911925471
f1474118,0,0.0,False,0.1094991419846995
f1474418,0,0.0,False,0.2670871969869998
f1474518,0,0.0,False,0.27164512899124393
f1468918,0,0.0,False,0.15420780622781452
f1470018,0,0.0,False,0.11430639847203979
f1470118,0,0.0,False,0.20909071773577637
f1470418,0,0.0,False,0.09810363000725814
f1470518,0,0.0,False,0.2000049672999195
f1470618,0,0.0,False,0.16580094906692658
f1470718,0,0.0,False,0.12137099255008102
f1470818,0,0.0,False,0.09155846172700595
f1470918,0,0.0,False,0.08772971966217784
f1469918,0,0.0,False,0.14595411220787727
f1474218,0,0.0,False,0.13256433353785577
f1474318,0,0.0,False,0.12977985293461752
f1469018,0,0.0,False,0.1541823010248037
f1472818,0,0.0,False,0.11592777129857924
f1472918,0,0.0,False,0.11488983340264625
f1469418,0,0.0,False,0.15300771537705932
f1469318,0,0.0,False,0.15420780622781452
f1473018,0,0.0,False,0.09462157166929253
f1473118,0,0.0,False,0.09527864798562642
f1388018,0,0.0,False,0.15069126729555415
f1473218,0,0.0,False,0.12347005854450971
f1473318,0,0.0,False,0.11836765991466186
f1388118,0,0.0,False,0.1510373907049796
f1387918,0,0.0,False,0.14949194285124123
f1473818,0,0.0,False,0.16400693233199673
f1473918,0,0.0,False,0.1681428038433579
f1109318,0,0.0,False,0.35858475104128684
f1109518,0,0.0,False,0.24096981338059312
f1120818,0,0.0,False,0.3588395279865731
f1120918,0,0.0,False,0.3739256533194785
f1121118,0,0.0,False,0.3586017339197355
f1121218,0,0.0,False,0.297038299481317
f1121318,0,0.0,False,0.2146660703031536
f1121418,0,0.0,False,0.26973807830523955
f1127718,0,0.0,False,0.07650979595326902
f1127818,0,0.0,False,0.14649534184656546
f1127918,0,0.0,False,0.1509930912358493
f1186418,0,0.0,False,0.22439366375370187
f1186518,0,0.0,False,0.3229965322532434
f1186618,0,0.0,False,0.3750350373978926
f1186718,0,0.0,False,0.3700782830747762
f1204418,0,0.0,False,0.3572980675490505
f1204518,0,0.0,False,0.22051398424280644
f1250818,0,0.0,False,0.22009112117977134
f0478818,0,0.0,False,0.1618804406915174
f0479018,0,0.0,False,0.14152398614379902
f0479218,0,0.0,False,0.05345684774441475
f1014918,0,0.0,False,0.09539253013754713
f1015018,0,0.0,False,0.06327880739666496
f1015218,0,0.0,False,0.07755288178609383
f1119018,0,0.0,False,0.13864837202241326
f1119218,0,0.0,False,0.1398562190727555
f1254018,0,0.0,False,0.07035867477222653
f0510818,0,0.0,False,0.06903055117960818
f0510918,0,0.0,False,0.10460819430304237
f0511018,0,0.0,False,0.14551651976758886
f0511118,0,0.0,False,0.11043451444483617
f1210618,0,0.0,False,0.07185054880754986
f1210718,0,0.0,False,0.06054327377412554
f0461018,0,0.0,False,0.27183909738266626
f0461318,0,0.0,False,0.15064327580243445
f0461418,0,0.0,False,0.14556972027864404
f0461518,0,0.0,False,0.06967217892744601
f0461718,0,0.0,False,0.1245793537344415
f0491018,0,0.0,False,0.10317154357014673
f0491118,0,0.0,False,0.1982365312045571
f0491218,0,0.0,False,0.295910643089524
f0491318,0,0.0,False,0.25596636074157963
f0886018,0,0.0,False,0.31055657534612957
f1106918,0,0.0,False,0.2745270026242931
f1107118,0,0.0,False,0.14014168917036957
f1127318,0,0.0,False,0.05264243593698127
f1127418,0,0.0,False,0.15183991799740537
f1127518,0,0.0,False,0.07464781112544504
f1201818,0,0.0,False,0.2188768375143185
f1201918,0,0.0,False,0.06020054839893894
f1250018,0,0.0,False,0.06458847281913271
f0994718,0,0.0,False,0.0579324422907888
f0994918,0,0.0,False,0.08140718640861658
f0995018,0,0.0,False,0.012462432479234667
f0995118,0,0.0,False,0.032811057081019036
f0995218,0,0.0,False,0.0767601659074471
f0995318,0,0.0,False,0.05496509424962562
f0995518,0,0.0,False,0.05166717399617098
f1074918,0,0.0,False,0.05532797829043803
f1075018,0,0.0,False,0.10429710451501692
f1075118,0,0.0,False,0.041705618447823854
f1075218,0,0.0,False,0.045649303698244666
f1107218,0,0.0,False,0.07193225163353142
f1107418,0,0.0,False,0.08133598451442646
f1202018,0,0.0,False,0.0221780259027324
f1202118,0,0.0,False,0.05241929316429203
f0481818,0,0.0,False,0.3855724025017354
f0490018,0,0.0,False,0.35857606351335775
f0490118,0,0.0,False,0.42152734445522766
f0514418,0,0.0,False,0.08529975657233892
f0514518,0,0.0,False,0.2251313539819012
f0514618,0,0.0,False,0.28106868209357894
f0514718,0,0.0,False,0.31504466770253653
f1211818,0,0.0,False,0.38165207166062876
f1211918,0,0.0,False,0.353015819717806
f0481918,0,0.0,False,0.21954260615202742
f0515018,0,0.0,False,0.20788534707959513
f0515118,0,0.0,False,0.21302195636628288
f0515218,0,0.0,False,0.231851678888781
f0515318,0,0.0,False,0.24775062111849627
f1212018,0,0.0,False,0.2263354953678135
f1212118,0,0.0,False,0.10605181282698316
f1172418,0,0.0,False,0.28550299045117117
f1172518,0,0.0,False,0.2860749108651702
f1172618,0,0.0,False,0.3001466976828738
f1172918,0,0.0,False,0.28661268721600885
f1173018,0,0.0,False,0.2482225975649404
f1173118,0,0.0,False,0.16493989818647997
f1173218,0,0.0,False,0.22327666848804917
f1173318,0,0.0,False,0.20208815532139857
f1186918,0,0.0,False,0.16517326827753512
f1187018,0,0.0,False,0.26761320405098116
f1187118,0,0.0,False,0.30404331140682034
f1187218,0,0.0,False,0.3058089700616583
f1204618,0,0.0,False,0.28612300245710465
f1204718,0,0.0,False,0.20462220928368563
f1250918,0,0.0,False,0.1571555828560841
f0461818,0,0.0,False,0.323497002145166
f0462118,0,0.0,False,0.32685893065814625
f0462218,0,0.0,False,0.3111143895977341
f0462318,0,0.0,False,0.21746370242264887
f0462518,0,0.0,False,0.32035797391512444
f0886118,0,0.0,False,0.3517173178111957
f1107818,0,0.0,False,0.3248489429645794
f1108018,0,0.0,False,0.2368308177245802
f1250318,0,0.0,False,0.18374560378179033
f0491618,0,0.0,False,0.19189407582041715
f0491718,0,0.0,False,0.30189682333137
f0491818,0,0.0,False,0.3671994076377116
f0491918,0,0.0,False,0.3651419370844824
f1203418,0,0.0,False,0.3350833279295938
f1203518,0,0.0,False,0.2460515735522694
f1200618,0,0.0,False,0.16108014910898213
f1200718,0,0.0,False,0.1579132941310251
f1200818,0,0.0,False,0.15118548540602772
f1201218,0,0.0,False,0.03964078582092255
f1201318,0,0.0,False,0.05357327688974294
f1201418,0,0.0,False,0.05798541062192202
f1201518,0,0.0,False,0.031470176331007425
f1250218,0,0.0,False,0.04925639811770305
f1199618,0,0.0,False,0.27071779018681247
f1199718,0,0.0,False,0.27352067484442727
f1199818,0,0.0,False,0.31126809224009133
f1200218,0,0.0,False,0.13588582762368331
f1200318,0,0.0,False,0.06250540056346625
f1200418,0,0.0,False,0.12186011341844102
f1200518,0,0.0,False,0.12191859248327298
f1202218,0,0.0,False,0.10191149117281825
f1202318,0,0.0,False,0.1912084514485728
f1202418,0,0.0,False,0.2925844075701735
f1202518,0,0.0,False,0.2573882026833541
f1202618,0,0.0,False,0.22627853051251304
f1202718,0,0.0,False,0.04056592177687742
f1250118,0,0.0,False,0.06337393947012249
f1202818,0,0.0,False,0.05510339487342521
f1202918,0,0.0,False,0.12736436184108788
f1203018,0,0.0,False,0.1490468157089312
f1203118,0,0.0,False,0.07187268080120915
f1203218,0,0.0,False,0.03515360052878352
f1203318,0,0.0,False,0.019223438811562136
f1467818,0,0.0,False,0.19940289459894386
f1468518,0,0.0,False,0.3154572334818588
f1468418,0,0.0,False,0.30211885685472833
f1468618,0,0.0,False,0.30288083903723617
f1468818,0,0.0,False,0.30211759904577457
f1201118,0,0.0,False,0.08162486453009514
f1200118,0,0.0,False,0.147563086255845
f1467718,0,0.0,False,0.3961868874128499
f1467618,0,0.0,False,0.19796645880764058
f1121618,0,0.0,False,0.23750832401180377
f1468718,0,0.0,False,0.19976019768451095
f1468118,0,0.0,False,0.32136945029296593
f0478518,0,0.0,False,0.3284483288057401
f1468218,0,0.0,False,0.31169026539215217
f1467518,0,0.0,False,0.40565991631649695
f1468318,0,0.0,False,0.19980833124622008
f1256218,0,0.0,False,0.1284893867568452
f1256318,0,0.0,False,0.09676531971087897
f0888118,0,0.0,False,0.05468965366720865
f0888218,0,0.0,False,0.10283836903472791
f0888318,0,0.0,False,0.032225637017378524
f1067718,0,0.0,False,0.020584147143072547
f1466618,0,0.0,False,0.04755740822857572
f0460318,0,0.0,False,0.3445586619544152
f1261518,0,0.0,False,0.07529325615174354
f1121518,0,0.0,False,0.3154572334818588
f1168418,0,0.0,False,0.2953948397646015
f1168518,0,0.0,False,0.29536463944576224
f1168618,0,0.0,False,0.2870486012389585
f1168918,0,0.0,False,0.26584855690755715
f1169018,0,0.0,False,0.1173034533497525
f1169118,0,0.0,False,0.12726043591907213
f1169218,0,0.0,False,0.12917045819925752
f1169318,0,0.0,False,0.09789646816442198
f1169418,0,0.0,False,0.258356345033034
f1169518,0,0.0,False,0.2561920590189677
f1169618,0,0.0,False,0.25129606028654766
f1169918,0,0.0,False,0.19403122136257697
f1170018,0,0.0,False,0.13227775072043554
f1170118,0,0.0,False,0.09665736206645245
f1170218,0,0.0,False,0.07029636480111455
f1170318,0,0.0,False,0.0933337053281018
f1174318,0,0.0,False,0.029837555460071285
f1174418,0,0.0,False,0.1116310557924086
f1174518,0,0.0,False,0.08651955412642653
f1174718,0,0.0,False,
f1174818,0,0.0,False,0.04179189258095022
f1174918,0,0.0,False,0.016212259920951922
f1188418,0,0.0,False,0.18231256937096355
f1188518,0,0.0,False,0.27123810899144407
f1188618,0,0.0,False,0.30056003160523864
f1188718,0,0.0,False,0.27449490233068263
f1188918,0,0.0,False,0.1441603143987969
f1189018,0,0.0,False,0.19994210313045563
f1189118,0,0.0,False,0.18074082129179528
f1189218,0,0.0,False,0.2340605305412042
f1206218,0,0.0,False,0.12320262221518023
f1206318,0,0.0,False,0.163979490027579
f1206418,0,0.0,False,0.1788718933073801
f1206518,0,0.0,False,0.10507938329539741
f1251718,0,0.0,False,0.17778289077235512
f1251818,0,0.0,False,0.14135706808768597
f1171418,0,0.0,False,0.2113186529418337
f1171518,0,0.0,False,0.21022510929914762
f1171618,0,0.0,False,0.21989334600121807
f1171918,0,0.0,False,0.2580359377236523
f1172018,0,0.0,False,0.1348360867825074
f1172118,0,0.0,False,0.16005991372357486
f1172218,0,0.0,False,0.17719931248649443
f1172318,0,0.0,False,0.13861126478976374
f1187918,0,0.0,False,0.11944238609801752
f1188018,0,0.0,False,0.21480749359217607
f1188118,0,0.0,False,0.2655373638194792
f1188218,0,0.0,False,0.21795529641790662
f1205018,0,0.0,False,0.1784269328967995
f1205118,0,0.0,False,0.14902601977600957
f1251118,0,0.0,False,0.1214182974128254
f1170418,0,0.0,False,0.3180326472751742
f1170518,0,0.0,False,0.3179210155469493
f1170618,0,0.0,False,0.337919729006471
f1170918,0,0.0,False,0.2840836879471817
f1171018,0,0.0,False,0.19543199188061436
f1171118,0,0.0,False,0.15698631345337669
f1171218,0,0.0,False,0.21961620385205688
f1171318,0,0.0,False,0.16849388992205871
f1173518,0,0.0,False,0.07334607074421144
f1173618,0,0.0,False,0.0862481558823613
f1173718,0,0.0,False,0.10779564009823821
f1187418,0,0.0,False,0.15826766655263408
f1187518,0,0.0,False,0.285335646962239
f1187618,0,0.0,False,0.3411040455547063
f1187718,0,0.0,False,0.3364771817629604
f1204818,0,0.0,False,0.2644912869445132
f1204918,0,0.0,False,0.2398303145579821
f1251018,0,0.0,False,0.18315874732725215
f0473018,0,0.0,False,0.3046212122585716
f0473318,0,0.0,False,0.3416000942081795
f0473418,0,0.0,False,0.30308986302314456
f0473518,0,0.0,False,0.21009975486186555
f0473718,0,0.0,False,0.29868024850247327
f0504218,0,0.0,False,0.16972711605986018
f0504318,0,0.0,False,0.27789025821034186
f0504418,0,0.0,False,0.35269205794962544
f0504518,0,0.0,False,0.3522750380501612
f0886318,0,0.0,False,0.3255544909225347
f0982118,0,0.0,False,0.28604538379598043
f0982318,0,0.0,False,0.26178574142556194
f0982518,0,0.0,False,0.2178180125282114
f1017918,0,0.0,False,0.2084805046465599
f1018018,0,0.0,False,0.1317786526811386
f1018218,0,0.0,False,0.14614048115484968
f1077718,0,0.0,False,0.13044890764442227
f1077818,0,0.0,False,0.22651090924031178
f1077918,0,0.0,False,0.2226465417971773
f1078018,0,0.0,False,0.24635860184778222
f1115118,0,0.0,False,0.3040657657894163
f1115318,0,0.0,False,0.24106307066465024
f1120218,0,0.0,False,0.24879779287320988
f1120418,0,0.0,False,0.24705466270112367
f1208018,0,0.0,False,0.3324103130982165
f1208118,0,0.0,False,0.25007391273865537
f1211418,0,0.0,False,0.21495029830709392
f1211518,0,0.0,False,0.2251458692757099
f1252618,0,0.0,False,0.16524572686371874
f1254418,0,0.0,False,0.1171046822404901
f1130518,0,0.0,False,0.05451842974244551
f1130618,0,0.0,False,0.14067934445984018
f1130718,0,0.0,False,0.12192683712289082
f1365018,0,0.0,False,0.15330786789419934
f1365118,0,0.0,False,0.14396825136205088
f1365218,0,0.0,False,0.10620607441691751
f1365318,0,0.0,False,
f1365418,0,0.0,False,0.13169584456039726
f1365518,0,0.0,False,0.026506105063487734
f1365618,0,0.0,False,0.04648414979478412
f1365718,0,0.0,False,0.05308207550509044
f1365818,0,0.0,False,
f1365918,0,0.0,False,
f1366018,0,0.0,False,0.08837865247706349
f1366118,0,0.0,False,0.09906190128128664
f1366218,0,0.0,False,0.13798444181227393
f1366318,0,0.0,False,0.037181047739651515
f1366418,0,0.0,False,0.016460315838363365
f1408118,0,0.0,False,0.09791359086035925
f1407818,0,0.0,False,0.10196868875027747
f1407718,0,0.0,False,0.09002164972303961
f1408018,0,0.0,False,0.08847153884874823
f1407918,0,0.0,False,0.06265532397237401
f1408218,0,0.0,False,0.07392474406454579
f0471018,0,0.0,False,0.21175735973101553
f0471218,0,0.0,False,0.22024180061615742
f0471418,0,0.0,False,0.14581521782814227
f1006318,0,0.0,False,0.036348348867383765
f1006418,0,0.0,False,0.11985591254510732
f1006618,0,0.0,False,0.039222397704139274
f1113918,0,0.0,False,0.20898997624014137
f1114118,0,0.0,False,0.06280538578045011
f1252218,0,0.0,False,0.11682611036490395
f0501818,0,0.0,False,0.11755518931584315
f0501918,0,0.0,False,0.16235159323859003
f0502018,0,0.0,False,0.20578089732390506
f0502118,0,0.0,False,0.22609699366988523
f1207218,0,0.0,False,0.1543325054623089
f1207318,0,0.0,False,0.09588611861739889
f0470018,0,0.0,False,0.26813065068484965
f0470218,0,0.0,False,0.28729243920046027
f0470418,0,0.0,False,0.17501339744392141
f1005118,0,0.0,False,0.08685443067539632
f1005218,0,0.0,False,0.08023114712874643
f1005418,0,0.0,False,0.06993413578183691
f1113318,0,0.0,False,0.2675199180125099
f1113518,0,0.0,False,0.08375770848320795
f1252018,0,0.0,False,0.14169212608660414
f0500618,0,0.0,False,0.14920666144487404
f0500718,0,0.0,False,0.23516174274947682
f0500818,0,0.0,False,0.26893246123961584
f0500918,0,0.0,False,0.25255339216688233
f1206818,0,0.0,False,0.159218077004579
f1206918,0,0.0,False,0.1422685399288434
f1393418,0,0.0,False,0.10272092590683603
f1409818,0,0.0,False,0.09265823731250175
f1479218,0,0.0,False,0.046152065332493074
f0468018,0,0.0,False,0.2287090855303649
f0468218,0,0.0,False,0.2297059696126143
f0468418,0,0.0,False,0.20854553136541973
f1002718,0,0.0,False,0.1242319520362711
f1002818,0,0.0,False,0.12056892455757617
f1003018,0,0.0,False,0.06507220695276798
f1112118,0,0.0,False,0.22696003697857908
f1112318,0,0.0,False,0.1555527377295758
f1128918,0,0.0,False,0.0996814528031385
f1129018,0,0.0,False,0.11310413697581354
f1129118,0,0.0,False,0.08019248703387517
f1251518,0,0.0,False,0.16351918317837022
f0498218,0,0.0,False,0.1592877464550995
f0498318,0,0.0,False,0.1809922984325919
f0498418,0,0.0,False,0.2635060163330705
f0498518,0,0.0,False,0.22583873412674577
f1205818,0,0.0,False,0.1257227603125405
f1205918,0,0.0,False,0.1195753681493006
f0467118,0,0.0,False,0.2734610476593345
f0467518,0,0.0,False,0.24778487730805882
f0467618,0,0.0,False,0.2117932187186486
f0467718,0,0.0,False,0.17066244668377234
f0467918,0,0.0,False,0.1599764310686957
f0497618,0,0.0,False,0.16061978314651398
f0497718,0,0.0,False,0.2590576079745304
f0497818,0,0.0,False,0.3271627256885326
f0497918,0,0.0,False,0.3172849856347794
f0886218,0,0.0,False,0.29584169024892254
f1111818,0,0.0,False,0.2727660467004962
f1112018,0,0.0,False,0.21483012390494047
f1205618,0,0.0,False,0.2088043358015682
f1205718,0,0.0,False,0.22562099090518087
f1251418,0,0.0,False,0.1574609156625058
f0958718,0,0.0,False,0.08745775007722087
f0958918,0,0.0,False,0.11626613116597355
f0959218,0,0.0,False,0.16247692185881082
f1129718,0,0.0,False,0.03216065269585136
f1129818,0,0.0,False,0.14239564708810817
f1129918,0,0.0,False,0.07084353132685245
f0958318,0,0.0,False,0.0782662531863608
f0958418,0,0.0,False,0.12093993393494733
f0958618,0,0.0,False,0.11446519254988596
f0970718,0,0.0,False,0.08426729621154234
f1261118,0,0.0,False,0.13172556546345507
f1410618,0,0.0,False,0.0832844302390901
f0472018,0,0.0,False,0.1940853760509577
f0472218,0,0.0,False,0.15497961439743796
f0472418,0,0.0,False,0.2024966568176667
f1007518,0,0.0,False,0.07974671719808003
f1007618,0,0.0,False,0.06676416719385934
f1007818,0,0.0,False,0.05923834641749241
f1114518,0,0.0,False,0.18792452086505565
f1114718,0,0.0,False,0.1234318388876926
f1252418,0,0.0,False,0.1029904367265814
f0503018,0,0.0,False,0.10307157701475606
f0503118,0,0.0,False,0.17845784709003265
f0503218,0,0.0,False,0.1844588173535516
f0503318,0,0.0,False,0.13414432826155884
f1207618,0,0.0,False,0.09742846583646812
f1207718,0,0.0,False,0.11003060242848117
f0466618,0,0.0,False,0.26557246107176463
f0466818,0,0.0,False,0.2780667317055175
f0467018,0,0.0,False,0.20665450995348494
f1001918,0,0.0,False,0.10895230121753867
f1002018,0,0.0,False,0.17592093392338723
f1002218,0,0.0,False,0.04261438756032266
f1111518,0,0.0,False,0.2622533805193621
f1111718,0,0.0,False,0.18145321686365593
f1251318,0,0.0,False,0.1537509301643834
f0497018,0,0.0,False,0.1630100674011841
f0497118,0,0.0,False,0.20563895665243223
f0497218,0,0.0,False,0.2714434916415887
f0497318,0,0.0,False,0.25284477581244624
f1205418,0,0.0,False,0.1756169298276642
f1205518,0,0.0,False,0.17406264197399438
f0496418,0,0.0,False,0.13887276417640118
f0496518,0,0.0,False,0.17147305947722669
f0496618,0,0.0,False,0.19850655974554907
f0496718,0,0.0,False,0.17560021432298015
f1205218,0,0.0,False,0.14201060385107653
f1205318,0,0.0,False,0.1256101874603417
f0466118,0,0.0,False,0.1896568423918812
f0466318,0,0.0,False,0.1775995948473461
f0466518,0,0.0,False,0.18107357037500801
f1001318,0,0.0,False,0.08047087411451452
f1001418,0,0.0,False,0.11602836213091403
f1001618,0,0.0,False,0.03655216071203931
f1111218,0,0.0,False,0.18319733646920558
f1111418,0,0.0,False,0.1360561165141519
f1251218,0,0.0,False,0.13879256738020726
f1407318,0,0.0,False,0.041287262315766834
f1478918,0,0.0,False,0.07354118462742465
f1466218,0,0.0,False,0.02757695896245936
f1407218,0,0.0,False,0.03572749288447018
f1407118,0,0.0,False,0.052127545886204274
f1478818,0,0.0,False,0.062002903384653175
f1406918,0,0.0,False,0.03360689305294723
f1407018,0,0.0,False,0.06057692960531631
f1406818,0,0.0,False,0.06024382335314331
f1466118,0,0.0,False,0.07782801630671732
f1363518,0,0.0,False,0.04607274353322051
f1363618,0,0.0,False,0.045852887341333436
f1363718,0,0.0,False,0.04842518168576047
f1363818,0,0.0,False,0.0423001116149149
f1363918,0,0.0,False,0.03306922425229983
f1364018,0,0.0,False,
f1364118,0,0.0,False,
f1364218,0,0.0,False,0.015014011231290926
f1364318,0,0.0,False,
f1364418,0,0.0,False,0.0423001116149149
f1364518,0,0.0,False,0.01801119226731466
f1364618,0,0.0,False,0.07043632260197064
f1364718,0,0.0,False,0.028251662547404823
f1364818,0,0.0,False,0.01924022567830308
f1364918,0,0.0,False,0.039191028696465645
f0463118,0,0.0,False,0.29401349066811716
f0463318,0,0.0,False,0.29868625523611747
f0463518,0,0.0,False,0.2502818443333367
f0997718,0,0.0,False,0.15565191996116218
f0997818,0,0.0,False,0.15677284161537722
f0998018,0,0.0,False,0.17238694543373548
f1108418,0,0.0,False,0.289226493761637
f1108618,0,0.0,False,0.23246488754197905
f1250518,0,0.0,False,0.15017485265749606
f0492818,0,0.0,False,0.15799605444762813
f0492918,0,0.0,False,0.28235638750873304
f0493018,0,0.0,False,0.2723847859701512
f0493118,0,0.0,False,0.26927277980350234
f1203818,0,0.0,False,0.24313063827723505
f1203918,0,0.0,False,0.2127529938680496
f0477818,0,0.0,False,0.2308227466979438
f0478018,0,0.0,False,0.22035638985436448
f0478218,0,0.0,False,0.2404675429797912
f1013718,0,0.0,False,0.19724045825094608
f1013818,0,0.0,False,0.173199719929504
f1014018,0,0.0,False,0.17889124340633988
f1118418,0,0.0,False,0.22248746307613096
f1118618,0,0.0,False,0.16854109252511507
f1253818,0,0.0,False,0.132546009603864
f0509618,0,0.0,False,0.11843240740608504
f0509718,0,0.0,False,0.15999191201938276
f0509818,0,0.0,False,0.25135763948335743
f0509918,0,0.0,False,0.2423211334750247
f1210218,0,0.0,False,0.20733445989189378
f1210318,0,0.0,False,0.1574154786450017
f0475818,0,0.0,False,0.09746059332628348
f0476018,0,0.0,False,0.09727656772316974
f0476218,0,0.0,False,0.056026420740389875
f1011318,0,0.0,False,0.13263788270055082
f1011418,0,0.0,False,0.04923582672118493
f1011618,0,0.0,False,0.05551763189777071
f1116918,0,0.0,False,0.09558438104628626
f1117118,0,0.0,False,0.07273464472460603
f1253218,0,0.0,False,0.041853020929921776
f0507218,0,0.0,False,0.036234122294324725
f0507318,0,0.0,False,0.07980746404403197
f0507418,0,0.0,False,0.07008571614918335
f0507518,0,0.0,False,0.0754841039887406
f1209218,0,0.0,False,0.028122205885013178
f1209318,0,0.0,False,0.027097719631605968
f1400518,0,0.0,False,0.027799358524692102
f1410518,0,0.0,False,0.06167326002500393
f1262718,0,0.0,False,0.13249625118929295
f1262818,0,0.0,False,0.06251644856407593
f1410218,0,0.0,False,0.0886716454588803
f1421018,0,0.0,False,0.03627494822667378
f1421718,0,0.0,False,0.043763735958715626
f1400618,0,0.0,False,0.07977640426943444
f1410418,0,0.0,False,0.11981141011189135
f1262918,0,0.0,False,0.044810524796373756
f1262618,0,0.0,False,0.10327610905678716
f1263018,0,0.0,False,0.0627924224838647
f1410318,0,0.0,False,0.11428498392132025
f1410718,0,0.0,False,0.07545371077713756
f1466318,0,0.0,False,0.11935103927882569
f1263118,0,0.0,False,0.1399290250580325
f1421318,0,0.0,False,0.04377102498437438
f1258518,0,0.0,False,0.1267636525013799
f1421618,0,0.0,False,0.03986722394664445
f1410818,0,0.0,False,0.04211738449626899
f1421118,0,0.0,False,0.046403013179409085
f1542618,0,0.0,False,0.029075211506612336
f1407518,0,0.0,False,0.10746727606896243
f1421218,0,0.0,False,0.04032508832193236
f0475318,0,0.0,False,0.27819439678401553
f0475518,0,0.0,False,0.2819234206545177
f0475718,0,0.0,False,0.2522616111908931
f0506618,0,0.0,False,0.15745355441303405
f0506718,0,0.0,False,0.21840825029665736
f0506818,0,0.0,False,0.29006298871027336
f0506918,0,0.0,False,0.27972101511912245
f0981118,0,0.0,False,0.2522621581806233
f0981318,0,0.0,False,0.25419815693252545
f0981518,0,0.0,False,0.23768342294597977
f1010718,0,0.0,False,0.09574935977234088
f1010818,0,0.0,False,0.14337142196736713
f1011018,0,0.0,False,0.1593832938020849
f1016118,0,0.0,False,0.08784131628612081
f1016218,0,0.0,False,0.07269629994994231
f1016418,0,0.0,False,0.049861872408727824
f1077318,0,0.0,False,0.13676754677245648
f1077418,0,0.0,False,0.23055096677351083
f1077518,0,0.0,False,0.25374704625850053
f1077618,0,0.0,False,0.24408567895169372
f1116318,0,0.0,False,0.27464932820070753
f1116518,0,0.0,False,0.15931904379428602
f1119618,0,0.0,False,0.2578388891921521
f1119818,0,0.0,False,0.07300896403919546
f1208818,0,0.0,False,0.21823208076342315
f1208918,0,0.0,False,0.05314527127570842
f1211018,0,0.0,False,0.13314945822401653
f1211118,0,0.0,False,0.09033651438513877
f1253018,0,0.0,False,0.15420578366588794
f1254218,0,0.0,False,0.14227966914981688
f0460518,0,0.0,False,0.3280366395517293
f0460618,0,0.0,False,0.3367811703546692
f0460718,0,0.0,False,0.21674722488930023
f0460918,0,0.0,False,0.3576346680405525
f1106818,0,0.0,False,0.2439046249619446
f1121718,0,0.0,False,0.28724834836821667
f1126918,0,0.0,False,0.05964131290853993
f1127018,0,0.0,False,0.14206061079048413
f1127118,0,0.0,False,0.14226579719322957
f1249918,0,0.0,False,0.17231220025348895
f0473818,0,0.0,False,0.05738113727809903
f0474018,0,0.0,False,0.031096070088957792
f0474218,0,0.0,False,0.03413483302959035
f1008918,0,0.0,False,0.05066606342480779
f1009018,0,0.0,False,0.03145211182006696
f1009218,0,0.0,False,0.03212325420997167
f1115418,0,0.0,False,0.03426992778529457
f1115618,0,0.0,False,0.07573584108810769
f1252718,0,0.0,False,0.01348693391712886
f0504818,0,0.0,False,
f0504918,0,0.0,False,0.04192294091016786
f0505018,0,0.0,False,0.04973851072500562
f0505118,0,0.0,False,0.044816495532355276
f1208218,0,0.0,False,0.026017764780747757
f1208318,0,0.0,False,0.05065582356964709
f0476818,0,0.0,False,0.18610793082379332
f0477018,0,0.0,False,0.1579460849695212
f0477218,0,0.0,False,0.03278519183526877
f1012518,0,0.0,False,0.10329476953536623
f1012618,0,0.0,False,0.04565385421193067
f1012818,0,0.0,False,0.12963565380538192
f1117818,0,0.0,False,0.15438969886225926
f1118018,0,0.0,False,0.11942704049326756
f1253618,0,0.0,False,
f0508418,0,0.0,False,0.0393293680195148
f0508518,0,0.0,False,0.08358430992364088
f0508618,0,0.0,False,0.060544956920656756
f0508718,0,0.0,False,0.18000855818497546
f1209818,0,0.0,False,0.0917707722882561
f1209918,0,0.0,False,0.055889474049031704
f0478318,0,0.0,False,0.30516035642495304
f0478718,0,0.0,False,0.22794517452763294
f1014318,0,0.0,False,0.2022025026269302
f1014418,0,0.0,False,0.13449575126266616
f1014618,0,0.0,False,0.0979495262345736
f1118718,0,0.0,False,0.3007466838544911
f1118918,0,0.0,False,0.09843155905479041
f1253918,0,0.0,False,0.1326851885977983
f0510218,0,0.0,False,0.16417693173208034
f0510318,0,0.0,False,0.2501180603192175
f0510418,0,0.0,False,0.29285260577872557
f0510518,0,0.0,False,0.29105522393768435
f1210418,0,0.0,False,0.22833774520487798
f1210518,0,0.0,False,0.13765243745922776
f1242518,0,0.0,False,0.1646459856202203
f1242618,0,0.0,False,0.09825361381946292
f1242718,0,0.0,False,0.15599362028726937
f1242818,0,0.0,False,0.10391171985665863
f1242918,0,0.0,False,0.1410023719513035
f1243018,0,0.0,False,0.039511141321127596
f1243118,0,0.0,False,0.021456507751795976
f1243218,0,0.0,False,0.164046371519895
f1243318,0,0.0,False,0.11437621361875375
f1243618,0,0.0,False,0.15634751887490153
f1243718,0,0.0,False,0.038650823158226766
f1243818,0,0.0,False,0.06235734676881757
f1243918,0,0.0,False,0.11163233193111231
f1244018,0,0.0,False,0.0591214222437369
f1253318,0,0.0,False,0.11831164146413947
f1400818,0,0.0,False,0.12363063417323467
f0480318,0,0.0,False,0.20877398495621952
f0480518,0,0.0,False,0.19905395328687847
f0480718,0,0.0,False,0.18801326421703227
f0512618,0,0.0,False,0.13157786882665962
f0512718,0,0.0,False,0.20197332035295917
f0512818,0,0.0,False,0.1591754058421971
f0512918,0,0.0,False,0.1288303068519475
f1017318,0,0.0,False,0.18221581021455446
f1017418,0,0.0,False,0.09182346210461076
f1017618,0,0.0,False,0.08913103979811568
f1119918,0,0.0,False,0.20912633900999875
f1120118,0,0.0,False,0.11967091368228207
f1211218,0,0.0,False,0.12827089290753232
f1211318,0,0.0,False,0.026561968150702712
f1254318,0,0.0,False,0.11213976903633431
f0981618,0,0.0,False,0.2189349158900772
f0981818,0,0.0,False,0.19923425427931157
f0982018,0,0.0,False,0.14664603203280818
f1016718,0,0.0,False,0.07462387177861476
f1016818,0,0.0,False,0.08867832464790144
f1017018,0,0.0,False,0.05837192466424419
f1117518,0,0.0,False,0.2126065628745582
f1117718,0,0.0,False,0.07030140645986367
f1253518,0,0.0,False,0.08592315082198101
f1076418,0,0.0,False,0.07647789163631018
f1076518,0,0.0,False,0.1257775846747487
f1076618,0,0.0,False,0.20148733224591378
f1076718,0,0.0,False,0.15537080626548153
f1209618,0,0.0,False,0.12283984948185817
f1209718,0,0.0,False,0.1043074965983795
f0477318,0,0.0,False,0.2999083902319632
f0477518,0,0.0,False,0.3082886040713628
f0477718,0,0.0,False,0.2932848819477517
f0509018,0,0.0,False,0.17667255757549305
f0509118,0,0.0,False,0.24834561762366572
f0509218,0,0.0,False,0.2903810304684792
f0509318,0,0.0,False,0.32833056205722716
f1013118,0,0.0,False,0.2443234958005604
f1013218,0,0.0,False,0.17060545426416682
f1013418,0,0.0,False,0.17044294518007444
f1118118,0,0.0,False,0.30237303202958393
f1118318,0,0.0,False,0.18608813780866312
f1130118,0,0.0,False,0.030535611700530877
f1130218,0,0.0,False,0.16436906062769116
f1130318,0,0.0,False,0.13931734686798888
f1210018,0,0.0,False,0.29680679104246904
f1210118,0,0.0,False,0.23355569213258992
f1253718,0,0.0,False,0.17428583829020503
f0474818,0,0.0,False,0.31646427029163704
f0475018,0,0.0,False,0.31869864981353246
f0475218,0,0.0,False,0.27586522216976833
f1010118,0,0.0,False,0.14821599820740775
f1010218,0,0.0,False,0.11739309291969828
f1010418,0,0.0,False,0.12630376773906066
f1116018,0,0.0,False,0.3182839201701786
f1116218,0,0.0,False,0.14347197630244038
f1252918,0,0.0,False,0.18245844325456645
f0506018,0,0.0,False,0.13429924420296346
f0506118,0,0.0,False,0.27312529120314877
f0506218,0,0.0,False,0.30732735677735556
f0506318,0,0.0,False,0.27479148840001333
f1208618,0,0.0,False,0.22990637550844306
f1208718,0,0.0,False,0.16562125112202153
f0470518,0,0.0,False,0.2239299204963292
f0470718,0,0.0,False,0.23510882020190713
f0470918,0,0.0,False,0.17773695170409445
f1005718,0,0.0,False,0.015561858446979306
f1005818,0,0.0,False,0.06589575895729559
f1006018,0,0.0,False,0.05049048120534315
f1113618,0,0.0,False,0.22424658175764697
f1113818,0,0.0,False,0.05902469661419164
f1252118,0,0.0,False,0.12308085242965296
f0501218,0,0.0,False,0.1316245730188205
f0501318,0,0.0,False,0.20905593707588482
f0501418,0,0.0,False,0.22989945163946382
f0501518,0,0.0,False,0.18766284858620713
f1207018,0,0.0,False,0.0784693262717603
f1207118,0,0.0,False,0.0937436650230916
f0469518,0,0.0,False,0.2983442035313492
f0469718,0,0.0,False,0.31975595989622574
f0469918,0,0.0,False,0.17902561855689036
f1004518,0,0.0,False,0.05919582089475628
f1004618,0,0.0,False,0.10878475090745751
f1004818,0,0.0,False,0.0629582244877473
f1113018,0,0.0,False,0.2992088670234313
f1113218,0,0.0,False,0.14868409441903022
f1251918,0,0.0,False,0.12743653287165926
f0500018,0,0.0,False,0.1145004701781115
f0500118,0,0.0,False,0.2663072571561966
f0500218,0,0.0,False,0.30149261534707167
f0500318,0,0.0,False,0.30360987228201297
f1206618,0,0.0,False,0.20327566944881018
f1206718,0,0.0,False,0.17865581329714672
f0474318,0,0.0,False,0.28955851589263293
f0474518,0,0.0,False,0.2878847967399427
f0474718,0,0.0,False,0.2940807607056447
f1009518,0,0.0,False,0.14313786584881227
f1009618,0,0.0,False,0.1646787499943636
f1009818,0,0.0,False,0.08963216751538339
f1115718,0,0.0,False,0.28904820451634505
f1115918,0,0.0,False,0.1915792191679537
f1252818,0,0.0,False,0.15253738883959533
f0505418,0,0.0,False,0.15793291081391353
f0505518,0,0.0,False,0.2526230307247439
f0505618,0,0.0,False,0.3075525251905104
f0505718,0,0.0,False,0.303253092873902
f1208418,0,0.0,False,0.25063379283925197
f1208518,0,0.0,False,0.13515274500047517
f0476318,0,0.0,False,0.2455172445016723
f0476518,0,0.0,False,0.2749758692662334
f0476718,0,0.0,False,0.22376025743361583
f0507818,0,0.0,False,0.15664342060340153
f0507918,0,0.0,False,0.22386499416676814
f0508018,0,0.0,False,0.26750483488018617
f0508118,0,0.0,False,0.23779510754899638
f1011918,0,0.0,False,0.14172140600674968
f1012018,0,0.0,False,0.1414657076926155
f1012218,0,0.0,False,0.10868389804179603
f1117218,0,0.0,False,0.24757463117419737
f1117418,0,0.0,False,0.17363102152172763
f1209418,0,0.0,False,0.24955191449137246
f1209518,0,0.0,False,0.1751787075458475
f1253418,0,0.0,False,0.15053723007941322
f0468518,0,0.0,False,0.16635507740773292
f0468718,0,0.0,False,0.16997704874108718
f0468918,0,0.0,False,0.15331998275236655
f1003318,0,0.0,False,0.042691685728298935
f1003418,0,0.0,False,0.09013772096978744
f1003618,0,0.0,False,0.042674997839296985
f1112418,0,0.0,False,0.16353991141738355
f1112618,0,0.0,False,0.1155652436787964
f1251618,0,0.0,False,0.09617578526069864
f0498818,0,0.0,False,0.09118489747064677
f0498918,0,0.0,False,0.1487308965647074
f0499018,0,0.0,False,0.19453187983540918
f0499118,0,0.0,False,0.1406042379917728
f1206018,0,0.0,False,0.07970419482351628
f1206118,0,0.0,False,0.058586258179839694
f0464118,0,0.0,False,0.2885578780894569
f0464318,0,0.0,False,0.2971711013314356
f0464518,0,0.0,False,0.2248291609799584
f0494018,0,0.0,False,0.16140358560187307
f0494118,0,0.0,False,0.26148707408716015
f0494218,0,0.0,False,0.2768917245256594
f0494318,0,0.0,False,0.2516670592447416
f0998918,0,0.0,False,0.049255677019596045
f0999018,0,0.0,False,0.13342433409382887
f0999218,0,0.0,False,0.07850575620470018
f1109018,0,0.0,False,0.2922614162010444
f1109218,0,0.0,False,0.12421104497083774
f1204218,0,0.0,False,0.18718557174339784
f1204318,0,0.0,False,0.1773714259704088
f1250718,0,0.0,False,0.15189127133436509
f0471518,0,0.0,False,0.210280033352331
f0471718,0,0.0,False,0.19403706084434147
f0471918,0,0.0,False,0.13846545947359665
f1006918,0,0.0,False,0.020395284633170835
f1007018,0,0.0,False,0.10472528489664817
f1007218,0,0.0,False,0.019115995722712806
f1114218,0,0.0,False,0.20786644175085733
f1114418,0,0.0,False,0.07250124290098436
f1252318,0,0.0,False,0.1013056640699473
f0502418,0,0.0,False,0.09823690581001503
f0502518,0,0.0,False,0.16955407302694975
f0502618,0,0.0,False,0.13599693327154982
f0502718,0,0.0,False,0.1800922340933579
f1207418,0,0.0,False,0.11237058358046467
f1207518,0,0.0,False,0.06777720268297942
f0472518,0,0.0,False,0.24071634072114803
f0472718,0,0.0,False,0.23590929882438538
f0472918,0,0.0,False,0.14454083627975295
f0503618,0,0.0,False,0.14151917793379243
f0503718,0,0.0,False,0.21370042998209623
f0503818,0,0.0,False,0.2234405296293622
f0503918,0,0.0,False,0.18561291839642408
f1008118,0,0.0,False,0.09913446375304515
f1008218,0,0.0,False,0.11200118994225977
f1008418,0,0.0,False,0.017847143337173493
f1114818,0,0.0,False,0.23916580125816184
f1115018,0,0.0,False,0.06067672274062895
f1207818,0,0.0,False,0.0975287768065793
f1207918,0,0.0,False,0.09393543586125856
f1252518,0,0.0,False,0.14964519524582112
f0463618,0,0.0,False,0.2889761509353438
f0463818,0,0.0,False,0.31574935463996984
f0464018,0,0.0,False,0.20905294577128797
f0493418,0,0.0,False,0.13176841053334357
f0493518,0,0.0,False,0.2667480957531826
f0493618,0,0.0,False,0.30741044807521417
f0493718,0,0.0,False,0.30017279535695907
f0998318,0,0.0,False,0.11920040416446596
f0998418,0,0.0,False,0.11199422848986162
f0998618,0,0.0,False,0.13527820283330633
f1108718,0,0.0,False,0.286847869961018
f1108918,0,0.0,False,0.1770149955471181
f1204018,0,0.0,False,0.2074541926887929
f1204118,0,0.0,False,0.12019889178200804
f1250618,0,0.0,False,0.11459410167366144
f1167518,0,0.0,False,0.30713271237865347
f1167618,0,0.0,False,0.3102298327144521
f1167918,0,0.0,False,0.17062000330407262
f1168018,0,0.0,False,0.12019000084753984
f1168118,0,0.0,False,0.08093486870481957
f1168218,0,0.0,False,0.19657258971947525
f1168318,0,0.0,False,0.11282996622881566
f1167418,0,0.0,False,0.3123679722479898
f1185918,0,0.0,False,0.14019671004891623
f1186018,0,0.0,False,0.2531902506492223
f1186118,0,0.0,False,0.19086999266990323
f1186218,0,0.0,False,0.26504307978974573
f1203618,0,0.0,False,0.22624068434102143
f1203718,0,0.0,False,0.15970925830318652
f1250418,0,0.0,False,0.11895462100711404
