n_gt_030,n_gt_045,global_max_absCC
0,0,0.23917227777661823
0,0,0.28675302922645507
1,0,0.3043970541789592
0,0,0.2637992542303078
1,0,0.36311504858339216
0,0,0.2423858072130542
1,0,0.30487312541706424
2,0,0.30679656997317284
0,0,0.27670446696082446
0,0,0.2781945681107624
0,0,0.2647263159168488
0,0,0.2946033981697959
0,0,0.289688473009849
2,0,0.3071961780249759
0,0,0.26793400510406523
0,0,0.25845263405212754
0,0,0.26941254878861315
3,0,0.43457400924881784
10,0,0.4096642360137087
1,0,0.4016775888682962
2,0,0.3086722600067221
34,0,0.3285675839732871
0,0,0.2762313164101708
1,0,0.34060926884342324
0,0,0.2497703654413227
3,0,0.3743273493957442
3,0,0.35231218809363885
3,0,0.3351891262532643
0,0,0.28542449684405113
3,0,0.34637247799308235
0,0,0.2576385987721036
1,0,0.36218654689727314
0,0,0.2837171194192233
0,0,0.2835860043256231
0,0,0.2885738152303527
0,0,0.29063736905212173
0,0,0.2811547819352146
0,0,0.292059460841944
0,0,0.2579996304555352
26,2,0.5292562706256878
0,0,0.2885788936141948
0,0,0.2577762387701375
4,0,0.3267095878024839
0,0,0.25068496503887433
0,0,0.25665112218860203
1,0,0.3905916954352702
39,0,0.41868976548821274
0,0,0.2838229441281661
0,0,0.2218300288566051
0,0,0.26923137356001997
0,0,0.28637311624346407
0,0,0.25479080830229084
0,0,0.2409786495253463
0,0,0.28534150718116874
0,0,0.29020028037114026
0,0,0.26330084209552534
0,0,0.29676695219944327
0,0,0.2744524351276007
19,0,0.4104470268572283
2,0,0.35321248821409035
0,0,0.2567139847822736
2,0,0.31798780095860235
0,0,0.2739733865438498
0,0,0.2559357154088194
0,0,0.28183073377305645
0,0,0.2615885837081066
0,0,0.27836373480281207
0,0,0.27291704169609465
0,0,0.298444401736095
0,0,0.24147601550444012
2,0,0.3404415254294004
0,0,0.28799937050575913
0,0,0.2664743133309787
0,0,0.2500676703031847
0,0,0.26593939495010754
0,0,0.25077233040428815
0,0,0.284575918418922
0,0,0.2619850338401696
3,0,0.35409241364452515
2,0,0.3047712951438859
0,0,0.22928475970127682
0,0,0.27003221159198443
0,0,0.2626271017911248
0,0,0.23924692243881784
0,0,0.27222718013109604
2,0,0.34661986157457586
0,0,0.2195806159581058
0,0,0.2368601386630394
0,0,0.24666572269424303
0,0,0.2879899657619377
0,0,0.28087080920191243
0,0,0.2973399678008644
11,0,0.4428515058161453
4,0,0.39415917167323755
7,0,0.3232629741412909
0,0,0.2512203067522326
0,0,0.2809608024287335
0,0,0.2719818936764196
2,0,0.30358671222425276
0,0,0.2785566530286746
0,0,0.256129906202465
14,0,0.43731794267920243
0,0,0.25623974650454007
0,0,0.28392086562247115
0,0,0.24812149794868396
0,0,0.2576154155083111
0,0,0.22346965753421955
0,0,0.2692761517817939
0,0,0.2654958187478929
0,0,0.26537098012004134
0,0,0.28382724267069837
0,0,0.2858838191192908
0,0,0.2808969619266286
0,0,0.24412704307952832
0,0,0.2222627596361064
1,0,0.302726566544422
0,0,0.25280051614402216
0,0,0.2592073504597366
0,0,0.28157755000613194
0,0,0.2768870322556756
0,0,0.27411138864901785
0,0,0.27845906595006353
0,0,0.24169145394315802
0,0,0.2659896742074423
2,0,0.314736255578026
0,0,0.28380510701160505
23,0,0.3801610447329328
0,0,0.27558994508696566
3,0,0.4173318097172984
0,0,0.22236597839155262
0,0,0.27376510451554736
2,0,0.3110281248215093
0,0,0.27657137325311937
0,0,0.2416801835793456
0,0,0.2695833278769798
0,0,0.21802771176550792
0,0,0.27788399700232713
2,0,0.348426077372986
0,0,0.2786442977548855
2,0,0.31522512418445947
0,0,0.23940281479480954
0,0,0.2700792292222346
0,0,0.26256183482723344
0,0,0.27523110911047644
0,0,0.27454261559852533
0,0,0.2778040837887529
0,0,0.2621332822947417
1,0,0.3001985560166726
0,0,0.2526122153562937
0,0,0.29396179634649705
0,0,0.24717967673719587
0,0,0.28028026925831573
0,0,0.2609856983142798
0,0,0.23381682087810104
0,0,0.2996896277752139
0,0,0.27643616838060087
0,0,0.2454640041350418
0,0,0.2624144027001176
0,0,0.2565302449322101
0,0,0.24530648336255445
0,0,0.28939074953234617
0,0,0.2985803872952934
0,0,0.24018604220983908
0,0,0.26375102499061676
0,0,0.263169983670785
0,0,0.28486040234344806
1,0,0.30581097838866866
0,0,0.2852407863505304
0,0,0.273582247094795
14,0,0.38799228845379585
68,2,0.47985968993684686
0,0,0.24001843714660284
0,0,0.2913953936202573
42,0,0.3771556296021335
0,0,0.2507236243294482
0,0,0.26798739176947295
0,0,0.27806499879917207
0,0,0.2779759609132601
0,0,0.2850880788900327
0,0,0.2864188677340786
0,0,0.2322302840078211
0,0,0.2674043298114536
0,0,0.22792891861308842
3,0,0.38383092723891354
0,0,0.2742293932514161
0,0,0.259609662536045
4,0,0.3740629792602438
0,0,0.2735131049235116
0,0,0.27776270206304354
0,0,0.25768311162520874
0,0,0.2627465223619818
0,0,0.2624733203834051
0,0,0.25909594807260866
0,0,0.2672839926631484
2,0,0.36879054024705765
0,0,0.26538541504873253
0,0,0.26138815032017537
0,0,0.2808586252465966
1,0,0.31193505715747577
0,0,0.27461588723888836
0,0,0.2548271175607772
0,0,0.27394905977778294
0,0,0.2437039217869279
0,0,0.25243704464616523
0,0,0.2650345448508778
0,0,0.2502137331522515
0,0,0.2765204915318091
2,0,0.3251203630529215
0,0,0.2540977193577704
0,0,0.2373848847899403
0,0,0.2587210401386938
1,0,0.3175556339839814
0,0,0.257784762303713
0,0,0.27447650463180967
0,0,0.27698383437699076
3,0,0.33228695898956234
0,0,0.2557291908794949
0,0,0.2800747730971149
1,0,0.32542297892294264
0,0,0.2687744255840965
0,0,0.2866314198009803
0,0,0.28503815122747683
0,0,0.2581355564394635
0,0,0.2687479793610694
0,0,0.24272537466621785
0,0,0.27189035819282253
0,0,0.25445369846046534
37,1,0.4610987896389705
24,0,0.3541644602402166
0,0,0.27660107039679377
1,0,0.31536846576069033
0,0,0.29599503646759817
0,0,0.25132384479406394
0,0,0.26675715169731495
0,0,0.23066250190043827
0,0,0.2844355273847516
0,0,0.27870274351874014
0,0,0.2474212944453411
0,0,0.27346265704804384
1,0,0.30497543385702386
0,0,0.2637210154232569
0,0,0.2501249398884693
22,0,0.41459346988645057
0,0,0.26947375183283784
0,0,0.2729080568236619
13,0,0.33788993525890737
0,0,0.28003140130383003
0,0,0.22680680669545733
7,0,0.39411624279921653
0,0,0.27801350251354423
0,0,0.2729896414665796
39,2,0.5001251843752715
0,0,0.273990852193263
4,0,0.37733808868907087
9,1,0.45242271771205794
3,0,0.371602734055344
0,0,0.2749234829976929
0,0,0.2994053137633211
0,0,0.24877878092982675
0,0,0.2588597207030316
0,0,0.26906840750723343
0,0,0.2818555716900118
0,0,0.2549166786802435
5,0,0.3079409385860953
0,0,0.28877079531323296
1,0,0.3921560385324927
1,0,0.3271079376727583
0,0,0.2744940202039354
0,0,0.2965350674320657
0,0,0.2686670960373582
1,0,0.4048021829896313
0,0,0.2638279904629984
7,0,0.34749406067226934
0,0,0.2463005314939217
0,0,0.24892031567721795
0,0,0.23575032413659366
3,0,0.36377960790595604
0,0,0.2705297002233165
0,0,0.27781814352087764
1,0,0.32214383366544025
9,0,0.3376808724642106
0,0,0.27440949573832396
0,0,0.2787698694836252
9,0,0.42107136605247636
0,0,0.2827508020612599
0,0,0.2730486863550496
0,0,0.29267202084413585
6,0,0.3207007698284873
0,0,0.2767500100314832
0,0,0.2836553145875512
0,0,0.2618219767800831
0,0,0.2464233926440325
0,0,0.2520681550831709
0,0,0.22440226742305255
0,0,0.2688721343492045
0,0,0.2515490472903097
0,0,0.2916039544104232
2,0,0.3902877925763932
0,0,0.25515663056020305
0,0,0.22187859814945518
0,0,0.26382460233323374
0,0,0.23668967910875102
0,0,0.248964216798583
0,0,0.2834669592206003
0,0,0.2768350979085992
0,0,0.2875960824818437
0,0,0.23099139503256083
0,0,0.24598925256593562
45,0,0.4402306478427851
1,0,0.40841877135856147
5,0,0.36867193710214957
0,0,0.2701534439292053
3,0,0.3475387457670406
0,0,0.2619342752000962
0,0,0.2954119975219655
1,0,0.30291227416318506
0,0,0.28948117016768393
1,0,0.3044665184259691
0,0,0.2926713096252628
0,0,0.25549672357944814
0,0,0.27093914146642867
0,0,0.28622690197584577
0,0,0.26878999101537426
0,0,0.24180369854761963
0,0,0.2658438358020762
29,3,0.4662118745950137
102,2,0.4688924921220186
0,0,0.22384421396197945
0,0,0.2699506282774001
0,0,0.2930790561045482
0,0,0.2756150331192213
6,0,0.3878929957763073
0,0,0.2709349105901326
4,0,0.34823081652120597
0,0,0.2882247366333411
1,0,0.3364844333345716
0,0,0.24799243595221113
0,0,0.2740950399086554
0,0,0.2843566908926606
1,0,0.3155939368639669
0,0,0.29784498479671184
2,0,0.3171721898375318
2,0,0.31366604754661975
0,0,0.2782906986422432
0,0,0.299584667629476
14,0,0.3604741646608164
0,0,0.28609802519416433
0,0,0.27656131793154565
0,0,0.2971992045015873
0,0,0.25975996380088967
28,0,0.3633990871932115
0,0,0.28822719597247437
1,0,0.37641838472966527
0,0,0.25980390684751103
0,0,0.26620576832406634
1,0,0.31338904870047324
0,0,0.23465902748254802
0,0,0.262785433481364
0,0,0.29198997320088904
0,0,0.2956122130930794
2,0,0.3200017850663319
0,0,0.2891620203167005
0,0,0.2985189731122208
78,0,0.42115466291006165
19,0,0.41649012188347334
1,0,0.3753016162592318
0,0,0.27831451382999434
0,0,0.24841138533166846
0,0,0.2694472483285172
5,0,0.30254375074337947
0,0,0.24548247531053644
0,0,0.25365641852562426
3,0,0.3350122450542922
3,0,0.33200458387077775
0,0,0.2494248932756651
0,0,0.26595145778226953
0,0,0.2720645559074981
4,0,0.3624866339520251
0,0,0.2232420907467121
0,0,0.272851781980475
0,0,0.2629023530497017
1,0,0.3139641523382809
2,0,0.3361833363825994
2,0,0.3146480098438199
0,0,0.2716250391812543
0,0,0.2401104771768603
0,0,0.253313853622119
1,0,0.33064154188910244
0,0,0.28586979919853117
0,0,0.28384535976380965
0,0,0.25866247211827653
0,0,0.2863135737534004
0,0,0.2573709162585968
0,0,0.2615171359970065
0,0,0.2342818316692447
1,0,0.38987680882944903
0,0,0.2701211631763987
0,0,0.2531183382514534
0,0,0.2700260271083006
42,0,0.42302023748659834
0,0,0.2977168974488322
0,0,0.27704740613736933
0,0,0.2984590581385028
0,0,0.2781445655462003
3,0,0.3427166145723436
0,0,0.2712204639692005
1,0,0.304244906362148
0,0,0.2639539317320485
0,0,0.25920657818370335
0,0,0.26051275565173054
0,0,0.28453263364631126
0,0,0.24707961816012627
0,0,0.254362563407447
0,0,0.25459529603828746
0,0,0.27741375317983685
0,0,0.24691950366539994
2,0,0.31271474206394767
131,3,0.4975400620517743
0,0,0.27043984923166764
0,0,0.2896434368956763
0,0,0.2740151996989041
0,0,0.2767201885646524
3,0,0.3446088299373298
0,0,0.2823711921202166
0,0,0.26086810147663475
3,0,0.3686200709176892
0,0,0.2722396323438717
0,0,0.2648548556048025
0,0,0.2694836961963069
0,0,0.28042657355982753
0,0,0.27067703171973057
0,0,0.2858564381425254
0,0,0.2918682762997262
4,0,0.3352744117361029
0,0,0.24932213984624815
0,0,0.2867107664269402
0,0,0.2682113858045465
2,0,0.3291831837012312
0,0,0.25488814682136696
0,0,0.2550428825221248
0,0,0.2199166862044755
0,0,0.2764565208963198
5,0,0.3390020727457453
0,0,0.25980221279545745
0,0,0.2820262408372757
2,0,0.34661205216596636
0,0,0.2656854749665163
0,0,0.26437119591808067
2,0,0.3542528146989496
2,0,0.33756249739963423
0,0,0.2984780287483992
4,0,0.32587209598900263
1,0,0.3052141762272161
0,0,0.24347394651877433
0,0,0.2855785675600969
6,1,0.46248152190060154
0,0,0.2666624511241185
0,0,0.24922942434946824
2,0,0.3320821292003877
0,0,0.24424445513404497
52,0,0.4392889465045272
1,0,0.31230497223841186
0,0,0.2619232845631087
4,0,0.34230545052020567
0,0,0.2526648024701599
0,0,0.2712125543981059
0,0,0.23843075514099812
0,0,0.24478178925262065
0,0,0.2562309202927142
1,0,0.31662449885316785
0,0,0.29396034820602
3,0,0.32764045550560783
1,0,0.3659598267402891
0,0,0.28348588723603774
0,0,0.28669426256089064
0,0,0.25899063291348934
0,0,0.2648676065003609
0,0,0.2643728823402256
0,0,0.2821904900666311
0,0,0.26755033623892366
0,0,0.290049994096925
0,0,0.23918384900605924
0,0,0.26672863919269146
0,0,0.2724738017721433
63,2,0.4965344004520362
0,0,0.26718593072845154
0,0,0.26415935833495596
1,0,0.35783305211424
0,0,0.2644425160419691
0,0,0.24578090138310027
0,0,0.2622760418846174
1,0,0.30108317073501806
0,0,0.22881727707891622
0,0,0.27823403344574793
0,0,0.2782028948214426
7,0,0.3754817189287784
0,0,0.29691504924974044
1,0,0.34574040397785843
8,0,0.3477171129945474
1,0,0.3176277750926865
0,0,0.29823772847641256
0,0,0.27264936566843856
1,0,0.3078148373339637
1,0,0.3126096736795588
0,0,0.2832459614975708
0,0,0.2571045735051346
0,0,0.2822895341581907
0,0,0.25723478419653395
0,0,0.28276686635185044
0,0,0.23969465304492726
2,0,0.3334095082435781
0,0,0.26279002610372243
3,0,0.3143078502381882
0,0,0.25858513239506714
0,0,0.2675857140347248
1,0,0.3039720970230915
0,0,0.26748381482084993
0,0,0.2423685900873533
0,0,0.26022106322817556
0,0,0.2680611696045918
0,0,0.22968484458779795
0,0,0.28714729475181683
0,0,0.23555533157574177
1,0,0.40096876521859154
0,0,0.2616705082644766
0,0,0.25476355966348446
0,0,0.2940831700390326
0,0,0.2745283424948974
0,0,0.2836442433838257
0,0,0.2565454979497275
0,0,0.27823166701697966
0,0,0.24400717490148938
3,0,0.32602221601739617
0,0,0.29635538156079916
0,0,0.2615195320791478
0,0,0.2753132053930779
0,0,0.24943113288419588
0,0,0.270520950703144
9,0,0.4111486695158074
2,0,0.31820531835660537
0,0,0.2608358490262917
0,0,0.2839713502349739
0,0,0.27351122247005155
1,0,0.3255368416743245
0,0,0.2506344422671962
1,0,0.3635633534970704
0,0,0.27876259000745646
0,0,0.25594101007950676
0,0,0.2937207847430836
0,0,0.29145760195650394
1,0,0.4007133620602683
0,0,0.24664955244445463
0,0,0.2624002355123039
5,0,0.37665942165957245
0,0,0.2824936983572787
0,0,0.2926607689025807
0,0,0.2692080082818918
1,0,0.304845673532773
0,0,0.26755707601189144
0,0,0.25216354453414414
2,0,0.3115473780300375
0,0,0.25732850621179343
0,0,0.2737451248936695
0,0,0.2870216781267185
0,0,0.26962604653766514
0,0,0.29781463222515875
4,0,0.32870612308200486
0,0,0.2814720763630784
0,0,0.29576501554891915
0,0,0.2910530855592333
0,0,0.2737483233453475
2,0,0.31199253244953135
0,0,0.28898686785579786
0,0,0.2447324077179597
3,0,0.32444902839928724
0,0,0.2521670402740667
0,0,0.25618040821575333
0,0,0.24886086453492695
0,0,0.2570776314731206
0,0,0.25918492325381376
0,0,0.2396143154816602
13,0,0.31552899581761074
2,0,0.3611039158794792
0,0,0.2701631417488273
0,0,0.22966610810363555
0,0,0.2795402484470642
0,0,0.272785836059798
0,0,0.27306664525165003
17,0,0.4149034990136904
0,0,0.2776571447723434
69,3,0.5357222893608607
0,0,0.28358161846433755
6,1,0.4658343331232164
0,0,0.27390569724092967
0,0,0.25114931155197207
1,0,0.30656782235134594
0,0,0.2564480438329166
38,3,0.5959632891915398
0,0,0.2781047779772439
0,0,0.24945909675915962
0,0,0.2401106332162194
0,0,0.2366273382885273
0,0,0.2923562204318899
9,0,0.3171244200079074
0,0,0.24548491256194155
0,0,0.2701895505871806
0,0,0.25722771818598833
5,0,0.3836446123468336
2,0,0.3070445211137961
19,0,0.3766731854179426
0,0,0.29026536308091694
1,0,0.3073621059002861
0,0,0.2932052793773196
0,0,0.2575824896779053
1,0,0.41014552139759514
7,0,0.32909162561627747
0,0,0.25193585849978833
0,0,0.26959705429834085
0,0,0.26682501269309405
31,0,0.4119986796529248
0,0,0.2754326512519389
0,0,0.24239388477810514
0,0,0.24201613775901057
0,0,0.25785511246091475
0,0,0.2447616184923399
6,0,0.41305601558871047
56,0,0.44125081393036253
0,0,0.28205615249551397
0,0,0.269823577350172
0,0,0.22389496964252018
0,0,0.2731853413137079
0,0,0.27756830797046866
0,0,0.2628853557143227
0,0,0.2490501842859258
14,0,0.4116658042899674
0,0,0.28928657568975746
0,0,0.26129931769676196
0,0,0.26029862278049115
17,2,0.5225550112328751
0,0,0.2692624620974709
0,0,0.2831985514233027
0,0,0.2701588666802131
0,0,0.25183733030245586
0,0,0.2640647247377393
22,1,0.4667833861516913
0,0,0.266222328132368
0,0,0.22816833132725903
0,0,0.2937445829692094
0,0,0.26837015449481505
5,0,0.3350554155631985
0,0,0.2281346287349056
0,0,0.2552083746158796
0,0,0.25724025531985106
0,0,0.2842394624052857
0,0,0.26005896558596464
2,0,0.3075917116676885
0,0,0.29362859993795054
0,0,0.23636483828198057
2,0,0.32385492703718993
0,0,0.2890567578209328
0,0,0.25757365442160224
0,0,0.28184066971870164
1,0,0.3949265907790055
3,0,0.31691266402938073
0,0,0.24592540474368407
0,0,0.29910681625597285
0,0,0.2856820329088688
0,0,0.2448396141471065
0,0,0.2559290362920922
0,0,0.24809728913780488
0,0,0.2785399828586066
0,0,0.27912232013080046
0,0,0.26466322601894815
6,0,0.3838825918708702
0,0,0.2638339284041874
0,0,0.29562686519862186
0,0,0.2637265743450686
0,0,0.26414868642720485
0,0,0.23792022452000083
0,0,0.264322254491854
0,0,0.24191853821713172
0,0,0.2639941264206897
0,0,0.2842922872778405
6,0,0.3347967513861236
2,0,0.32312125954925797
0,0,0.29042842293063537
0,0,0.2862930762971863
0,0,0.2845657184944741
0,0,0.29627482008947487
0,0,0.296022648485836
0,0,0.265464084688968
20,1,0.460146893707315
4,0,0.3179452832820708
0,0,0.2545930576659546
0,0,0.27495758176962765
0,0,0.2763956897099831
0,0,0.27621047783662983
0,0,0.2739832953210683
0,0,0.276160528326906
0,0,0.2317766627377799
1,0,0.3224611352083297
0,0,0.26360375387642937
0,0,0.2509759167989742
32,0,0.4452324100539987
0,0,0.2789340363493905
0,0,0.27497105251967136
0,0,0.28822644333745523
0,0,0.2568026009642329
4,0,0.3063976508967794
0,0,0.24242285124566693
2,0,0.3036838054000173
0,0,0.27823345485253026
0,0,0.2626295759166909
0,0,0.28494536560412004
1,0,0.30171130757691966
1,0,0.3064114610018358
0,0,0.2661798190024072
0,0,0.28578116087339617
0,0,0.2658665697537837
0,0,0.2609063797249915
0,0,0.2578767522573692
0,0,0.29966988962077007
0,0,0.2590061382657372
1,0,0.38177223381243935
0,0,0.2621911778150345
2,0,0.4122795374031282
0,0,0.2780866762073531
0,0,0.25053234738534313
0,0,0.26399116201061307
0,0,0.25251089095575324
1,0,0.361485573311982
4,0,0.3461239390352936
0,0,0.2728056189972718
0,0,0.23916339910148576
0,0,0.27203448009585757
0,0,0.29474876820949975
2,0,0.34268019391474364
2,0,0.3199631967021117
0,0,0.2730753840427253
0,0,0.2879201039555775
0,0,0.25613994153767233
0,0,0.2705768721412009
0,0,0.27263074504670926
0,0,0.26653247314953055
0,0,0.2782228860915708
0,0,0.2551171025865105
1,0,0.31645724794402735
0,0,0.24105313301293535
0,0,0.2914156278334667
0,0,0.2626906883768685
0,0,0.27299932255270043
0,0,0.2527900290461137
0,0,0.2757910684892999
0,0,0.2896306173673057
0,0,0.2639219222001677
0,0,0.2549078115255909
0,0,0.2868894191863247
1,0,0.33338279901309237
0,0,0.2759602989520635
1,0,0.3441075480597358
0,0,0.25208600845926493
2,0,0.4064568039533986
0,0,0.28374712325465695
0,0,0.2752898748489419
0,0,0.29257378239909676
3,0,0.31944346079772906
0,0,0.2517505013218114
0,0,0.28939116503498524
40,0,0.4053406163096775
0,0,0.2528132810615129
0,0,0.2747826349862186
0,0,0.25874141925512406
0,0,0.2938481384926318
0,0,0.26572937699071464
8,0,0.31632836909941525
2,0,0.326805400285441
0,0,0.2609890416356959
0,0,0.2777345456084587
19,0,0.387107527547243
0,0,0.25988117494158086
0,0,0.26641421135767257
0,0,0.26571212546949025
0,0,0.24595619763362334
0,0,0.2642897397058923
0,0,0.25407449145756483
0,0,0.2702290901618176
0,0,0.24804935768221345
0,0,0.26906730440543963
0,0,0.2421233534580637
4,0,0.35221118545898605
0,0,0.2480537030891144
0,0,0.2864763712063957
5,0,0.4202787287321121
6,0,0.3752246969109901
0,0,0.24330809502562922
7,0,0.3577488927933825
0,0,0.24322776998829992
0,0,0.2789537654791906
1,0,0.3190770979844145
3,0,0.32006065609654694
3,0,0.37996903556945405
0,0,0.2842960586223707
0,0,0.2849557373202259
0,0,0.289018470079035
0,0,0.2638827206896211
0,0,0.24831147722406421
1,0,0.3087438626205481
0,0,0.25764747472411753
0,0,0.2658110389902417
0,0,0.24745205787827335
0,0,0.2671648640589856
0,0,0.23305892177294277
13,1,0.45124046326333483
0,0,0.263729411037758
0,0,0.26030598232009633
0,0,0.2701864567500437
0,0,0.26924296465966097
0,0,0.2906403204724033
15,0,0.4247819610067563
0,0,0.27283934118205305
0,0,0.2669679364834651
34,2,0.5545121341511491
0,0,0.28965173702627245
0,0,0.27131532830531163
1,0,0.3063230830623745
0,0,0.27089928578234507
0,0,0.2764691247462112
0,0,0.2667999528776412
0,0,0.2696401261425335
0,0,0.2424298793968762
0,0,0.27622796186227855
0,0,0.29591973559134915
0,0,0.2699834926343511
1,0,0.31137316411599264
0,0,0.27738984334578193
1,0,0.31166456758855243
0,0,0.2791374969658377
0,0,0.2674322737271697
0,0,0.24418111848264157
0,0,0.2758390296870012
0,0,0.23939008001661688
0,0,0.29172225344157837
0,0,0.2308386611685454
0,0,0.26199884312440785
0,0,0.27638994431281716
6,0,0.421263695073651
0,0,0.2718577888638267
0,0,0.2859961356144964
0,0,0.25843943691268434
0,0,0.2600203431423478
0,0,0.2712903091703415
0,0,0.2482901871720667
13,0,0.3954805262137439
0,0,0.2978348027398128
89,0,0.4222641601925419
0,0,0.27023103720405056
0,0,0.2552961476235205
0,0,0.2868412197873462
0,0,0.24913997875079041
0,0,0.228786487410241
10,0,0.33319790854913633
0,0,0.2575133990218544
0,0,0.24112476583704306
5,0,0.44448907791980957
0,0,0.259519025177745
0,0,0.2609755118161362
0,0,0.2709325014851764
0,0,0.290177223178661
0,0,0.24936356245156296
0,0,0.2779219759487416
4,0,0.3505509084172496
0,0,0.26611241169125177
0,0,0.28394362474166623
1,0,0.300657756974423
4,0,0.34728904899872337
3,0,0.3148574574463241
9,0,0.35706996620314213
0,0,0.26893330884629285
0,0,0.2556837793657042
1,0,0.3483321840997874
0,0,0.24157037454197902
0,0,0.2528803224045073
5,0,0.40772893006949634
0,0,0.2609343583960381
0,0,0.25546295506283406
45,1,0.45191866896084265
0,0,0.2511825222982415
0,0,0.2773025708088468
0,0,0.24219016667560855
6,0,0.355733186436284
0,0,0.2681863478046284
1,0,0.33295740816179076
0,0,0.2946955388518088
0,0,0.22937047232506758
0,0,0.2618270363812526
0,0,0.28947160338061945
0,0,0.2584912490068336
1,0,0.3652075731012709
0,0,0.28531442046141164
0,0,0.2692170532209412
0,0,0.2730779966589066
3,0,0.3553625753440983
0,0,0.2523779459369232
2,0,0.3093163551893663
2,0,0.32893622438202574
0,0,0.2415272593338554
0,0,0.2425255152117902
2,0,0.32250279177169294
0,0,0.2303322636797503
0,0,0.29229437075628717
0,0,0.28086464763229735
0,0,0.27798253894636965
0,0,0.2902524153231608
0,0,0.2843654275754582
0,0,0.2747359482543093
2,0,0.30345322920057977
0,0,0.2789385925243827
0,0,0.25562632381066475
0,0,0.2585834648875442
0,0,0.25296482298090145
0,0,0.244152342662473
0,0,0.28038527099133637
0,0,0.24848546353334575
0,0,0.25922181081032536
0,0,0.24367234629960052
10,0,0.4064500520385625
0,0,0.28511559792794694
0,0,0.27902092425126307
0,0,0.2629990860951243
0,0,0.2824881418668835
40,0,0.3765087241014334
1,0,0.38217028447538487
5,0,0.36428089936338776
3,0,0.33742585165084704
0,0,0.2953271550663063
0,0,0.2754484640901493
0,0,0.26369648833052783
7,0,0.33127515198247937
0,0,0.299626323365742
0,0,0.25666419028165566
0,0,0.2979763580176112
5,0,0.3506348552145354
2,0,0.30621353040797616
0,0,0.22919249693889165
0,0,0.283807745341202
0,0,0.27617207601868093
0,0,0.2674922314076675
0,0,0.2377520717686607
0,0,0.2764575992396648
0,0,0.27290786522942917
0,0,0.2619677428025809
34,2,0.4687253337322472
0,0,0.28109177997517454
13,1,0.46001792093647065
3,0,0.3889195946734765
4,0,0.32640061923454156
2,0,0.35475270168752077
0,0,0.2715558424284979
0,0,0.2446972370041515
0,0,0.2774283451193985
0,0,0.25967300841855584
1,0,0.34033601911573397
0,0,0.2612220787247291
0,0,0.25501063688748465
0,0,0.28441129210460314
0,0,0.2729553839441142
0,0,0.26762279592788063
0,0,0.266630368237056
0,0,0.27186572758937916
2,0,0.34814602975257025
0,0,0.2244778797504293
0,0,0.24772033224214957
1,0,0.31387998754147994
0,0,0.28382878494601693
0,0,0.23377491368015796
0,0,0.2603432594926704
0,0,0.2208774273891689
1,0,0.3098919545678342
0,0,0.29870057570007674
0,0,0.2659464595953588
0,0,0.2517817913248012
1,0,0.3010503008380703
0,0,0.23446704052709744
0,0,0.26208024397619256
1,0,0.303010300199883
1,0,0.30164379582112766
0,0,0.27062632310303275
0,0,0.27489554072985045
0,0,0.2810739665215439
5,1,0.45682909851169073
0,0,0.24286253930215032
0,0,0.28821310224928764
0,0,0.29409630202722875
0,0,0.27019502079581736
0,0,0.24195973635969328
0,0,0.27060843262136713
0,0,0.29575646841096725
0,0,0.2838614485835448
0,0,0.2940401088445408
0,0,0.25635340951036206
3,0,0.4192023429908431
0,0,0.2340237340523228
0,0,0.25807158560737914
0,0,0.2881840160154681
0,0,0.28845946740759904
0,0,0.2506512667810151
3,0,0.3604112275311121
2,0,0.30057831899140297
0,0,0.2610806306794401
0,0,0.2679692194040126
1,0,0.3285354450084372
0,0,0.26373517259885615
0,0,0.25396056632162756
17,0,0.4105645233775962
0,0,0.27488178416507114
0,0,0.271077210367761
0,0,0.2604798707242394
24,2,0.4972599789569145
0,0,0.2370485485592663
0,0,0.24683830387049013
6,0,0.3458981828118194
0,0,0.2803224297941588
0,0,0.22957015014933602
0,0,0.2712179843427604
1,0,0.36078328031905493
0,0,0.27796043634754863
0,0,0.2953573814190309
3,0,0.4164177301254224
11,0,0.3818135398828861
0,0,0.284504835817984
0,0,0.2609305091975334
0,0,0.2597002309733145
0,0,0.2720054630020077
0,0,0.27476502831569377
0,0,0.2553575275732692
0,0,0.2759610107581164
0,0,0.2539435004615886
0,0,0.2599279912805404
0,0,0.26301151715874344
0,0,0.2882343428970935
2,0,0.33915437274362337
0,0,0.25448583316663415
2,0,0.3616717262433723
0,0,0.27673447025260123
0,0,0.2652100524871892
0,0,0.24774381835725337
0,0,0.25978826465515503
1,0,0.31464277826629167
1,0,0.35798021308175065
49,2,0.4742835845299375
0,0,0.2851454345237706
11,0,0.36200384673904185
0,0,0.24866016537165506
1,0,0.3047070600088392
0,0,0.29822623529313724
5,0,0.4031553015080431
0,0,0.28202460538151897
0,0,0.2412670855848131
0,0,0.24835196938921597
0,0,0.22843812631517849
0,0,0.24859879174741217
0,0,0.2734251883492154
30,0,0.4259546188485191
0,0,0.2846540073805359
6,0,0.44210674145417117
7,0,0.3117676556196424
0,0,0.2484560221296628
5,0,0.33517125150453536
0,0,0.23508625930588475
0,0,0.24928510928861444
0,0,0.29345195633362453
0,0,0.2654974611627267
2,0,0.3247233006449838
2,0,0.3075283151751591
0,0,0.2544990196069642
0,0,0.2866068560220772
0,0,0.2633489639301055
0,0,0.2985432445299148
0,0,0.25693172300415534
0,0,0.2673204877156935
0,0,0.2662714101566469
0,0,0.268674402898202
1,0,0.3197568590541193
0,0,0.2387027984254405
3,0,0.4017315992721497
0,0,0.2592643989222236
1,0,0.39246444416327925
3,0,0.3829168826509721
0,0,0.234480212301033
0,0,0.2671702598879821
1,0,0.31095372637472807
0,0,0.2695672998522366
0,0,0.2901776339061638
0,0,0.2833637573885024
0,0,0.25132906794550913
26,0,0.4290783670133933
1,0,0.3140657429714517
0,0,0.26271449546238596
6,0,0.38344694881732916
1,0,0.3079082751318892
0,0,0.2847568732010462
0,0,0.2442034424665248
4,0,0.3476232346968607
0,0,0.2509195901656694
0,0,0.25236991785657237
0,0,0.2690898718704302
0,0,0.2451505069634414
0,0,0.28104441210411596
0,0,0.2656065974282699
0,0,0.26689761555652286
0,0,0.26838051208921576
0,0,0.247744649145973
0,0,0.2956988416660997
0,0,0.23597162324946613
2,0,0.32617056685451107
1,0,0.39596470840029974
0,0,0.26224971906779876
1,0,0.36625833345763004
0,0,0.2501784556781572
0,0,0.2568940065975838
0,0,0.25289598903667
0,0,0.26020216938199636
0,0,0.260274014297068
0,0,0.2510033046130641
0,0,0.2993199972187683
0,0,0.24993938314407652
0,0,0.2812301777733227
0,0,0.24402601268404783
0,0,0.27746251124898214
0,0,0.24979368264111837
6,0,0.4294262682005798
0,0,0.2997725135401435
0,0,0.28066785099299035
0,0,0.2708072464256513
2,0,0.32091299322300787
0,0,0.27611768208054216
0,0,0.27528906025355854
0,0,0.2832748549055666
11,0,0.40252483200644157
6,0,0.40401335686490986
0,0,0.28333892858711307
0,0,0.2599893072747794
0,0,0.2853843769168732
0,0,0.2667945661739836
1,0,0.3173634169961065
0,0,0.2669208339790901
0,0,0.27128667402035234
0,0,0.2592840967847845
0,0,0.26967202442066873
3,0,0.341954172590744
0,0,0.272716621317943
0,0,0.2712646234382149
0,0,0.2772534234719535
0,0,0.26982664693759933
0,0,0.263486474878873
0,0,0.27831895766895326
0,0,0.2964221711214182
1,0,0.35357480711722805
0,0,0.2869288146200571
0,0,0.29118000756288304
0,0,0.2964449966409911
0,0,0.24128283012292676
0,0,0.2507938996839127
0,0,0.2223468676758924
1,0,0.3030208482542478
0,0,0.21790242181455968
0,0,0.2565680269344972
9,0,0.3473969963936794
14,0,0.3532358243610007
0,0,0.2532047571531123
0,0,0.28482990250411466
0,0,0.2723637969987812
5,0,0.4461863216041031
0,0,0.280738820380752
1,0,0.30187307492872856
0,0,0.2713295449106427
0,0,0.2517430137035494
1,0,0.3127391250331383
2,0,0.3596282117245049
0,0,0.277844073968417
2,0,0.3103578578758153
0,0,0.27172609587641067
0,0,0.2563178296214984
0,0,0.23034383998984528
0,0,0.26263850581095993
4,0,0.41692641220416465
0,0,0.2403701475931447
1,0,0.3093519925066096
3,0,0.4406354434805015
0,0,0.29679906336672884
0,0,0.24835864452789352
0,0,0.2673879067423761
1,0,0.3020188917431061
0,0,0.25378937891230174
0,0,0.27389409031597733
0,0,0.2716654274723062
0,0,0.2916431335564996
68,3,0.5063196505143147
3,0,0.3332337829990123
0,0,0.2732389492826299
0,0,0.274656454293139
10,0,0.3970827609068507
0,0,0.28604903246779334
0,0,0.28492085328085137
0,0,0.2711711648655565
0,0,0.2472255404658107
0,0,0.2805116963858448
0,0,0.26704768641468574
0,0,0.238923640164764
0,0,0.24459871508731465
0,0,0.2348951270339781
0,0,0.25714485653257124
0,0,0.28283934241780756
1,0,0.30136095034719407
0,0,0.29758610990064494
0,0,0.24809867979395295
0,0,0.27746248261501777
0,0,0.25825551869612795
0,0,0.2993314209360588
3,0,0.32544736676004626
0,0,0.27347806853804385
0,0,0.2763735956462045
0,0,0.2562024596492906
0,0,0.2990350567258997
3,0,0.33979418107129805
0,0,0.29947135767149535
0,0,0.27116554920846975
54,0,0.43497045407238655
0,0,0.25598964948849906
2,0,0.30892341309300175
10,0,0.3803322106799766
1,0,0.37424508166916814
1,0,0.30544333085676195
1,0,0.3334680940449052
0,0,0.22359522926899247
0,0,0.2793230453139317
0,0,0.23599877581564355
18,0,0.3356555727218794
3,0,0.33147590234724866
1,0,0.3068731108704121
1,0,0.34241730771990303
0,0,0.2297745234973399
0,0,0.2077114648107285
0,0,0.2660540125339118
7,0,0.44686829905074676
0,0,0.257574815305625
0,0,0.27699183128621907
0,0,0.2737102495309097
0,0,0.26010205260158814
0,0,0.23298582357612946
0,0,0.25795282313234397
0,0,0.29447125933525203
0,0,0.2941024615889552
0,0,0.24805044787870686
0,0,0.2867824231919158
0,0,0.25335869064950955
1,0,0.30198908030766364
2,0,0.3118296935613063
6,0,0.3740584918494969
0,0,0.21678745819830747
0,0,0.25657415628910546
0,0,0.26212061084776506
1,0,0.3048769164397825
12,0,0.31999529061288373
0,0,0.2662212638095968
3,0,0.38111282432643184
0,0,0.230624052775486
0,0,0.2596576861453587
0,0,0.29625095178832134
51,0,0.3868464269549448
0,0,0.2792290970707227
0,0,0.25631951192880303
0,0,0.254870917425194
0,0,0.262867307640931
0,0,0.2718359719109621
0,0,0.29817851579089005
6,0,0.35248804340579565
0,0,0.2686178024025282
0,0,0.24228625374850832
3,0,0.3068110956347014
2,0,0.31583992550611617
0,0,0.2586365655527692
0,0,0.2972233992605538
3,0,0.35948935284956574
0,0,0.282797737442017
0,0,0.28234135025043294
7,0,0.3912422854097129
0,0,0.2582725854948945
0,0,0.24912377526883195
0,0,0.26293190180609305
8,0,0.39104297320927944
1,0,0.34666038207126787
48,0,0.4027948576849307
0,0,0.24122612082960046
0,0,0.2632273964885926
0,0,0.24216437079547454
0,0,0.2686588075270852
3,0,0.37386729038810995
0,0,0.29706918086849066
0,0,0.24409291885361767
0,0,0.26889171837711373
0,0,0.2820119803355643
0,0,0.2757380318484236
0,0,0.27738185890699524
1,0,0.30187893235676927
4,0,0.34811898363409877
3,0,0.31488175463033125
0,0,0.26940422339904424
0,0,0.28686122663246016
0,0,0.28129124121302906
0,0,0.2650932230618446
0,0,0.26908618538776724
6,0,0.34336628864791285
0,0,0.2499323887825567
1,0,0.4045259132469039
0,0,0.287019386324562
12,2,0.5051793628843877
0,0,0.2854966595624245
0,0,0.2634998368164077
2,0,0.30730841493702776
0,0,0.284981373997642
0,0,0.2980272325171839
1,0,0.31699286667166293
1,0,0.30544871581322447
0,0,0.2706419728388125
0,0,0.24778765665264021
5,0,0.4465317693558813
0,0,0.2348008016556675
0,0,0.25158027314755294
0,0,0.28275835858063053
0,0,0.25721978318588506
0,0,0.28191656462614983
0,0,0.2783149115627425
0,0,0.295912580934499
0,0,0.26341462952557876
0,0,0.26582117622538803
17,0,0.41499026541112527
0,0,0.25159496544768406
0,0,0.2822064963802796
0,0,0.27593975701981854
0,0,0.2747164568037712
0,0,0.2857314184888828
2,0,0.385292875727877
3,0,0.3298249420247871
0,0,0.27130464077578387
0,0,0.2752239838525433
0,0,0.29878949029553414
0,0,0.2513799682510033
0,0,0.28964897297405456
5,0,0.30842115616989785
0,0,0.25953725557023366
0,0,0.2677717226806517
0,0,0.26741910952213543
1,0,0.3565147185969468
14,0,0.43880840264924004
0,0,0.2587250735093811
0,0,0.27295612781872813
2,0,0.30955192932383874
0,0,0.2792677689753505
0,0,0.26049004225982975
0,0,0.2488464289670841
63,0,0.4039475439919552
1,0,0.3222790789683226
0,0,0.2612242927415407
0,0,0.29897877087635316
0,0,0.29094243989680657
1,0,0.3237211419988288
0,0,0.2815174463571967
0,0,0.2630441771571133
0,0,0.26232449417874204
0,0,0.2678538177352765
0,0,0.26562824497085513
0,0,0.25791462262395914
1,0,0.3000696328776278
0,0,0.26623288514190513
0,0,0.25655083601593237
1,0,0.3562937816816124
4,0,0.4206868506085528
0,0,0.2545837463883004
26,0,0.3836447905090377
0,0,0.2954190402721915
5,0,0.39817045762127995
0,0,0.273939142769978
0,0,0.2416574888594802
0,0,0.2705398140229578
0,0,0.2307946465723132
0,0,0.2734333076673415
3,0,0.34315263027249354
1,0,0.3011392099585314
0,0,0.23908617929775414
0,0,0.2635084115350874
0,0,0.27175897769468316
77,2,0.6245770853439595
19,2,0.49705689274217457
0,0,0.2522634514565753
0,0,0.2256714556920883
1,0,0.33394763334632216
0,0,0.26057511970169456
108,0,0.41103449044939394
0,0,0.2898739801306156
0,0,0.2477818992425038
70,3,0.5360193901876997
0,0,0.2903603218016429
0,0,0.240085195982053
1,0,0.32741147020679545
2,0,0.3559012549201317
0,0,0.2545549153143804
1,0,0.35057953149386256
0,0,0.2693886862360997
0,0,0.25531208479045725
0,0,0.2793777588403199
0,0,0.2807104029143598
0,0,0.2614898943842026
0,0,0.29033293428635915
0,0,0.2627469250692136
0,0,0.2801713226083888
0,0,0.2783968763811209
0,0,0.2649982967755866
0,0,0.2735784978131015
0,0,0.2639256356864149
0,0,0.2631147058773365
0,0,0.2759391309814258
0,0,0.26237088231375977
0,0,0.2860781795109899
0,0,0.26725631015802703
0,0,0.2495507421786227
1,0,0.3142865007106673
2,0,0.31662687061340966
0,0,0.28858388362896115
0,0,0.2287534349399338
5,0,0.39876244325786714
0,0,0.26725873656430543
0,0,0.22202136350063117
0,0,0.2831077036971539
0,0,0.24259640171477154
0,0,0.27286326586934656
2,0,0.32626512500334565
8,0,0.4134310504391727
7,0,0.3174160840325078
10,0,0.4075276370481159
0,0,0.24928742061802436
0,0,0.27870334045269984
0,0,0.2599044333865762
1,0,0.35473787426572034
0,0,0.2992266120963036
15,0,0.3641772067597788
0,0,0.2849901128000431
0,0,0.2960032357228075
0,0,0.2637458495544673
0,0,0.27430375920521255
0,0,0.25761645486978263
0,0,0.2472520181165802
0,0,0.25458027822227847
1,0,0.3355732412492294
0,0,0.2946063711244659
8,0,0.3506630555538582
0,0,0.2863324405227233
2,0,0.3140939978455253
6,0,0.307953664599725
1,0,0.3612208811728414
0,0,0.2490415622628012
0,0,0.2446510912199341
0,0,0.27814290259234353
0,0,0.29842092147880234
0,0,0.2554276355001455
1,0,0.30807250158322014
0,0,0.29056467218149185
80,3,0.4986995431977191
0,0,0.25320236308483013
36,2,0.5174558140104558
0,0,0.27168919715751844
1,0,0.3049933362111412
0,0,0.27899558320081475
0,0,0.26630470541917645
0,0,0.2629055807928475
0,0,0.22995854409696426
0,0,0.24830526279965826
0,0,0.2904671745294382
0,0,0.2646754686648787
0,0,0.264492048443273
0,0,0.24281499838383125
0,0,0.2711873792992343
2,0,0.3086829255373578
0,0,0.2805045551413023
1,0,0.3170022926441838
0,0,0.28541448443940787
0,0,0.24348538664760666
1,0,0.3173546514295443
1,0,0.3222841831544924
0,0,0.2601323325969666
0,0,0.25527592514348946
14,0,0.3698738251507394
0,0,0.2765021916432713
0,0,0.2768832249828241
4,0,0.3498625219333076
0,0,0.2876121133405476
0,0,0.24758451749443955
0,0,0.280417854915692
0,0,0.234045252095102
0,0,0.25012034365397406
1,0,0.3429228819844813
0,0,0.29263137768472436
0,0,0.2690416096728282
61,0,0.4114045678399913
0,0,0.24320352144239898
0,0,0.25830967301880464
0,0,0.26777032624987385
0,0,0.2320920053962881
1,0,0.4112709171851464
0,0,0.24242708776194624
0,0,0.2593298938085782
0,0,0.2640149767403448
0,0,0.27616827586718823
0,0,0.2679428448506619
1,0,0.333870953051319
0,0,0.25033699528571796
0,0,0.29083964714721616
1,0,0.3004499572398766
0,0,0.28234228054089555
0,0,0.2619041521974966
0,0,0.28131581538828726
0,0,0.25789295734789286
0,0,0.2444471276777451
2,0,0.31155628303074256
0,0,0.2479695383041185
37,0,0.4184751798670974
0,0,0.2844476672319165
0,0,0.24290520762896098
0,0,0.2786459763540331
0,0,0.24087800618026967
0,0,0.26158141527466655
0,0,0.28668069379551914
0,0,0.2333833923601023
0,0,0.24884664639017504
1,0,0.30184976104586764
1,0,0.3239600912412447
0,0,0.2623987315029681
0,0,0.25929437045427806
0,0,0.2942438846306863
0,0,0.2698205147361481
1,0,0.30354959740114246
0,0,0.2580203789541662
0,0,0.272844467271822
0,0,0.2494766368399823
6,0,0.4079970314576652
0,0,0.28303427118745705
0,0,0.2721845779967994
0,0,0.22602655897474383
0,0,0.29015095618052683
3,0,0.3375658824777305
1,0,0.3407451318328064
0,0,0.2805986544102904
0,0,0.2667949463628305
4,0,0.3598710576310119
0,0,0.296618227796271
0,0,0.2561616708075992
0,0,0.25295778699021126
0,0,0.2535612324811468
0,0,0.24893575535508009
0,0,0.2699058201320459
0,0,0.2679141850113839
0,0,0.2808843202687526
0,0,0.26749202095754515
14,0,0.40008949619450523
3,0,0.36375726007230785
0,0,0.27029408294977286
0,0,0.24611416667158836
0,0,0.27768482725154586
0,0,0.28397359213197193
0,0,0.26510964327005
9,0,0.3272168199343859
2,0,0.3054530881705948
0,0,0.2707767491788172
1,0,0.3062553204607673
0,0,0.27734766700744196
0,0,0.2692484257764398
0,0,0.2565132336155607
2,0,0.310565621227015
3,0,0.3266914163189098
0,0,0.2473886330818662
0,0,0.2772050835500592
0,0,0.2521390173412511
2,0,0.3094624504083358
0,0,0.29739688229826944
4,0,0.3806428589065258
0,0,0.2683475721207181
0,0,0.22981238849985514
0,0,0.2595450588261836
14,0,0.3967807289000744
0,0,0.25739807384654695
0,0,0.28726140473056533
0,0,0.28627539104825095
0,0,0.2710616545093708
1,0,0.31633574777663986
0,0,0.27668755307861054
0,0,0.2711825683988193
0,0,0.22419029203832355
0,0,0.2954847831854182
3,0,0.34459454255454813
0,0,0.252372426583574
1,0,0.3136884168297927
0,0,0.2544444269358614
0,0,0.22869184915392943
0,0,0.22523475100943846
0,0,0.25996392729655876
0,0,0.27618991606134874
0,0,0.2286822954165724
0,0,0.24646082025157032
1,0,0.30174044964446733
0,0,0.2543138693285975
0,0,0.27278619751921496
0,0,0.2817446697942565
0,0,0.22331581403350365
0,0,0.28264020267950607
0,0,0.26374856283234305
5,1,0.45522743002963695
0,0,0.2763965006231211
0,0,0.25844571931225807
0,0,0.2831383815047047
1,0,0.32000957674805
0,0,0.24147161667266445
0,0,0.27767687892098647
2,0,0.3044902684084844
0,0,0.2779239417947057
0,0,0.2325181000791139
3,0,0.3281169993730319
38,0,0.3861659864942278
0,0,0.2498126087698771
3,0,0.3955799409637772
0,0,0.2617608999739948
1,0,0.30169066494192626
0,0,0.26638386861271524
53,2,0.48152868590334946
0,0,0.2860445648858809
2,0,0.3160763221345764
0,0,0.2770920065900594
0,0,0.2821563015505236
0,0,0.2425231012198551
0,0,0.2816960592850185
15,0,0.44976879754518534
0,0,0.2841736353691299
0,0,0.26859028504294297
0,0,0.28576320074617706
0,0,0.20500618746183388
0,0,0.2993933542287102
0,0,0.2692778726643507
0,0,0.2889005695059218
0,0,0.29417513958778463
0,0,0.2573626275796489
0,0,0.2803145017278724
0,0,0.23846720731350937
0,0,0.2505553607477811
0,0,0.2922729798597859
0,0,0.2700315513472064
0,0,0.2232981079365638
0,0,0.2782790084323777
7,0,0.3986335643698307
0,0,0.24424193613615724
2,0,0.33193258012809124
1,0,0.39571006595147934
57,0,0.41409280077537663
0,0,0.2775337336096737
0,0,0.28344206920978343
4,0,0.3141820228646869
0,0,0.2605287828457724
6,0,0.30752207763918765
0,0,0.27258022184443537
0,0,0.2777661968893365
0,0,0.26788284169036697
2,0,0.33410029488122767
4,0,0.3671399360271666
0,0,0.24203007072728724
2,0,0.36218106017114865
0,0,0.2361246757445487
0,0,0.2685604925861071
0,0,0.26195601368692756
0,0,0.2847040034395239
1,0,0.3647443195255358
0,0,0.286094781295386
0,0,0.2601709175085622
0,0,0.24381147611318754
0,0,0.2655521040316614
0,0,0.24997176948735594
2,0,0.32288721766186895
0,0,0.2485480613508927
1,0,0.3013261145518794
0,0,0.25707901895005314
0,0,0.2885380127144581
0,0,0.27812666576829786
0,0,0.265791674309522
0,0,0.23629022865391522
0,0,0.2971824794789744
0,0,0.26280135794207077
0,0,0.23932415210901362
0,0,0.2776412923659514
4,0,0.33160343759984123
1,0,0.30084597686758047
10,0,0.4089572554432626
10,0,0.31711925712400335
0,0,0.24923466497846294
0,0,0.2575076233071801
0,0,0.274437047968984
0,0,0.2764706673999707
2,0,0.3582055092471274
3,0,0.3064521642007912
0,0,0.2539173457749019
0,0,0.28714688529370597
0,0,0.2998011962655543
0,0,0.2945234543518718
0,0,0.24893450530233843
0,0,0.28354985624740786
0,0,0.2784379568125937
0,0,0.24657459949241156
0,0,0.28993073441962963
60,3,0.4925753179825829
0,0,0.24944502183742015
0,0,0.2730568078189221
10,0,0.4193152288868727
0,0,0.26930726752886397
32,0,0.3854071910624775
11,0,0.40037019878781965
0,0,0.27248793826742457
0,0,0.2739354063275067
0,0,0.278055753718373
0,0,0.297814170366912
0,0,0.2817180067219041
0,0,0.24793415822950557
7,0,0.44964369982443225
0,0,0.26738341152570044
32,0,0.36507945365608885
0,0,0.249608213515392
1,0,0.30820278457236006
0,0,0.2592984311284713
0,0,0.24926001605678305
22,2,0.48000908201279435
0,0,0.2887751210549786
3,0,0.3523198556744426
0,0,0.2347133908141931
0,0,0.24962630461235147
0,0,0.2682851668635487
0,0,0.2521014963231088
0,0,0.21770544817262316
0,0,0.2693287661644558
0,0,0.24397587268146134
4,0,0.4417640051598589
0,0,0.2519172854042724
0,0,0.2788895216756458
6,0,0.30844156450567045
0,0,0.23972817834880097
0,0,0.29887978073024724
0,0,0.2797338630075214
0,0,0.27991534435308857
0,0,0.27504108718524406
11,0,0.3394896374493143
0,0,0.26597715994068266
0,0,0.2765449392398258
0,0,0.2574198235792833
0,0,0.2843365525561671
0,0,0.2902453363710836
0,0,0.2826306387935899
2,0,0.3673444566681937
6,0,0.36125344206154075
75,3,0.5630549756915159
1,0,0.30140239875524155
0,0,0.2692101310652542
0,0,0.2522858184488632
0,0,0.25649536360220493
0,0,0.21660483251090218
9,0,0.4365709003088763
0,0,0.29341117296796704
0,0,0.23625653528797974
0,0,0.26212199833727295
0,0,0.2716391566870544
0,0,0.2541330890205742
0,0,0.29167348760594775
0,0,0.2933980771910398
0,0,0.2917830930432338
1,0,0.34923047973125615
0,0,0.2691245013661635
2,0,0.3773624139461695
0,0,0.2661795968879842
1,0,0.3343313019849939
1,0,0.39476722769594363
0,0,0.25553214784078176
0,0,0.2545941190691759
0,0,0.28912169746374544
0,0,0.264608706027563
0,0,0.24932901520338596
6,2,0.49636249155135453
4,0,0.33236480596973145
0,0,0.2483859745718805
3,0,0.32744360697094793
0,0,0.24574367603319108
16,0,0.40386472161043097
0,0,0.2646323115952
43,0,0.43903285704839584
1,0,0.36544044431451744
0,0,0.26079047296765717
1,0,0.30803854090983535
0,0,0.2617397960328215
0,0,0.2276859678944759
0,0,0.2988589229822811
1,0,0.3394022030012835
21,1,0.46820998574769795
0,0,0.27897638848160344
53,0,0.40238011163910214
0,0,0.2553437396647715
0,0,0.26473913122305726
2,0,0.39327803226324626
3,0,0.36354274772501577
0,0,0.295911823197459
0,0,0.28035084742649546
0,0,0.2416243963099603
0,0,0.2921126692451766
0,0,0.2912875335083438
0,0,0.28161674023758526
0,0,0.25238653032949165
0,0,0.2744974891903324
0,0,0.27767209160494555
1,0,0.3003825984436197
0,0,0.25735588997424425
44,0,0.3314418306428804
0,0,0.29192265844095167
0,0,0.28219410019988145
0,0,0.24127371789592567
0,0,0.28693705077492343
0,0,0.29376162363805164
6,0,0.32833757535073016
0,0,0.27794123636414597
1,0,0.3129860390488986
0,0,0.2549434366322371
0,0,0.24208011185839542
0,0,0.26309327333848165
0,0,0.24768517647676389
0,0,0.28204903180814694
1,0,0.3038450423870077
0,0,0.25588073646204623
2,0,0.35201622807877914
0,0,0.2541042532722872
1,0,0.38489215533255067
0,0,0.2870204845750189
0,0,0.23045218204191562
0,0,0.28068502821365054
0,0,0.21885351697544056
0,0,0.2994658384509912
0,0,0.24146969038963007
0,0,0.2792095420861028
0,0,0.2936353876189958
0,0,0.28314591479862555
0,0,0.27083242498900945
0,0,0.2729606454430057
1,0,0.3665966503426124
0,0,0.2790116694404508
0,0,0.25523842691746124
0,0,0.26421544973523137
0,0,0.2641634090666262
0,0,0.28367178850063285
0,0,0.27300795007778444
0,0,0.28952580217169266
5,0,0.319245867667997
1,0,0.3486633341095201
4,0,0.37562389413185227
0,0,0.2860400830314605
0,0,0.2563404806821948
0,0,0.2761583775451802
0,0,0.2585044090705611
0,0,0.26896611940024545
0,0,0.27300769715927514
0,0,0.2580110151665677
2,0,0.3053160572413768
0,0,0.28674359705816854
27,2,0.579302983045107
4,0,0.40780704455150546
0,0,0.2773163143729271
0,0,0.2788785869578076
0,0,0.27478618982635383
0,0,0.2997330771027646
1,0,0.3451945042236624
0,0,0.22687064978661622
0,0,0.2847218819746908
0,0,0.28164118852874803
1,0,0.30277494970328117
0,0,0.2908498460467184
0,0,0.25293282398162314
0,0,0.2545780276844788
0,0,0.2138139131689243
0,0,0.2717052420635292
0,0,0.2834964953549061
0,0,0.27175892388056894
8,0,0.35924476725355653
0,0,0.2543139136254336
0,0,0.2936443209888628
3,0,0.312473280816989
0,0,0.2881861666169249
64,2,0.5752764658690367
1,0,0.30093780408636334
0,0,0.268627232831419
2,0,0.33655536888293547
39,0,0.40830739494576773
0,0,0.2610875450930996
0,0,0.27281997215764203
0,0,0.2533776800172204
26,2,0.47882799012869515
0,0,0.2807769012793948
0,0,0.29684100295476723
16,2,0.5149247991928041
0,0,0.29630135878010083
0,0,0.25853245547804066
0,0,0.2817528735010283
0,0,0.2724338197425778
2,0,0.3100327585273015
0,0,0.24651313385422086
8,0,0.42736564077609274
1,0,0.3187526537804486
0,0,0.29450981703812174
0,0,0.27374137480635785
0,0,0.25226730522030033
0,0,0.2588782290047069
0,0,0.2807996677623224
6,0,0.3697258389616103
0,0,0.2914058008929008
0,0,0.26989266561730546
0,0,0.2472694548719688
0,0,0.24222410415103907
0,0,0.23904656653544912
0,0,0.2763332102515354
0,0,0.2177662137146852
0,0,0.29862371628578516
0,0,0.2789207291318604
0,0,0.25705857186487596
0,0,0.25356861173746886
0,0,0.2611475133481833
4,0,0.36241511599683296
0,0,0.25841029276893834
0,0,0.27964617953215903
0,0,0.25562026429320356
0,0,0.2678158668628048
2,0,0.3370985216154223
0,0,0.24763821687681672
0,0,0.2975253271565445
0,0,0.2953539039070934
8,0,0.3110532897788921
0,0,0.2524231617051854
0,0,0.2594062060273459
0,0,0.23767819204474538
1,0,0.3212556615953683
0,0,0.27522301122809256
5,0,0.33868390725586894
0,0,0.2634082644370171
0,0,0.2511453343722504
0,0,0.2643017306164329
0,0,0.267659645063838
4,0,0.3661707448374131
0,0,0.23395060984793467
0,0,0.2613736213350609
0,0,0.2483842878113391
0,0,0.24886288012298424
2,0,0.3085836580637759
0,0,0.29476099292688307
0,0,0.2673471291914447
0,0,0.24016993321431343
0,0,0.2763514630869926
0,0,0.2703277064086947
1,0,0.4045565100489442
0,0,0.2805662531017307
1,0,0.3436979694033329
0,0,0.24816876221102574
0,0,0.28301618233154585
0,0,0.2975729892271169
1,0,0.3053678218368414
8,0,0.3162689623893374
1,0,0.3055732744167669
0,0,0.28153285621871926
0,0,0.26974729095643485
0,0,0.29199798542122074
0,0,0.2682240956817352
0,0,0.2819219912194462
0,0,0.2643330812710358
15,0,0.35081158434401105
0,0,0.24055780364849746
0,0,0.2769955809387736
2,0,0.36910248205281154
0,0,0.2532960018088738
2,0,0.3268823230088653
0,0,0.23374223284868287
1,0,0.30043268424283204
0,0,0.26903833877931776
0,0,0.2558752831533469
0,0,0.2776311525705264
0,0,0.27909902696476613
0,0,0.26646670950617496
3,0,0.3340277069901682
0,0,0.23436722297710205
6,0,0.39921862973638145
3,0,0.40271417069448606
0,0,0.2514430872762541
0,0,0.27175000168224395
0,0,0.24303825058996176
1,0,0.33159260069595436
1,0,0.3112697924429298
4,0,0.3703416908353935
4,0,0.39730419329040484
0,0,0.27844560933733736
0,0,0.2503009025505088
0,0,0.26782249810453235
0,0,0.253799493834978
0,0,0.26547100747707725
0,0,0.23755248831055575
0,0,0.27496451244924025
0,0,0.2606743521927022
0,0,0.25283988824742
0,0,0.2757209623687643
0,0,0.2805727834906588
0,0,0.2691788537509465
5,0,0.43403766812216077
0,0,0.2728249827979071
0,0,0.2801820910491738
2,0,0.3074829578847403
0,0,0.24106811930200736
0,0,0.24935809838331235
4,0,0.37271862946941464
0,0,0.2943464744331199
0,0,0.2756084689409166
0,0,0.27044170152279834
2,0,0.31745353184170094
0,0,0.27352076353955473
0,0,0.2631142015989102
1,0,0.312689596094251
0,0,0.258804174349213
0,0,0.2425972369697605
1,0,0.3692011478881364
37,0,0.4266755477950178
0,0,0.2770084343073362
0,0,0.28030616936908703
0,0,0.23845226980326803
0,0,0.27816444312759503
1,0,0.31495876449226484
0,0,0.2646685867348817
0,0,0.26789230348377735
0,0,0.2907570742472443
0,0,0.2578586647528282
1,0,0.3110118208349826
1,0,0.3207411447829342
0,0,0.24359523000324715
2,0,0.3574370468323257
0,0,0.24933261317143854
0,0,0.24740134749561848
17,0,0.3793815733928206
0,0,0.2891750453836914
96,1,0.45399569819331737
0,0,0.2572888524988213
0,0,0.24546137637792906
1,0,0.30026972882984176
0,0,0.257158609082555
1,0,0.32711063815345015
0,0,0.2782494236497814
0,0,0.26001496646837796
1,0,0.33145338781132355
0,0,0.28188365316296127
0,0,0.25533365536479513
0,0,0.28184047310776744
2,0,0.33706486360244275
1,0,0.305260403751172
0,0,0.26027827050178204
0,0,0.2553285088546585
0,0,0.25631368806908117
1,0,0.3722816844786458
0,0,0.23241416873185525
0,0,0.2752783770950948
0,0,0.2927828260973851
0,0,0.2938008318338391
0,0,0.2772828126073454
0,0,0.299870182826416
16,0,0.33587132658372665
0,0,0.2875211548321309
4,0,0.3543476977022991
0,0,0.28962985305830896
0,0,0.26778898780651594
0,0,0.296483510085039
1,0,0.32919204772368543
2,0,0.34319520284431176
0,0,0.26202359075872494
45,3,0.5011430880465688
0,0,0.255278470850378
0,0,0.2955230291098737
0,0,0.2792801966771745
0,0,0.24654612462831957
0,0,0.25010878877458703
0,0,0.2511377013826213
0,0,0.2772441137716022
0,0,0.26747035633386956
0,0,0.25234250515544304
0,0,0.26111374833279255
1,0,0.303010658190591
0,0,0.2559830409741597
0,0,0.2706337183123837
0,0,0.2723959025588219
0,0,0.24945318959228652
7,0,0.4204616112002071
0,0,0.20280589347097486
0,0,0.2690484760033588
1,0,0.399198744007868
0,0,0.2788991478943341
0,0,0.2689135180673813
2,0,0.3190308796315919
1,0,0.31230831520906105
0,0,0.26616463770157767
2,0,0.3306346829522635
0,0,0.26117456108821024
0,0,0.2570327171788102
0,0,0.2590442600114672
0,0,0.23649320502009286
0,0,0.259829976711627
21,1,0.471115868331919
0,0,0.27898883180014566
0,0,0.22037209142262473
0,0,0.2871526588024523
0,0,0.2520764540703913
0,0,0.27516132475631966
0,0,0.2673396577463198
1,0,0.325939131279247
3,0,0.4064364753093412
0,0,0.2778160938978961
0,0,0.27014505886810847
0,0,0.24197967656014419
1,0,0.3904846312083509
0,0,0.2957965851854427
1,0,0.39214059512085203
0,0,0.2916835845404994
0,0,0.294694695928511
0,0,0.27254560420097396
1,0,0.34638958040208073
9,0,0.33944509677349066
0,0,0.2854729022617704
1,0,0.3032735513988215
0,0,0.26293212788097614
0,0,0.2933361965430613
0,0,0.29778596728972023
2,0,0.30124150197831534
0,0,0.27393558181293154
1,0,0.33862105938480197
0,0,0.29203816470363697
36,1,0.4578682003389917
0,0,0.25481932497292425
0,0,0.24343239962725427
0,0,0.24895929500539637
6,0,0.3657921216464247
0,0,0.27713858331722907
0,0,0.2503621480074234
0,0,0.23365972759375442
0,0,0.27168223760355853
0,0,0.2522173409347717
0,0,0.2635416224942734
8,1,0.4520278844853319
0,0,0.2685205988262732
0,0,0.28935975933605856
0,0,0.24555031709722625
0,0,0.2796973677557005
0,0,0.25625209001842003
1,0,0.30972682424800635
5,1,0.45126806233739275
1,0,0.32550960207343377
4,0,0.36916560208780197
1,0,0.30825782326834594
55,3,0.5346023738774065
0,0,0.273834318795594
4,0,0.3067414659899857
0,0,0.29420205370424596
11,0,0.4367724444342639
0,0,0.2967872565876977
0,0,0.23500814571977938
0,0,0.2767826270402293
0,0,0.26247060425924457
0,0,0.23846745432832708
0,0,0.2991325138805616
7,2,0.4649228316948276
3,0,0.30400325089456404
0,0,0.27075867704301215
0,0,0.2539164664927531
1,0,0.32724492271470224
0,0,0.270196328181568
0,0,0.267863652656425
0,0,0.25409695775948227
0,0,0.2703272780923198
0,0,0.29059043076045094
0,0,0.27064541050217583
0,0,0.26602196573693976
0,0,0.29343425478359875
14,0,0.42199532031747056
0,0,0.289171808851103
3,0,0.3276226228755632
0,0,0.23763818649924157
0,0,0.24746783686011015
1,0,0.4072225168111285
0,0,0.2508035575944305
0,0,0.2731224476945535
0,0,0.23872531692161858
0,0,0.28572232371186185
4,0,0.3436549809405384
3,0,0.33768099439056504
0,0,0.2689221268147587
0,0,0.26843077289975603
1,0,0.3192811591248952
0,0,0.2521780998915406
0,0,0.28988850039645575
0,0,0.2787161491583236
0,0,0.2705276111718017
0,0,0.25464822439023
0,0,0.2938822113455888
0,0,0.2664432058419951
0,0,0.2633743584844155
0,0,0.27129097874997876
0,0,0.2756830680173037
1,0,0.3619418250529626
2,0,0.308778154511456
0,0,0.2555167794475589
0,0,0.2676741327891594
0,0,0.2883477990522873
0,0,0.2539815461934192
0,0,0.2720254282705819
3,0,0.3658371684031258
0,0,0.2505704405418027
0,0,0.25579452951575526
0,0,0.24791863371906175
0,0,0.28639267768336435
0,0,0.29624298415407696
0,0,0.2691180083790906
0,0,0.2602472417795046
0,0,0.2887560887707751
1,0,0.30937557193470605
0,0,0.2980638927052703
2,0,0.37789086195698574
1,0,0.3009472696495702
2,0,0.32401593693647446
0,0,0.2472877708619886
0,0,0.23804782884754808
0,0,0.24232512315077195
0,0,0.24105655438886206
0,0,0.24749002920139776
0,0,0.2396305419682417
0,0,0.2941574249750667
0,0,0.27666381100431225
0,0,0.2787383950414086
0,0,0.26993755513483153
1,0,0.35368696678567085
0,0,0.29448055811005924
0,0,0.26388609887703335
0,0,0.2641480146654699
0,0,0.27097919884525795
7,0,0.3592975142019006
0,0,0.2853896027629575
0,0,0.291382307659481
0,0,0.24159020120274555
2,0,0.34509519945535455
0,0,0.27344735482437327
1,0,0.3034302571091335
0,0,0.24283427194459078
3,0,0.32310897837722197
2,0,0.30423865191516164
2,0,0.3281974712617214
0,0,0.2666476044619249
0,0,0.2640321476223792
0,0,0.28438265819796454
4,0,0.4326557447301243
0,0,0.2660070088139189
1,0,0.30435077409391026
2,0,0.3096384395207706
16,0,0.40085741149939275
2,0,0.3868451407046628
2,0,0.3317657486522284
0,0,0.2697370868755134
2,0,0.3023397426821658
0,0,0.2512731684334179
0,0,0.25372481529422286
0,0,0.26875611830177015
0,0,0.2674712947969977
1,0,0.3082626590943576
1,0,0.32483359717764687
8,0,0.39224841513131126
0,0,0.2858549801382187
0,0,0.2529049874425551
0,0,0.24109584232784614
6,0,0.3157739837697284
0,0,0.2590152951058425
0,0,0.2535204042029438
0,0,0.2680336096033998
0,0,0.26987173732302194
0,0,0.2907735877518557
0,0,0.2773195893513302
1,0,0.3166581505942
0,0,0.2571220098959851
0,0,0.2793400896779214
0,0,0.2822648241333979
0,0,0.2935193138938576
0,0,0.25439364312604285
0,0,0.2938437088449366
0,0,0.27210098638875696
17,0,0.4106820901628789
0,0,0.28565034503073194
0,0,0.2619090192194548
0,0,0.2467605934676379
0,0,0.2487762545713839
0,0,0.23400944440778979
0,0,0.2804418783443369
1,0,0.3280518308229644
0,0,0.2534841917947741
0,0,0.2532104119455844
0,0,0.25389595983805757
7,0,0.37472133004383645
2,0,0.3186076727187268
0,0,0.27293831543080666
0,0,0.24067577479412933
0,0,0.25818879382587734
0,0,0.2914885909388594
0,0,0.299749254883079
0,0,0.25812281905755374
2,0,0.31756349413521484
0,0,0.27310075651802
0,0,0.24175628078159278
4,0,0.3107805372481234
0,0,0.24935084269517915
2,0,0.3738358422112223
0,0,0.2540668115309757
0,0,0.2736385971296974
0,0,0.28911785869870127
0,0,0.27369029335654327
0,0,0.283632582721733
0,0,0.2673785461160448
0,0,0.2758707860462605
0,0,0.2834318876614418
0,0,0.292978954478369
0,0,0.25864757163567903
0,0,0.25813859537040224
0,0,0.277922127966498
3,0,0.3244631254813786
0,0,0.2813581915162901
0,0,0.2970262909647074
1,0,0.3365971024706449
1,0,0.31752475526481344
0,0,0.28075860280862286
15,0,0.3577699830185119
2,0,0.3205505271939561
0,0,0.2569795505631109
0,0,0.2947986620696011
0,0,0.28656957496302704
0,0,0.25995751741652756
11,0,0.3969295330245605
0,0,0.2799445572029219
0,0,0.2389626274722719
0,0,0.24977250651276925
0,0,0.24526751517487605
0,0,0.2576253622948386
0,0,0.2360123714675212
0,0,0.27946988553430685
0,0,0.28046530573547024
1,0,0.3022732636514434
2,0,0.3057344425719654
0,0,0.2691329473982748
0,0,0.2715721754860131
0,0,0.2660576661858011
0,0,0.268493443831029
0,0,0.2772631856484328
0,0,0.26847493637834763
0,0,0.25323441730595175
0,0,0.29710196850012044
0,0,0.2934114566115884
3,0,0.3704626265393907
0,0,0.29262928981365405
2,0,0.3196251002748838
5,0,0.3154076157168859
0,0,0.28740920013716287
0,0,0.28675240296540294
0,0,0.2703856971616721
0,0,0.26938507360818886
0,0,0.2627011281110889
0,0,0.26492256019062876
3,0,0.3296857036740804
0,0,0.2707321874072597
0,0,0.2383150361766171
0,0,0.2690989387342891
0,0,0.25700661071997
0,0,0.29574846914856756
0,0,0.29092190481770075
0,0,0.28505192248398137
5,0,0.40037506383005267
0,0,0.2423167964940912
0,0,0.28228048134310024
46,4,0.49209643751280313
4,0,0.3672009304408478
2,0,0.3239106215351316
0,0,0.25088440036850435
0,0,0.2701358565719352
0,0,0.2798402768777999
0,0,0.29088993831442134
0,0,0.283323027585009
0,0,0.26767977302939544
0,0,0.29656420234790465
0,0,0.2867128603879315
0,0,0.24524782262882314
0,0,0.27452668784940654
0,0,0.2445017244456614
0,0,0.2573351035805692
19,0,0.43060877530918407
0,0,0.27304052689613884
0,0,0.24260041549833436
1,0,0.3090440804536227
0,0,0.25510825951847127
0,0,0.28402083307435916
0,0,0.28695299988921275
0,0,0.28411797402247085
0,0,0.2347387988251165
0,0,0.2368156149745512
0,0,0.273585609973743
1,0,0.3141573347029052
4,0,0.39451481166634406
0,0,0.253397563256068
0,0,0.2773475368371974
0,0,0.27259676433256375
17,0,0.36782242188552233
0,0,0.24933565450509598
24,1,0.4931656706896779
2,0,0.38142010089565725
0,0,0.2724853019277799
0,0,0.23874529907627148
0,0,0.26132976162702276
4,0,0.4069333634830557
1,0,0.3089154165891056
0,0,0.281143281959929
0,0,0.2784081983912664
0,0,0.275646026752014
0,0,0.27081029368124787
0,0,0.2764553226303832
0,0,0.24623378848074187
0,0,0.25926350180280405
0,0,0.25834526343421543
0,0,0.28073455584415236
0,0,0.2531720968872991
3,0,0.32906547324230895
0,0,0.2786316030118901
2,0,0.3117146485281168
0,0,0.2615640380284666
0,0,0.27384378677645055
0,0,0.2734742792955407
14,0,0.36278849223734394
0,0,0.2696509636161989
0,0,0.287448045285538
0,0,0.27070100666745667
0,0,0.27109425835714224
34,2,0.48647778963379507
0,0,0.2876759189730922
3,0,0.3505030796640958
0,0,0.2874944357794372
0,0,0.24355930825426667
0,0,0.2627603175196583
0,0,0.2490128434395903
0,0,0.284884631501473
0,0,0.25771693940357165
18,0,0.3999047070523539
2,0,0.3003653868447446
0,0,0.24651035032628116
48,0,0.44550336434706705
1,0,0.30596187991911133
0,0,0.2493613229011694
0,0,0.2621889798745853
0,0,0.29514622115194045
0,0,0.27993670924802905
0,0,0.2874414948342052
0,0,0.26599168817430047
0,0,0.2713937257878245
0,0,0.26734573363271347
0,0,0.29692197429257106
0,0,0.2919530377892782
0,0,0.28682591322402456
4,0,0.3704411674849708
0,0,0.23315588841471288
0,0,0.25355926676972823
4,0,0.38125361714455774
1,0,0.3648174355260818
0,0,0.2998479215230477
0,0,0.26155043910104103
78,0,0.4041878580931651
0,0,0.2582823928167562
0,0,0.2668484917516867
0,0,0.25525150038440614
0,0,0.2679917750863325
0,0,0.2543780512348189
0,0,0.26659495025457464
0,0,0.29013231483561963
2,0,0.30694640801344764
3,0,0.33940124079932915
0,0,0.2709203184506232
6,0,0.30859360308371725
23,0,0.3664863148525403
0,0,0.2954826293486981
0,0,0.2958538648103037
0,0,0.25731971046793733
0,0,0.275354153700123
0,0,0.2582224822860822
4,0,0.33438494345541875
0,0,0.24080184780272387
0,0,0.22518626369068862
68,0,0.4499018591151403
1,0,0.3858415262320104
2,0,0.31844369807140255
0,0,0.2904408729255204
0,0,0.2571337679905265
0,0,0.2862626280280927
0,0,0.26938247745452715
1,0,0.3006732498506585
0,0,0.25414176428485125
0,0,0.2854822642798296
0,0,0.2792634842193953
0,0,0.27441918746394794
0,0,0.28724487501840235
0,0,0.2653041170556899
53,2,0.5306978658055773
2,0,0.3160189659533511
2,0,0.31266102639864746
0,0,0.27738636642774583
0,0,0.2648715562116323
9,0,0.33713690873279867
0,0,0.2782677750285628
0,0,0.2607333961423676
0,0,0.2546677785078254
0,0,0.27164044302625157
0,0,0.2635360607900432
0,0,0.2744886548036603
3,0,0.313564987679853
1,0,0.3071673898698612
1,0,0.301127544700246
0,0,0.2684345949141638
0,0,0.29504028072980004
0,0,0.2831005789917874
0,0,0.27349943368323426
0,0,0.2842986723819457
1,0,0.30124698345922496
0,0,0.25366702769579313
5,0,0.3411520209951728
0,0,0.27637003915516545
0,0,0.2567315398823154
0,0,0.23057926307077375
0,0,0.2849943038473791
4,0,0.3516723876748101
0,0,0.26968393398587004
0,0,0.276919884312564
9,0,0.3245746008884435
0,0,0.27445070708886266
1,0,0.3117534330174791
11,0,0.4401659939867393
1,0,0.3978899269370245
1,0,0.3162928576777767
0,0,0.24170686976550795
0,0,0.2892169791371336
0,0,0.2995036086013201
2,0,0.3045140616800109
4,0,0.31028901881271653
0,0,0.28090804632530164
0,0,0.2427369310604754
1,0,0.3413925330102374
0,0,0.26425192410689596
2,0,0.31661897344465284
0,0,0.28121834409035223
0,0,0.2816295014183363
0,0,0.24603268060419725
0,0,0.29860574699260223
0,0,0.2630790092817171
0,0,0.2879969518596661
0,0,0.27719926381322413
0,0,0.29261794231658006
0,0,0.29372525992749277
0,0,0.25923218952780785
0,0,0.26706463878294423
0,0,0.25232895515592163
0,0,0.2798062924506366
0,0,0.2584255478731368
1,0,0.30184254526411175
0,0,0.26604844733393024
0,0,0.29191612155793667
6,1,0.4551481961775042
0,0,0.27913485206363536
0,0,0.26819953249669987
5,1,0.4502082284434564
0,0,0.2952424818391135
0,0,0.2607811323066947
1,0,0.3109718008645339
0,0,0.27542395766541333
1,0,0.3090462326552881
0,0,0.2742537439052071
2,0,0.3070410593926616
0,0,0.2741666158717672
4,0,0.3706741872331812
17,0,0.3682877339127033
0,0,0.28570528516907073
0,0,0.29344627327989287
0,0,0.25996800697955585
1,0,0.30317283790317096
1,0,0.3155699484619931
0,0,0.2694927715149189
0,0,0.2601047245104935
0,0,0.25995324940455905
0,0,0.2734405316943266
0,0,0.26378087400167516
0,0,0.2366599459167215
0,0,0.2535670127615803
2,0,0.3286574331353321
3,0,0.35416829982858783
1,0,0.30141880228655227
6,0,0.3560595679069636
0,0,0.22430685319584173
2,0,0.3515684693004205
5,0,0.3218960711112995
3,0,0.3511547696645162
0,0,0.2733198111700921
0,0,0.2624902043889399
2,0,0.3329940972018009
0,0,0.27729839618044105
4,0,0.38256422317085864
0,0,0.2689044642996268
0,0,0.2920558668558051
0,0,0.24530005423200416
0,0,0.27129831776526975
4,0,0.3631572505657733
24,0,0.40607822807776894
1,0,0.3436764066665004
0,0,0.277989847490609
14,0,0.3134878490821889
0,0,0.2543935070569931
2,0,0.32612185777578967
0,0,0.27803100964556754
0,0,0.2632485273475237
0,0,0.2438810128510688
0,0,0.2584705192603831
0,0,0.26508553099591364
0,0,0.236245946777077
0,0,0.22338415036794862
30,0,0.42078746205064965
0,0,0.2869792325695368
0,0,0.25999612828588753
0,0,0.26436118414481174
0,0,0.2526340722840031
0,0,0.2858141556231171
0,0,0.24460601174114113
63,1,0.46889090020842744
4,0,0.3738669953279348
0,0,0.28324771349762284
4,0,0.31127546000017486
0,0,0.29800804427710537
0,0,0.2972204546498478
2,0,0.34348723474231413
136,4,0.5305697741505441
1,0,0.3030871610941354
0,0,0.2643370563693483
2,0,0.3622658479807926
0,0,0.2790405702994158
1,0,0.32824833004826043
4,0,0.3894358605921745
0,0,0.2902257460279722
0,0,0.2773644188721347
0,0,0.2932902988048774
0,0,0.2843708490126281
0,0,0.2872525840684987
0,0,0.24638539805199325
0,0,0.24864359435086694
0,0,0.26158760352547333
0,0,0.2788799749698191
0,0,0.267023474595203
0,0,0.2807393248830816
0,0,0.2666776011015058
0,0,0.2613623619066571
0,0,0.2650893912096341
1,0,0.3161989446572409
6,0,0.4455400557180376
5,0,0.4392588782490961
0,0,0.2921598170931918
1,0,0.3068117087940581
0,0,0.22624946116481848
0,0,0.27096384881445845
3,0,0.4412785155704717
0,0,0.2859090834923956
0,0,0.24004918882218812
0,0,0.24711000769539843
10,0,0.4243886427218296
0,0,0.23769081619065763
1,0,0.37813970617092846
0,0,0.24352021935536894
0,0,0.2664505563510618
0,0,0.2977358369793311
0,0,0.27935853987476744
1,0,0.3024441631916767
2,0,0.308072754102106
0,0,0.2579511272883528
0,0,0.29892053057358914
0,0,0.2919096738891895
0,0,0.2966395949375899
86,1,0.45815513945897046
1,0,0.32101123353520833
1,0,0.3067288327004549
0,0,0.2854557606979819
3,0,0.3625369055176407
1,0,0.33445456211925556
0,0,0.2624694913341877
0,0,0.2831989487031008
0,0,0.2898733623353794
0,0,0.2407524283712088
0,0,0.25760254883328226
2,0,0.31945134757923815
0,0,0.2883494557849914
0,0,0.27953076197466264
0,0,0.28484886278167304
0,0,0.282050274667657
0,0,0.21988659082257422
0,0,0.2622685432563942
0,0,0.255632547983795
1,0,0.3378837799093668
1,0,0.4039654459021673
0,0,0.2676146395561209
0,0,0.2402130846019546
0,0,0.2867442582156805
0,0,0.289842535680027
0,0,0.2312210239583389
0,0,0.27338292266252967
4,0,0.38582206313093004
0,0,0.28332500631790275
25,1,0.45769501784720235
0,0,0.26971073002497686
1,0,0.30768931756968904
0,0,0.25688128052386505
0,0,0.27102508343051146
0,0,0.2772562434829862
0,0,0.2558548158731595
23,2,0.4674140356582567
0,0,0.27652616954923354
0,0,0.25796423272153635
0,0,0.2705777410997255
0,0,0.29362455854140956
0,0,0.28892151107492386
0,0,0.2704971845640954
0,0,0.2624007865433331
0,0,0.25365486617688854
0,0,0.26320816600689184
0,0,0.26249751858271997
1,0,0.31446615988947235
0,0,0.2619759502598365
0,0,0.27819897374173685
3,0,0.32751150885920277
0,0,0.23596465885218268
5,0,0.3818398254566486
57,3,0.5056074556378021
0,0,0.2824568807250556
1,0,0.30246220809701574
0,0,0.2792630535758041
7,0,0.42679615564845286
0,0,0.2938105901010196
2,0,0.32445443123196416
0,0,0.26799300384895225
2,0,0.31224131631762486
0,0,0.2750393098667031
0,0,0.2909041548184675
0,0,0.25642130496503274
0,0,0.24573545882846842
0,0,0.27747638465810526
1,0,0.3196350989409606
0,0,0.29252715457394973
0,0,0.24982983614049797
3,0,0.3223728890483602
7,0,0.3753826466085817
4,0,0.3951468447916767
0,0,0.27235806666714985
0,0,0.24910163900978735
0,0,0.2866055429955477
0,0,0.28016772392486833
3,0,0.35500792300517076
2,0,0.31627701813037035
0,0,0.26393786005332753
0,0,0.2651795278035493
62,0,0.4241736689853253
0,0,0.2614344449462936
0,0,0.2642758188110503
7,0,0.380041185429049
0,0,0.24091106596566542
0,0,0.26746252888054356
0,0,0.29078187023310303
0,0,0.2657935094023058
3,0,0.34117437549767976
0,0,0.26761268757733414
0,0,0.22346259675429875
0,0,0.2542101198577671
1,0,0.3150500000541908
3,0,0.32135879998121675
3,0,0.374256788443683
0,0,0.26336215885763076
0,0,0.24573382179108927
0,0,0.2589364473977583
0,0,0.2636105377635936
0,0,0.28928713514904236
1,0,0.3337090317584552
1,0,0.36070777493715905
0,0,0.27752465756757067
0,0,0.263638984052892
0,0,0.2652106796282521
1,0,0.30275960707704735
0,0,0.2797835287738196
6,0,0.3405279110753109
0,0,0.2591512124367562
1,0,0.3210598513373231
0,0,0.2782385100181834
0,0,0.2744131674478441
88,1,0.4577470935668344
0,0,0.2574948622114192
0,0,0.23221792114883544
1,0,0.30491254954867814
0,0,0.26042957613630885
0,0,0.22681147465101323
2,0,0.3002540393647409
0,0,0.2532579056979857
2,0,0.34468200037157737
18,0,0.32507752010411767
0,0,0.2647538517221273
2,0,0.36952974849363107
0,0,0.2751852731776008
0,0,0.28148782091996694
0,0,0.2848349681216869
0,0,0.24430372397272185
0,0,0.26696709813347463
0,0,0.25752962732740176
0,0,0.2513676331116475
1,0,0.3084762183631207
8,0,0.31433690345273224
0,0,0.2555914858282183
2,0,0.3580854026891328
0,0,0.2629402247902486
0,0,0.2746028919766638
0,0,0.2863512899761214
0,0,0.28469960791913335
0,0,0.28457947100879866
0,0,0.26320071945856793
3,0,0.3025241231696197
0,0,0.2838837009696144
0,0,0.28360349446918875
0,0,0.24144852854908883
0,0,0.25854104156682034
0,0,0.24966704450930693
0,0,0.252874896894801
0,0,0.24080226972877605
0,0,0.2556374904077033
0,0,0.23568774053001468
3,0,0.3825802085194189
0,0,0.238171476440605
0,0,0.2820984072267889
6,0,0.39488830577860345
0,0,0.2526848827747514
0,0,0.2563315684343743
1,0,0.34257188682943135
2,0,0.33586481189849776
0,0,0.24812009793761328
0,0,0.23749664445114554
1,0,0.3021085171324095
49,1,0.45113121521796007
3,0,0.3587181313499667
1,0,0.31493539494942063
1,0,0.30377522778505966
0,0,0.25982788585999544
2,0,0.3134261031284275
0,0,0.25153801848504675
0,0,0.2862480752674452
0,0,0.27637977934672187
0,0,0.25687233127484954
0,0,0.2693528046382669
0,0,0.2811304544483499
0,0,0.26317097572892645
0,0,0.2854542325596544
0,0,0.2569038443000328
10,0,0.3302611303707772
0,0,0.24833022811516342
0,0,0.25466043876291566
0,0,0.25556231337468266
2,0,0.32482391082431433
0,0,0.2700092457668992
0,0,0.28200789160546297
0,0,0.2639314554564707
0,0,0.2726117137638154
1,0,0.34426677819141427
0,0,0.2640514413957922
2,0,0.3262350883218342
0,0,0.26910518927987975
1,0,0.3080214638270767
0,0,0.28529429828552966
0,0,0.25541647084055086
0,0,0.2718782230293183
0,0,0.2756758806164529
17,2,0.5271302662272519
0,0,0.290437818150793
0,0,0.282986503998177
0,0,0.2756260211145646
0,0,0.27551093668132925
0,0,0.2518962918096548
1,0,0.3012939706030151
0,0,0.2906009804184359
0,0,0.25297320066561896
0,0,0.2841893687296521
0,0,0.2411387777615716
0,0,0.2821006191573346
1,0,0.3167101941102332
0,0,0.2849665025530641
0,0,0.2699450126351754
0,0,0.2685801881238896
0,0,0.2666482203622399
0,0,0.2547888741522789
0,0,0.2746355706572852
1,0,0.3027023004173899
4,0,0.3918121339501222
0,0,0.2914689901837236
0,0,0.26632286351728424
0,0,0.22974320322532266
5,0,0.3662201014061826
0,0,0.29397972663130006
1,0,0.3002156149847788
3,0,0.373597763747737
0,0,0.26299474373224807
0,0,0.2823233918848132
0,0,0.26598964115346313
2,0,0.3520767728569678
0,0,0.2919072810466992
0,0,0.24040684645103308
0,0,0.2674456485208448
0,0,0.24725906614778426
1,0,0.30114050067401765
0,0,0.26011980038613713
1,0,0.31393487609324017
0,0,0.27289373316368337
9,0,0.36682454293020333
0,0,0.27557907356645756
0,0,0.270209813520508
0,0,0.2773334642267031
0,0,0.276188103323026
0,0,0.26548273655029264
0,0,0.25454191352106376
0,0,0.23618959122690075
0,0,0.27267014937661455
1,0,0.3023871753397222
0,0,0.262775789967016
10,0,0.3655242686732544
0,0,0.2544272619283426
0,0,0.27714622197886196
2,0,0.33479167838069135
0,0,0.27680400253657084
0,0,0.25133927948376883
0,0,0.2595384857251785
0,0,0.23915660719943066
4,0,0.36120169940991037
18,0,0.33619921919273327
0,0,0.24623546442014138
0,0,0.22947137062298623
0,0,0.2573397502298906
0,0,0.28633003225690884
0,0,0.26125914424800994
0,0,0.24203591482520007
0,0,0.28203237515953955
0,0,0.24170605637968842
0,0,0.2932973895604904
0,0,0.2872994813541474
1,0,0.361403036060201
0,0,0.292803559429145
0,0,0.264593484480485
0,0,0.270146604588852
5,0,0.3237685347198539
1,0,0.34924392920035335
0,0,0.2711643255979914
8,0,0.4149514488442182
1,0,0.32271439713906525
1,0,0.3358214221881937
93,2,0.5604739097724004
0,0,0.24750981020117782
1,0,0.354511174787978
0,0,0.2783999510714388
0,0,0.27157476257570023
0,0,0.2625645948422348
0,0,0.28745225126776675
1,0,0.3152315980192394
0,0,0.22933340950646044
12,0,0.3651018576016063
0,0,0.2795067960356015
0,0,0.2559836937344672
0,0,0.27958341377303436
0,0,0.25841313876630884
0,0,0.23895870868121175
0,0,0.29075991034761056
0,0,0.29015129995267863
0,0,0.25835939336700736
0,0,0.2567116178010813
0,0,0.251752978010633
0,0,0.23811308036308435
0,0,0.2438488473153607
2,1,0.45868383418240366
0,0,0.24998068341105073
0,0,0.27542610569289705
0,0,0.2879854790453616
0,0,0.29186959440448024
0,0,0.2715490688100831
0,0,0.25326903666427497
0,0,0.2649673071460712
0,0,0.2537683662957484
2,0,0.32417602548269353
0,0,0.26497079277958857
1,0,0.32772088026048013
10,0,0.3176814082522142
0,0,0.24231101483130316
0,0,0.23262383722631852
5,0,0.3496867173068309
0,0,0.250346542067023
1,0,0.3163802176000559
0,0,0.2669122892974069
0,0,0.2730205652394367
0,0,0.24502202897895384
0,0,0.27689299304970516
2,0,0.32544081897754407
0,0,0.2489989285551659
0,0,0.2704380153664748
0,0,0.274555062500289
2,0,0.32489882358477445
0,0,0.2715733923084857
0,0,0.2668702253503334
1,0,0.3955372990176434
0,0,0.2728475111130927
0,0,0.2895286754504417
0,0,0.28982965492982626
0,0,0.24514171490756864
1,0,0.32413763122677436
0,0,0.2945545980160323
0,0,0.2821856309219158
0,0,0.26203372565289607
0,0,0.2697847268093295
1,0,0.4127741789735394
0,0,0.24488954273371777
0,0,0.2755960054484104
13,1,0.4519797709000999
0,0,0.25862100116172426
0,0,0.2871040736972375
0,0,0.2742880938823793
0,0,0.22683380386530358
0,0,0.23868547494502396
3,0,0.32276950703980073
25,0,0.3529457996573431
0,0,0.23813538417471847
0,0,0.2608127034538028
0,0,0.28233287339889135
2,0,0.3287169835276679
0,0,0.24814163603072226
0,0,0.2969003333518391
0,0,0.2350839894908923
2,0,0.3684529693560027
0,0,0.2676264580449767
1,0,0.3190365220315168
0,0,0.28674274159675306
0,0,0.2543970722700232
0,0,0.25584799673139164
0,0,0.23719004121914036
0,0,0.2834134307360104
0,0,0.23284364334159088
2,0,0.31276979591498616
63,2,0.48503376718621766
0,0,0.2476964144917611
0,0,0.23672278147714806
3,0,0.33419655060472886
0,0,0.29176112437079216
0,0,0.27562192026650406
0,0,0.2772124078139632
0,0,0.25333415855067903
1,0,0.3859289827781432
0,0,0.28422117489401494
0,0,0.27543523138671894
0,0,0.2692572947259816
0,0,0.25408960951303466
1,0,0.30447648337819705
3,0,0.32380051912301006
0,0,0.24886166439859886
8,0,0.40954393518857113
3,0,0.34649303674662907
0,0,0.2887016660627561
19,0,0.4282739149109791
0,0,0.29958720722788124
0,0,0.2544310891779843
3,0,0.34710525984793333
0,0,0.2401170022266523
1,0,0.34071394766047247
58,3,0.5299364103129662
0,0,0.2787889110887042
2,0,0.30476458177785265
9,0,0.4149193069054813
1,0,0.31299677560300304
5,0,0.43239601486901336
0,0,0.2665812406981111
0,0,0.2738158017576158
5,0,0.3195930281787135
0,0,0.2596220261308501
0,0,0.25856666054390526
0,0,0.2880426994470939
0,0,0.26438278598706
0,0,0.23280836641390296
24,2,0.48150084954732975
0,0,0.2523922435843032
14,0,0.34048953244591873
0,0,0.2544746572957675
0,0,0.239994965513261
0,0,0.2521048890754346
0,0,0.28138016021406276
0,0,0.2759386276211347
0,0,0.2903004816716157
0,0,0.29550460058667855
0,0,0.26304291792893403
0,0,0.2757374396158933
1,0,0.32393662992163874
0,0,0.25081420292719353
0,0,0.2603779620181326
0,0,0.2444007691265896
0,0,0.26815569356581465
0,0,0.2505990910010884
0,0,0.25431415607375496
0,0,0.28262098045300255
0,0,0.2841886689132638
5,0,0.3567453693956557
1,0,0.3413245118860547
5,0,0.31151286698012565
0,0,0.2956756380395142
3,0,0.3688706948923809
0,0,0.2709673697931928
5,0,0.3033105971792501
0,0,0.2619796844654944
33,0,0.32852046555221875
0,0,0.2562614993140823
0,0,0.2827458712661115
0,0,0.28810440639017315
2,0,0.3056750182422984
65,2,0.47917161883477094
0,0,0.24830387927248063
0,0,0.27318374741945284
0,0,0.29837190427590937
2,0,0.3104743689886899
0,0,0.27966132624938644
0,0,0.2568298002341209
2,0,0.3092432591433461
0,0,0.28980961591236454
0,0,0.23193393463833598
2,0,0.3027190063208803
4,0,0.30633610673140566
0,0,0.2523142282444507
0,0,0.2686886102644414
0,0,0.2672703269722606
0,0,0.27092008673624746
5,0,0.31061603907231156
0,0,0.2879455086915991
0,0,0.2757790555428068
0,0,0.2413194714134479
0,0,0.2965789042488199
0,0,0.2602418519230536
0,0,0.2601795538883333
0,0,0.2870026425478817
0,0,0.27512810473207955
0,0,0.25716988975255983
3,0,0.34084454605925946
0,0,0.27057198246215414
0,0,0.25880029842776164
0,0,0.27323678683678376
0,0,0.2901258812414494
0,0,0.28108619549550745
11,2,0.48215228374380187
8,0,0.3585759567744187
0,0,0.289340708574471
0,0,0.28093554528090364
0,0,0.24129819075988018
0,0,0.2770111649579343
7,1,0.459579698670693
0,0,0.2580295600599197
0,0,0.26998577557519704
0,0,0.26467650659704417
2,0,0.3364156023386378
0,0,0.2768310277864458
0,0,0.27779105682899996
42,0,0.41249261952548816
0,0,0.2852081083207667
17,0,0.39011202901766806
0,0,0.29584717225791385
1,0,0.30875929238183136
13,0,0.3223785303987103
0,0,0.2641155390710552
3,0,0.3335133568062584
0,0,0.27235114670932775
0,0,0.2624613503624458
0,0,0.2884423538770416
3,0,0.37617952286733847
0,0,0.23688709563850444
0,0,0.26886892093772397
0,0,0.24790126179360003
24,0,0.3867567850874062
63,3,0.5111046439700501
3,0,0.35718968062897233
0,0,0.2866314019857541
0,0,0.23746521793500291
0,0,0.2768736247699962
0,0,0.2599714953038204
0,0,0.27599471270807574
0,0,0.2967155014904389
1,0,0.3112353160380418
0,0,0.28532329017608116
0,0,0.23506839520561118
0,0,0.2109640663095527
0,0,0.2743600446393329
0,0,0.2610391654416553
0,0,0.28674376124009077
1,0,0.3630937033577147
0,0,0.268799305938651
0,0,0.2839818567564928
0,0,0.28481841815339803
0,0,0.25250708609392764
4,0,0.3127053230090415
0,0,0.263543068538744
9,0,0.41292222662149236
0,0,0.2741006298774133
0,0,0.24747499229226586
0,0,0.28567074191849107
0,0,0.26171808719271394
0,0,0.2707455465921265
3,0,0.36108621243226574
0,0,0.23834165829275383
0,0,0.271967851161321
0,0,0.2889518904697351
2,0,0.3462307540614025
85,3,0.5306744772821226
0,0,0.26371503657364126
0,0,0.2626249406951013
0,0,0.2633975093181608
0,0,0.27558970774294395
14,0,0.3765856605524448
0,0,0.2343551830343589
0,0,0.2668830640763931
0,0,0.2826124405268088
0,0,0.29195469164291055
0,0,0.28182536703165006
0,0,0.2956263305337309
1,0,0.30371046070276936
0,0,0.26685875436755696
1,0,0.329924687734336
14,0,0.4145463493162406
1,0,0.3457008021828256
0,0,0.29410190565532873
5,0,0.34283640485627936
1,0,0.30027473692234163
0,0,0.28543483960344174
0,0,0.27224631655846876
3,0,0.3203116266737869
0,0,0.2990362788853397
0,0,0.28224662275867035
13,0,0.44183460450616924
25,0,0.43424636969113684
0,0,0.2556783400749621
0,0,0.2569350915271871
0,0,0.24708879088772528
1,0,0.34750185913325055
0,0,0.2942160637828674
0,0,0.23386150336073033
0,0,0.27974328331701687
0,0,0.27365055718730047
6,0,0.3192395139746318
0,0,0.24264798595737902
1,0,0.33734355571691965
0,0,0.2483260221884064
0,0,0.2737869460154533
0,0,0.26278507971950765
47,2,0.47677632838417744
0,0,0.2772224793500393
1,0,0.3041048585491326
0,0,0.29948453957805615
0,0,0.2956090503340463
9,0,0.3207824743242371
0,0,0.2820722023718438
0,0,0.2583080160063289
0,0,0.29307824278818373
1,0,0.30314333326442816
1,0,0.4058717410899328
0,0,0.25707895464089525
0,0,0.24863456842645304
0,0,0.22471605726687532
1,0,0.3001123964413147
0,0,0.28420330364412494
0,0,0.2790290374135636
0,0,0.27702691250898737
3,0,0.3446238814298488
3,0,0.32638303332710605
0,0,0.23656205398698818
0,0,0.2421433782528657
0,0,0.28369325070783824
15,0,0.32864698914043583
1,0,0.30573196545178527
0,0,0.28028675560167415
0,0,0.26732612045235443
1,0,0.4076227284908761
0,0,0.29999037932830575
0,0,0.22342661563663552
0,0,0.2807788226969677
0,0,0.26180438864592537
0,0,0.23918044186940937
0,0,0.2942311533566171
0,0,0.26445575955064915
0,0,0.24242694276097682
0,0,0.2595783709914504
0,0,0.29370530182250476
3,0,0.3248798082017494
0,0,0.24737700444529503
0,0,0.29028377458535837
0,0,0.27294177424982896
2,0,0.3046619135125041
0,0,0.2473958858867877
1,0,0.3597404254055613
110,3,0.49980449196875026
0,0,0.26511457836679597
0,0,0.23938548679258753
0,0,0.29230209710610144
0,0,0.285387704468242
0,0,0.2598254460756666
0,0,0.2572758300194301
0,0,0.27066646683514944
0,0,0.2906637552611606
1,0,0.3120154433421225
2,0,0.30121649549206747
1,0,0.31986707476320353
0,0,0.26347051341935473
0,0,0.29672691908182885
1,0,0.3107924775326651
0,0,0.281208157163131
0,0,0.2703501854404152
0,0,0.28141153767572785
1,0,0.3042843877424711
0,0,0.2611395943019602
0,0,0.2622068736159912
0,0,0.24893165705551382
0,0,0.27236090830736936
0,0,0.2576199097942748
0,0,0.27308991765435464
0,0,0.2993927017228346
0,0,0.26801488948479685
0,0,0.26644288316930553
0,0,0.23600216760222492
3,0,0.3309317676973517
1,0,0.3226208563766802
1,0,0.3041569037122062
60,3,0.5073945129126609
0,0,0.26983760910019355
2,0,0.3852641936133109
50,2,0.5235650722946912
0,0,0.26615110629754146
0,0,0.2764453127065036
0,0,0.2770314945215169
0,0,0.265930547374086
0,0,0.27313985934151747
0,0,0.29188504753661615
0,0,0.25539447009089467
0,0,0.2327161340014765
0,0,0.25262142140305316
0,0,0.2738847324959572
0,0,0.27133269853085495
0,0,0.2524103973391257
0,0,0.2990444282785153
1,0,0.3241068010362142
1,0,0.3096185667481088
1,0,0.33756316646204665
0,0,0.29475142354420625
0,0,0.25992446865805
0,0,0.28754299240497394
6,1,0.46157396230944625
0,0,0.2760689719696454
0,0,0.2471903270554644
0,0,0.241949848062663
0,0,0.2863648613809192
0,0,0.25136116152151144
0,0,0.27118579573238444
2,0,0.3103841163753613
0,0,0.2711634318612266
0,0,0.2682013989085958
0,0,0.2702694328118586
0,0,0.279211163676292
0,0,0.2750379650250841
0,0,0.24565615829019213
0,0,0.25717566727205315
4,0,0.4183274640870103
0,0,0.2959898531995429
0,0,0.23535477886286296
0,0,0.2792201989972525
6,0,0.3658623536067036
0,0,0.2747967123089234
1,0,0.3171754265987451
0,0,0.2598027924315692
0,0,0.2808618045536279
0,0,0.24085103169521438
0,0,0.2604931107332713
1,0,0.3677796541239309
0,0,0.27183974969618485
0,0,0.2789083666704851
0,0,0.27354181865549754
0,0,0.2684763421705896
0,0,0.2784734443756625
0,0,0.28637717213298397
0,0,0.2681008790256641
1,0,0.30955964018259075
0,0,0.27617307726992
21,2,0.5581728067424351
0,0,0.24836195739269323
0,0,0.25676190510091895
0,0,0.25902338134929365
0,0,0.24355854382645653
0,0,0.2777793128689376
0,0,0.27571840930640995
0,0,0.2523687335965183
0,0,0.27398591133242545
1,0,0.3722614320481913
0,0,0.27721328570355924
0,0,0.23500602801290932
32,0,0.43901791793176487
0,0,0.27355777494221073
0,0,0.2944463868462466
0,0,0.28102759287640605
0,0,0.264383458213199
1,0,0.3100134214282048
0,0,0.2628186933886555
0,0,0.22124146302353023
1,0,0.304538628643281
0,0,0.26770799713327315
0,0,0.2637192268561574
0,0,0.24586738796659308
0,0,0.27127449314110547
0,0,0.2708047706120189
2,0,0.3073168341169363
0,0,0.2925106972021995
0,0,0.26408550558451865
0,0,0.2991716468079186
0,0,0.27002230308064695
0,0,0.28030921134164666
0,0,0.25663928130385577
0,0,0.25473727709901056
0,0,0.2874935178890559
0,0,0.2964999811511608
0,0,0.26423474692417204
0,0,0.28784287235682127
0,0,0.23338193533663493
3,0,0.3527138441379292
24,1,0.4553414068375017
0,0,0.2389778258661536
0,0,0.26518229993195414
0,0,0.26628410428769794
0,0,0.24991396686347198
0,0,0.2644939919673903
1,0,0.3033645228275653
0,0,0.26791932370804655
0,0,0.28225913386531276
0,0,0.2588566218805332
0,0,0.2602975067211865
0,0,0.27384396511283404
0,0,0.23643871795605853
0,0,0.28651984276414416
15,0,0.4350136405859074
12,0,0.32023696702374066
0,0,0.24910889975187372
0,0,0.2720531083721993
0,0,0.25154419159338215
0,0,0.28891355851361206
0,0,0.2723169250941795
9,0,0.3556971500234892
2,0,0.30220811254977037
0,0,0.24982181967014164
0,0,0.27532862866197466
0,0,0.2705677802110669
0,0,0.27045297129797424
1,0,0.32786921749068876
0,0,0.2884792187264755
1,0,0.330629084087468
0,0,0.2798255972937333
0,0,0.23443326053119257
0,0,0.2771492338200817
0,0,0.2587052622969563
0,0,0.26249237170283396
0,0,0.28824987279696546
0,0,0.26792641229746655
3,0,0.3199723666143989
1,0,0.3609668364115023
0,0,0.2680127226952834
0,0,0.2944387086053084
0,0,0.27410738786383554
0,0,0.2666167414148559
0,0,0.2953255135694448
0,0,0.2978866994479088
13,0,0.3450216227802057
0,0,0.2391024922806565
0,0,0.2717851960496675
1,0,0.3832172419614225
1,0,0.3072156050272655
0,0,0.2408477190028493
7,0,0.32179363112354503
0,0,0.29444484226771434
7,0,0.32913129385311807
0,0,0.27158048732413237
75,2,0.4706558017612143
0,0,0.25782308659127157
0,0,0.2537412824680894
0,0,0.2519732601411719
1,0,0.3026892825657321
0,0,0.2578826415780037
0,0,0.295267046212394
0,0,0.2715612483660192
0,0,0.28087707930106387
0,0,0.25414246764232207
2,0,0.38761102563131594
0,0,0.28068589569396635
0,0,0.27063747798451376
0,0,0.27511308327799927
1,0,0.3454578617362763
0,0,0.2688832193754966
0,0,0.2927653788703285
1,0,0.32157725840878465
0,0,0.27277228135704107
0,0,0.2943268911375827
0,0,0.25985671050594755
0,0,0.24283354391405326
10,0,0.4245527747919264
0,0,0.258825663612177
0,0,0.2923676684988736
0,0,0.27939586193315247
0,0,0.24356114162689046
0,0,0.26899137679361446
0,0,0.26097604289641185
0,0,0.27043368112526245
0,0,0.2840502974853642
0,0,0.29464591184345185
0,0,0.2872085264232057
1,0,0.3847740054358986
3,0,0.36787807175052956
0,0,0.26399483806623164
1,0,0.34721961105227206
0,0,0.2807610572395114
0,0,0.26437501248638684
0,0,0.2657474597472595
1,0,0.3494605140451113
0,0,0.25948875825932316
1,0,0.3089307593605626
0,0,0.2767073809127764
0,0,0.27675570628851853
1,0,0.32991355140470774
0,0,0.29439932997317336
2,0,0.32070995142177544
0,0,0.2701842009468122
0,0,0.27531227452208057
0,0,0.2516264081949631
0,0,0.24357775637285062
0,0,0.26796882189476734
0,0,0.22585126690228732
0,0,0.2600031119782085
3,1,0.46064334784642225
2,0,0.3099309062111369
0,0,0.263991164695938
0,0,0.28901481977501947
0,0,0.24902095872410815
0,0,0.2582412789208827
7,0,0.36156942249855917
0,0,0.2662759301060218
2,0,0.3486077095345477
0,0,0.2860835303743271
1,0,0.34414755469865577
0,0,0.2848408538264164
0,0,0.28273786909143
0,0,0.24777934170887586
0,0,0.26022275394249733
0,0,0.2404787393317083
7,0,0.39247894502613934
0,0,0.2740658366438137
0,0,0.2917156569539264
0,0,0.2675428732307218
1,0,0.3075946258717383
0,0,0.2399586589187722
0,0,0.2910632337127816
0,0,0.24429744733746894
21,0,0.44929600341090337
0,0,0.26508361517569073
1,0,0.3048371658889266
0,0,0.22761340844658629
0,0,0.2709323230491557
54,0,0.4231391886085082
0,0,0.27284656326824297
0,0,0.2695849161388357
0,0,0.2698558655131386
0,0,0.2298275496693454
0,0,0.2744917419478032
0,0,0.2551364913824134
0,0,0.27246687874467423
0,0,0.2797064930607492
0,0,0.24445630727028467
0,0,0.2337827952660582
0,0,0.28342856676938744
0,0,0.2635858383199852
0,0,0.29193512594574406
25,0,0.4214249645570254
7,0,0.4314843834901842
0,0,0.2869746085823015
8,0,0.35477736249806235
0,0,0.25721771258581605
0,0,0.22188909997295275
11,0,0.3405313050701713
0,0,0.22363741340421897
0,0,0.24066294239081254
1,0,0.3800965036876727
0,0,0.24005484555232365
0,0,0.26703323773926224
0,0,0.24693312283100852
0,0,0.2351019950450831
0,0,0.28855665639653755
0,0,0.2674785632622057
0,0,0.2824665865938553
0,0,0.27094023053662847
0,0,0.2526322400850375
0,0,0.2926915592661686
0,0,0.24481471122322343
0,0,0.23560786003788686
0,0,0.2480711651390213
0,0,0.2917042949803768
0,0,0.2589591730432682
0,0,0.27823762388321654
7,1,0.45397024665190056
3,0,0.3141884918165912
0,0,0.25301719537628414
0,0,0.27023801041285306
4,0,0.34310855248637206
0,0,0.21775715765607898
0,0,0.2697824471408867
0,0,0.27458536287067714
0,0,0.2990470282090068
0,0,0.2782154914807867
0,0,0.2162493714541518
2,0,0.3353240848588074
0,0,0.28441667377874386
0,0,0.26127347813366114
1,0,0.404826844030758
0,0,0.2740976545216043
0,0,0.28733210863239667
0,0,0.27437329169598657
0,0,0.2888334866808454
0,0,0.2734581271271031
0,0,0.2453783679450191
4,0,0.32908236911503774
0,0,0.2535669521610148
0,0,0.2766414433650563
1,0,0.3467307250711889
3,0,0.3195980418908701
0,0,0.2577572159171351
0,0,0.2862718775918691
0,0,0.2630516823225326
0,0,0.26472969405155056
0,0,0.2624287787888733
1,0,0.34765083261896496
0,0,0.2901493229313519
0,0,0.2639559508724534
0,0,0.2817145179423944
0,0,0.2623088858671337
0,0,0.239797559081068
16,0,0.39347420289380775
1,0,0.31877363671219466
0,0,0.2589176771281963
8,0,0.4142864798279709
26,0,0.4124901143627102
1,0,0.3027310554988206
0,0,0.266544586803277
0,0,0.27484559945408255
1,0,0.4027748536568022
10,0,0.3996795858965288
1,0,0.3869318366010842
0,0,0.2871947787960139
0,0,0.2747702646780673
9,0,0.41744424122173623
0,0,0.27126792167668334
0,0,0.24642905742531857
0,0,0.23689669215831588
0,0,0.2374264778872826
0,0,0.2491943009541849
0,0,0.284995614424315
0,0,0.2609002103765525
0,0,0.26135244632910537
0,0,0.24530169638377916
1,0,0.303774506259947
0,0,0.27468823973655354
0,0,0.29564029690705673
0,0,0.2853427993031968
17,0,0.4025129334229414
2,0,0.30947997456947546
0,0,0.25848945301795473
0,0,0.2785121368552103
0,0,0.26602539758493104
2,0,0.3053623074510256
0,0,0.27827270289576245
0,0,0.2443778683474713
21,1,0.4508942676314086
0,0,0.27043306050121935
0,0,0.28853543409176396
2,0,0.31512266565994373
0,0,0.2629332068716758
0,0,0.29508217939492304
0,0,0.2334572619968888
0,0,0.2633753329568293
0,0,0.2796882779638712
0,0,0.28837748247241907
0,0,0.27098128048434206
0,0,0.2594268174913851
0,0,0.2887394107468969
0,0,0.2732467697249608
0,0,0.23483594241765268
0,0,0.2487396683688097
0,0,0.2371453652175761
0,0,0.25385533733131915
0,0,0.27193947163384985
0,0,0.2883840620822064
0,0,0.2714334678897915
0,0,0.25306383413221667
0,0,0.2823465937163743
0,0,0.24393991830644737
1,0,0.30177370883331645
0,0,0.26436189505386404
4,0,0.3397117366539925
4,0,0.31677040547289304
0,0,0.287243740837656
2,0,0.30819449375140784
0,0,0.28069693246636035
0,0,0.2901390281568831
0,0,0.27268053271153003
0,0,0.29580112877002673
0,0,0.2959422608170653
0,0,0.2977373399704217
0,0,0.2562466250853157
0,0,0.22439790015117506
0,0,0.2747054162361541
0,0,0.27666617360418055
0,0,0.29342221322780093
0,0,0.28577346143001275
59,2,0.47997189313395683
0,0,0.26124774357407904
0,0,0.2851098949642476
0,0,0.28044402947383085
0,0,0.290149801334987
0,0,0.2576386861000962
0,0,0.2833797605379082
0,0,0.2562154213731505
0,0,0.24970690789022731
0,0,0.27661069211484407
0,0,0.29141779638711945
0,0,0.261098769418931
0,0,0.26043429750358
0,0,0.29613606543334164
1,0,0.30463008293771926
1,0,0.3651483852303453
0,0,0.2750932418646015
7,0,0.37076100819610264
0,0,0.2780225137619104
0,0,0.27190076991341766
0,0,0.2886457104495578
60,0,0.3404148574367089
0,0,0.25140391913740834
0,0,0.27871316524953826
0,0,0.29138903369515534
0,0,0.26802896701178436
62,2,0.5023354350510991
2,0,0.38763920806584684
0,0,0.2629291773015369
0,0,0.28704989926987606
0,0,0.2635788661632705
0,0,0.2912459381836704
0,0,0.2698892922011617
5,0,0.3725237888645217
1,0,0.3425263455148129
0,0,0.28732220013580717
0,0,0.2379892151799702
0,0,0.267928413238985
2,0,0.3237577970816939
0,0,0.26974781011486915
0,0,0.2736138010723508
0,0,0.2705301843246723
1,0,0.31631274941478066
0,0,0.2595615512474801
0,0,0.23848132342692321
0,0,0.24601323440072712
8,0,0.39868812796857733
2,0,0.3190145191663341
0,0,0.25449487035752766
0,0,0.2762025326624305
35,2,0.6175124355417242
1,0,0.3628855551926242
0,0,0.2454701037980888
0,0,0.2588354695466321
0,0,0.2886801816101556
0,0,0.22377713204508995
0,0,0.22296794333915906
0,0,0.26801657367815235
0,0,0.26059502211491264
0,0,0.26410883951425057
0,0,0.24699755741416707
0,0,0.2644891347185339
0,0,0.2867668601420615
5,0,0.3435263811400378
1,0,0.32987152651160734
0,0,0.284355556570986
2,0,0.3123596891774552
0,0,0.2908687898722333
0,0,0.252421658813027
1,0,0.3089680139779808
0,0,0.2621286983250008
0,0,0.2574900420323667
0,0,0.2342173792308464
2,0,0.3625419415829438
0,0,0.2949455723963466
1,0,0.3408577005287338
0,0,0.26019532280039537
0,0,0.28267554910323056
0,0,0.2656148484814371
0,0,0.27030956565796765
0,0,0.2618893488416259
0,0,0.2720929664216261
0,0,0.26084058080683786
0,0,0.28360989567377914
0,0,0.28355093574267604
0,0,0.2380116833657108
0,0,0.25051069515534746
2,0,0.3058952655027494
0,0,0.24443280092549816
0,0,0.28522879156537123
2,0,0.3552653103355667
0,0,0.2502284415102466
0,0,0.267822670908891
5,0,0.36154112016479784
0,0,0.26663277085739934
0,0,0.2572703360453246
0,0,0.2562811723986711
0,0,0.2986347482780742
0,0,0.2662714696496229
1,0,0.30600636588111474
0,0,0.2717115603608486
0,0,0.2492682459457989
0,0,0.25089012802982924
14,0,0.4248822538088172
0,0,0.24697052160036082
0,0,0.28198651339264924
0,0,0.2880185096137951
0,0,0.25267377909567196
0,0,0.2878622196541377
0,0,0.28636111060177044
0,0,0.28019607764748095
0,0,0.26990895994077696
0,0,0.2596192813084487
2,0,0.31938103173762716
0,0,0.2612511665823342
0,0,0.274100111848571
0,0,0.26040783274351886
0,0,0.2741006782425651
0,0,0.25403217960206564
4,0,0.3339236351385179
0,0,0.29645407467670803
2,0,0.34265540182022114
6,0,0.44582190615109407
0,0,0.257435385756262
0,0,0.26446242577081236
0,0,0.24143060957796095
25,0,0.39811826700035274
7,0,0.356237635017675
1,0,0.3343952501312189
0,0,0.25178307194078736
3,0,0.3103823416179897
4,0,0.3917135175653049
1,0,0.30010302498749414
0,0,0.25381780588384295
56,3,0.509616067362953
3,0,0.3173388053229711
0,0,0.29947053079476804
0,0,0.2792216065959261
1,0,0.3139479528935465
0,0,0.2751248915673336
0,0,0.25588301084003706
1,0,0.34955499124536915
1,0,0.30458243585310324
0,0,0.25780079422493246
0,0,0.26489308091139474
0,0,0.23360965080736637
0,0,0.26165059645230426
4,0,0.3895230796112864
1,0,0.30275215261896954
0,0,0.29543381146659115
0,0,0.27554595297074747
0,0,0.27411777593623615
0,0,0.24937736631697885
0,0,0.2944482406000592
6,0,0.34174104030335634
0,0,0.27054557192819695
0,0,0.2509840856856175
67,3,0.49349001639850426
6,0,0.38589436651061415
0,0,0.2646460743519685
0,0,0.2534918249540125
0,0,0.28294954888713225
0,0,0.26362258909044944
0,0,0.23466556599099647
0,0,0.29127969744249044
0,0,0.24336541613186405
0,0,0.25671267818520443
1,0,0.3019405892139002
0,0,0.29414738192171475
1,0,0.3541588696489955
0,0,0.2615453356504863
0,0,0.25131906712521546
0,0,0.2930196320311377
0,0,0.23943680758078154
0,0,0.2864514516634734
0,0,0.2784187881252929
0,0,0.26695659363015606
1,0,0.30547213801444895
0,0,0.2837399747235397
1,0,0.3935277155694632
0,0,0.26562644711414984
0,0,0.26454900074028836
1,0,0.3270798593065992
0,0,0.2779586548125314
0,0,0.26341783418507736
0,0,0.28561166211289785
0,0,0.2853313164646887
0,0,0.25034855505721915
0,0,0.269083504936403
1,0,0.33115291206820835
0,0,0.22941324475839586
6,0,0.35195080929581674
1,0,0.3015519897282018
0,0,0.2598572819282486
2,0,0.3020327666071058
0,0,0.2771555053792002
2,0,0.3232555359866044
4,0,0.357736314098879
0,0,0.2613428350650775
0,0,0.2803657666207318
0,0,0.2656092290825905
0,0,0.29069498441869535
0,0,0.24274695398586535
0,0,0.2788024091081148
0,0,0.2635559738903199
10,0,0.31127516913249687
0,0,0.27174943071936736
0,0,0.24227934283931205
7,0,0.41233622593617386
0,0,0.2531438699528916
7,0,0.30992842887317185
7,0,0.3804892732227534
0,0,0.27370531146461385
0,0,0.29939299673192316
0,0,0.27885595958988857
0,0,0.2381006728485942
0,0,0.27842960056197
1,0,0.3035013009063277
0,0,0.2813465536916324
0,0,0.2553533538497063
0,0,0.2972820063228937
1,0,0.30291375586057917
0,0,0.2659902485743393
8,0,0.41625248908998524
1,0,0.37451141730357684
0,0,0.2192764693374766
0,0,0.27945291880767026
0,0,0.25207343629117357
1,0,0.3604864975722338
33,2,0.4598648866305658
0,0,0.2981581974270434
0,0,0.2556471177470652
0,0,0.28253507919825765
9,0,0.3963404797756889
0,0,0.24789738986186802
21,0,0.3932309493576912
5,0,0.34763467460732517
0,0,0.2503628332426142
0,0,0.29925877239332305
0,0,0.25593407883180247
0,0,0.23546921157662645
0,0,0.25571993530784654
1,0,0.3363757057883442
0,0,0.24102146243918693
0,0,0.2896308423783087
0,0,0.2536136907717714
0,0,0.29577653945436333
1,0,0.38515523982926053
0,0,0.23732530950107839
11,0,0.4073177187365243
12,1,0.4537564504426618
0,0,0.255228473619414
2,0,0.33388142795414716
0,0,0.24869394127022051
0,0,0.21451955217382532
0,0,0.2839504390358942
0,0,0.2722302729662337
0,0,0.2436225979418816
0,0,0.25684918199894874
25,2,0.5452693368182514
0,0,0.29005134179344777
0,0,0.2531955252495835
1,0,0.3094074599123223
0,0,0.28117469841115883
0,0,0.27650482250741304
0,0,0.2337263866257353
0,0,0.27026683766710663
0,0,0.26847778029929537
0,0,0.24224569879860494
5,0,0.33064262671554373
0,0,0.1925341356613628
11,0,0.36590746108349825
1,0,0.3091065506528147
0,0,0.25086728725511837
0,0,0.2613329989024467
0,0,0.24992995203288834
0,0,0.2873018442168963
0,0,0.26732151967113454
0,0,0.29890192957946493
5,1,0.4530739804297308
1,0,0.3012687126276367
0,0,0.24766906128368807
1,0,0.30607795122141035
0,0,0.27763182534610414
1,0,0.3562557176163737
0,0,0.26897651792071614
0,0,0.254411045322564
0,0,0.24266842689214474
0,0,0.2755118904217928
0,0,0.23214130647497153
0,0,0.2386716084287793
0,0,0.25081337217694516
0,0,0.28798945889614563
0,0,0.25799629466996304
0,0,0.26858620415368994
0,0,0.27376900555637046
0,0,0.2555457834043103
0,0,0.2589961241075129
0,0,0.24427431263972768
0,0,0.25160418380209054
0,0,0.24918959768131296
0,0,0.2684902651825612
0,0,0.2664996434064526
19,2,0.528465882690135
1,0,0.3258309650152576
0,0,0.2915315213911748
0,0,0.270289438312065
0,0,0.25319668064471496
0,0,0.27714459594825835
0,0,0.2764732666193193
33,0,0.33737615131605675
0,0,0.2439379905589469
1,0,0.3067325860381716
0,0,0.22567986246822824
0,0,0.25659686145859817
0,0,0.24888208335448317
0,0,0.25468254079927444
0,0,0.29376934556369805
0,0,0.28780695564515707
0,0,0.27637423409302597
0,0,0.2766125506821978
0,0,0.27663777788968297
20,2,0.5305107432906454
0,0,0.2827510229675961
1,0,0.32196473202880566
0,0,0.2732404313324099
0,0,0.24197658551038037
0,0,0.2817224722024524
1,0,0.31978291386149815
0,0,0.29349196024278096
0,0,0.23971251661652407
0,0,0.25552913539655403
1,0,0.3021488451449763
0,0,0.25983879586426456
2,0,0.366704332231924
0,0,0.2805383698265479
0,0,0.24693136626769874
0,0,0.29016185476358486
0,0,0.2919594446812539
3,0,0.359284662606774
0,0,0.27626947897054444
10,0,0.3121718765858076
0,0,0.27701024888381287
26,0,0.34682546039484774
2,0,0.3030370661272096
0,0,0.2713447159687968
0,0,0.29599994874886315
0,0,0.2699804241849195
4,0,0.377931525349664
3,0,0.3540482226865918
0,0,0.2666191446907221
0,0,0.29851713527202184
1,0,0.328578606490874
2,0,0.33346651959727214
0,0,0.24241622672588228
0,0,0.24942453468155634
0,0,0.25951541136679185
3,0,0.3730287439882871
0,0,0.26570851873238627
0,0,0.27198135044739413
2,0,0.3126965815392481
0,0,0.26882532360662303
1,0,0.36177905313168496
0,0,0.28488620720113556
0,0,0.25810795202538506
1,0,0.3651375489280939
0,0,0.29994943083203784
1,0,0.3073387659132462
7,1,0.463910533566088
0,0,0.28911435463515334
5,0,0.3271886237943632
0,0,0.28811315550926686
3,0,0.327485337295069
61,4,0.5670009858824192
2,0,0.32269468408825897
0,0,0.2625887457329252
0,0,0.2800391885733903
1,0,0.3051624234369774
0,0,0.2702911413430226
2,0,0.31406202702193964
0,0,0.24298505383894028
0,0,0.2765481755441078
5,0,0.37177454766428225
2,0,0.32634953412396706
0,0,0.2805584349652346
0,0,0.2641532082803352
0,0,0.27588511529415266
0,0,0.29936489670487726
0,0,0.282715194646473
1,0,0.3251425145639536
1,0,0.3009834809393804
2,0,0.3111436876540596
0,0,0.2625525244580525
0,0,0.29698405212487017
0,0,0.2664212419923463
0,0,0.26159067938068714
1,0,0.30695829690683774
0,0,0.2616617387722222
0,0,0.25185041191195334
2,0,0.3265286876563534
0,0,0.2600926012252424
0,0,0.2358226109821628
3,0,0.3198424956573821
0,0,0.2564258929645807
1,0,0.32660293553118125
1,0,0.31590107626061825
0,0,0.27782905827117815
0,0,0.26585917430577055
4,0,0.3314568850914577
2,0,0.33693710650943653
2,0,0.30990418111268986
0,0,0.25366253808833605
0,0,0.25374189724091406
0,0,0.25902100562584696
0,0,0.28119122644178896
0,0,0.2502836260226753
13,0,0.3318052710363405
0,0,0.28824380060378474
1,0,0.31287071308231135
0,0,0.24102468315301276
0,0,0.2573837207118506
0,0,0.29693722247998944
0,0,0.2646639378487029
0,0,0.26575577099167935
0,0,0.25480060886235445
0,0,0.26185156455425096
0,0,0.2698685668541702
0,0,0.2930485960430512
0,0,0.2960760826851345
0,0,0.2714241711740821
0,0,0.23570124897369654
0,0,0.29368936003088075
0,0,0.26439202906529263
2,0,0.359391269074519
0,0,0.2784507769285358
0,0,0.2989631918906232
0,0,0.24181519757029732
0,0,0.2648412076226294
0,0,0.2807138127879474
51,0,0.4131219385378379
0,0,0.2854883802900453
0,0,0.2526057508352626
25,2,0.4946853185033428
1,0,0.3255128229250414
1,0,0.3142611027771816
2,0,0.3351636310769738
14,1,0.4571762918785854
5,0,0.3181151624092399
1,0,0.41560858977948567
24,0,0.3715966994764623
2,0,0.3171869038953561
0,0,0.2735243161840251
0,0,0.23754372645690353
0,0,0.2842156046361633
0,0,0.2596828342017886
2,0,0.3260234230622361
4,0,0.3956156321303806
0,0,0.24192584757479155
0,0,0.2459065115245937
0,0,0.2507458895733436
1,0,0.3376214286175088
0,0,0.26509024714188556
0,0,0.24296452703150487
0,0,0.24620843085204655
0,0,0.2771318868441895
0,0,0.23798908660203036
1,0,0.3564117047774046
0,0,0.2810483288426289
4,0,0.389195684091234
0,0,0.29411466751520143
0,0,0.25602453176181494
19,0,0.4458931515574619
0,0,0.22556197997004038
0,0,0.25517966119722446
0,0,0.29520768492950694
60,3,0.543766407754497
0,0,0.24496784424884635
0,0,0.2494889586630923
0,0,0.29158010216350416
1,0,0.301237874557008
14,0,0.4353033533309915
0,0,0.2771674231031128
0,0,0.27518053083907057
0,0,0.2562688224264314
1,0,0.3294070133071018
0,0,0.29244532331084105
0,0,0.24726124039931352
0,0,0.23665064872227792
0,0,0.2862736419904732
0,0,0.2829283013330112
0,0,0.22327127249623552
0,0,0.26415013067583426
1,0,0.30930187513617957
0,0,0.25375160116132317
1,0,0.3022665533172329
0,0,0.29553050898041755
3,0,0.31782873667199796
0,0,0.25371041961109303
0,0,0.23793217672301076
4,0,0.3645946856516449
0,0,0.2837972439998148
2,0,0.33740698065254954
0,0,0.2934709014951047
0,0,0.25124620245927065
0,0,0.2631472810754127
2,1,0.45857106501552647
0,0,0.27969977390502826
0,0,0.2538679780497081
0,0,0.24871808931313877
0,0,0.29824001949315637
0,0,0.2682254341361531
2,0,0.3239585130990733
5,0,0.3430646805619175
0,0,0.2454285980114604
0,0,0.2846419626687253
0,0,0.2893159164298289
0,0,0.2631578209329152
0,0,0.27812268700436865
0,0,0.2653905749129866
2,0,0.3434327174318878
0,0,0.2936855494584233
0,0,0.28641866519203013
4,0,0.34596977335655826
0,0,0.24890597514797455
4,0,0.35416428110043396
2,0,0.3920105827649896
0,0,0.28136341596047176
0,0,0.24224777726409383
0,0,0.271178760308363
0,0,0.23153970341532873
0,0,0.27388690353814577
0,0,0.24799922673554306
6,0,0.44958481102454606
0,0,0.2673643964243866
0,0,0.26180195104989346
0,0,0.29557518327592514
0,0,0.26221997164311966
1,0,0.31102890647612325
1,0,0.3098710613539463
0,0,0.2884744846112965
8,0,0.44365511001070196
0,0,0.2778861125902176
12,0,0.32295394551651935
0,0,0.2940167971991002
2,0,0.3109698685851161
0,0,0.26800002820781804
0,0,0.2355390733007812
0,0,0.2615761073903477
4,0,0.32787118727461795
2,0,0.30707640935697145
0,0,0.24769366226558093
0,0,0.2798982725073301
0,0,0.2891116602158149
0,0,0.2802729326968387
1,0,0.300792861860612
0,0,0.2811546931890844
2,0,0.3255652157158549
0,0,0.26605290550478583
0,0,0.2578574548566774
0,0,0.23619986834764328
0,0,0.2660805899229962
0,0,0.2184174701291639
0,0,0.26078790853666733
0,0,0.2825595021622937
5,0,0.31217423142579054
2,0,0.3178008742833712
20,2,0.47521375309355446
1,0,0.30289867255930186
0,0,0.2797596299032125
2,0,0.32970286988115743
0,0,0.29149895912797746
0,0,0.29924404258814247
0,0,0.29762054299682733
0,0,0.24026917519747631
16,0,0.3775426367616839
0,0,0.25716169650589676
0,0,0.26482537105114046
6,0,0.3658146390634629
0,0,0.23079528268272065
0,0,0.29627342944244817
0,0,0.24621925500356381
0,0,0.24099898239503081
2,0,0.314788876904112
0,0,0.2983341551170181
0,0,0.2545134045594167
0,0,0.2551138522886848
1,0,0.41191828022846033
0,0,0.26840452748653065
0,0,0.2883600533159998
0,0,0.24982942846569176
0,0,0.299547059246102
0,0,0.28884554217325625
1,0,0.32900154169537493
0,0,0.24594763909279496
0,0,0.256299298085546
0,0,0.26190549922196343
1,0,0.35528656375325507
1,0,0.30220114274060234
0,0,0.250427425496196
0,0,0.24330564261934043
0,0,0.2383485970892531
1,0,0.3360578127168343
0,0,0.2409045446512518
0,0,0.2613529918988172
0,0,0.26297778847915654
0,0,0.2889057925045285
1,0,0.406507393910631
0,0,0.24308903721969335
0,0,0.23822394029318308
0,0,0.2500549951174182
7,0,0.44257333011520955
0,0,0.25885871098178703
8,4,0.47345686400957737
2,0,0.353404577807197
0,0,0.24398520518388653
0,0,0.24304666713533446
0,0,0.2807346301370894
0,0,0.25348814878208464
4,2,0.46180630838913955
0,0,0.27563938026813795
9,0,0.3528589027118147
3,0,0.327934799044024
6,0,0.3621880257129287
6,0,0.3666263774030041
10,0,0.43848296569889694
1,0,0.30079276929702636
0,0,0.2625369424012862
0,0,0.2863949137634385
0,0,0.26430288302789473
9,0,0.40486418552963743
0,0,0.2863393163632862
0,0,0.2685942516298282
1,0,0.39234562373354265
42,0,0.42995006540290265
0,0,0.2337211590007807
0,0,0.26739641540490705
1,0,0.39758606734317953
1,0,0.3009188832156196
0,0,0.2970448896938846
0,0,0.2616596883728015
0,0,0.2706498654157054
0,0,0.22529577632504846
0,0,0.23533891325179768
0,0,0.29200485618794986
1,0,0.3086625071030989
0,0,0.2392710652806659
0,0,0.26255652863329976
0,0,0.2984851142748303
0,0,0.29768347040884596
0,0,0.23189899816214288
0,0,0.29689161578367124
0,0,0.2996965213669368
5,0,0.3334873724584603
0,0,0.26482039654459766
0,0,0.24658355511000962
3,0,0.3095425761585508
2,0,0.31831527200485726
0,0,0.21821533726450576
0,0,0.24465644777603351
1,0,0.402784125978614
0,0,0.25240852242227163
0,0,0.2768185598298684
11,0,0.3657618673710567
0,0,0.2692587384589408
0,0,0.2984477972878308
0,0,0.2944178698699474
1,0,0.30546399238423994
0,0,0.25062539040341236
1,0,0.33003615267131997
0,0,0.28678879985123745
20,2,0.5356798949582454
0,0,0.29685265646065756
0,0,0.288041254573853
0,0,0.24852409695827068
0,0,0.2882134435075226
3,0,0.3622094033448694
3,0,0.3827187682090242
0,0,0.27233273401402264
0,0,0.2473711448766359
0,0,0.24442436967218162
6,0,0.3988781380420581
1,0,0.3120232789587423
0,0,0.2874411179470922
0,0,0.25565386303509025
0,0,0.25150372544517274
1,0,0.30102553872388566
0,0,0.27659369115228105
9,0,0.4139957551738948
0,0,0.2861875477534928
0,0,0.23395437518582599
0,0,0.2884802602172438
2,0,0.3722449069149191
0,0,0.2533658214717655
0,0,0.25746931023861674
0,0,0.2678587227595932
0,0,0.2871752636995766
0,0,0.2911771776327797
0,0,0.28492007748718406
0,0,0.2906147554228109
0,0,0.2520814939178282
0,0,0.29634753286976157
0,0,0.25987043071878774
25,0,0.38769240227421664
0,0,0.2451948592730412
0,0,0.28268714749573964
0,0,0.26402445861532176
0,0,0.281865818702326
0,0,0.2825871806899071
0,0,0.2967158333550288
0,0,0.25539205861018627
0,0,0.28093629496713723
0,0,0.28442522797103864
0,0,0.23556216778690459
0,0,0.2837273808122244
0,0,0.293385061650609
6,0,0.37585335843154377
0,0,0.292899924594017
144,3,0.5446426296167716
0,0,0.29595133141843
11,0,0.3244138208011435
0,0,0.2866122111581622
0,0,0.27086651693018277
0,0,0.2579670648137129
5,0,0.40584322850471416
0,0,0.25253293026256196
4,1,0.4597441485967187
58,0,0.44165362375643763
0,0,0.26071620203931845
0,0,0.25086505437999673
0,0,0.2498069081920805
0,0,0.2688919680545071
2,0,0.32493212385412423
0,0,0.2649806700466289
4,0,0.36524741657117166
4,0,0.3251024676564732
0,0,0.2577884264787198
0,0,0.22801645692813227
0,0,0.268386323708768
0,0,0.24731611425465785
0,0,0.26178072579145734
0,0,0.2804431956232709
0,0,0.2682810954154849
0,0,0.2628875444854429
0,0,0.28485975634539384
0,0,0.2765173553105061
0,0,0.2981669203052006
0,0,0.2927190674935292
1,0,0.31410627725278945
0,0,0.28800787143668505
1,0,0.3395778976664953
0,0,0.24794043685126868
0,0,0.292839769532233
0,0,0.2782224085507177
0,0,0.2723852880002993
0,0,0.24904193412309872
0,0,0.26928111446187025
0,0,0.27632667988460663
0,0,0.239741207145933
0,0,0.26976859883943216
7,0,0.3257400499366259
2,0,0.31658494525685693
0,0,0.2839867707822206
0,0,0.27907775813539526
0,0,0.2867915174095913
3,0,0.35621926141624405
0,0,0.25008470570070934
0,0,0.2539727604357269
0,0,0.2711566770152067
2,0,0.3170725469476522
0,0,0.27914343833306615
0,0,0.26323532580918896
0,0,0.2618158675937836
0,0,0.2941477126535581
0,0,0.25744147743485896
0,0,0.29435409739489493
5,0,0.3107198365534517
0,0,0.28354781390372413
0,0,0.281710086181252
0,0,0.265589082037831
0,0,0.284543807146778
0,0,0.23173259105068222
0,0,0.23985037017062322
2,0,0.3045525264720602
8,0,0.3718095033211097
0,0,0.292187148246411
1,0,0.3176130807875851
3,0,0.3085219431455431
14,0,0.3396075928638049
0,0,0.28174240589841004
69,2,0.5773368769581261
0,0,0.268344615847551
1,0,0.33998852592328116
1,0,0.30032752872760726
0,0,0.24043921657326747
0,0,0.22105173462755445
43,1,0.45698131023995553
0,0,0.2756735172082526
1,0,0.3727304059484277
0,0,0.2962207783949689
2,0,0.3046265933317119
1,0,0.34233729091379467
4,0,0.35988352150138736
2,0,0.39535360571111927
0,0,0.24855153226612947
0,0,0.2613450967879335
0,0,0.2678052543579308
8,0,0.360424099515625
0,0,0.27921779000352714
0,0,0.2948111046471204
5,1,0.46424143427429637
6,0,0.3339123402124475
0,0,0.2802373426559965
0,0,0.28027048286879336
0,0,0.2767112730010282
0,0,0.2896086097543778
0,0,0.27492877475496624
0,0,0.28645420095757806
12,0,0.32001466976195536
0,0,0.26295891536721794
1,0,0.3008446041245913
8,0,0.361990613372001
0,0,0.2693959934937351
0,0,0.2793404546262832
0,0,0.2875207405769518
0,0,0.25682149756492123
0,0,0.27541082213031937
0,0,0.2669637583724994
0,0,0.266076318822498
0,0,0.24450073391252264
0,0,0.23001422020596576
0,0,0.27010838713660124
0,0,0.2607187965126365
3,0,0.35293180367717514
0,0,0.28678700769710835
0,0,0.26999143182748486
0,0,0.26509631436988834
0,0,0.28459046257593357
4,0,0.3571619999372758
0,0,0.27784687200683045
0,0,0.27804590856276257
2,0,0.33704018016429577
0,0,0.25591987197530425
0,0,0.27354032389509725
2,0,0.3081687286786488
0,0,0.256446230300261
0,0,0.2857369789090948
0,0,0.25101186140164683
42,0,0.33023482953662503
0,0,0.2915671350593533
1,0,0.3004798275113515
0,0,0.27831676368334796
0,0,0.2692714591379021
0,0,0.2506504038273544
0,0,0.27647164327384277
0,0,0.26039566242788426
2,0,0.30756781360687974
0,0,0.2639382993383196
0,0,0.2995340735235409
0,0,0.2491144305346644
1,0,0.3118422332568117
0,0,0.2967950119713478
1,0,0.3394416429148007
1,0,0.30045654496070334
0,0,0.2850098091597886
0,0,0.28504790454325085
63,2,0.49713374287662554
0,0,0.24874107159947592
3,0,0.35190309101385137
1,0,0.3096870454628062
0,0,0.2945334438532775
0,0,0.24386369994322407
0,0,0.25648746885725415
1,0,0.3962754959811427
0,0,0.2495059730311037
0,0,0.23181174118956618
0,0,0.2595501013663821
0,0,0.27167217879553174
0,0,0.28409288979500497
4,0,0.382562266772275
0,0,0.26028542754621226
0,0,0.24290652554814024
0,0,0.25811493707318073
0,0,0.2278213907120035
0,0,0.2425508564425927
24,1,0.4525364420965774
0,0,0.2876242631062053
0,0,0.2572566598250225
11,0,0.38740671239644925
0,0,0.28693857889195584
0,0,0.2640429548441709
1,0,0.36869590623365117
0,0,0.2754171342326577
10,0,0.4281484457670465
0,0,0.27422425669579403
2,0,0.30343406064585177
0,0,0.25079001086417163
1,0,0.3240469793658562
0,0,0.2865397341183442
6,0,0.39664584319139695
3,0,0.3445160206781158
0,0,0.2810495640045763
0,0,0.26134009062272506
1,0,0.30127699623314363
4,0,0.43016695326662874
0,0,0.2781813402352468
0,0,0.2991215373891035
5,0,0.35492118554181395
1,0,0.3017034595245282
0,0,0.2634989568803353
3,0,0.37489637599592013
0,0,0.26766211346327906
0,0,0.24796840068057258
0,0,0.2803873748574943
0,0,0.23564893951616567
0,0,0.2605503582330909
0,0,0.2513366111592891
0,0,0.2980952609187872
1,0,0.3060633639063243
0,0,0.2532895826400938
0,0,0.23078797689487782
0,0,0.27509690883516746
1,0,0.3041849454370957
1,0,0.3001631821252578
0,0,0.2432329955752747
0,0,0.2303456629996644
0,0,0.22909875387290776
0,0,0.23100163900632353
1,0,0.3026905856419929
0,0,0.29427069422547675
0,0,0.2683065990224576
0,0,0.28372101202422856
0,0,0.27693419253407603
38,2,0.5301282924124044
5,0,0.3527278102068441
2,0,0.31002000202759267
14,0,0.3794164891504873
0,0,0.23008058404684326
0,0,0.2782454032028317
0,0,0.2714758277208544
0,0,0.2729149984958457
0,0,0.24797716855009774
2,0,0.31604911993089035
0,0,0.26306593016948177
6,0,0.3730687147030702
0,0,0.2853177286499982
21,0,0.42054862806488336
0,0,0.2706538403292809
0,0,0.2434346110968796
0,0,0.29917171861870423
0,0,0.2689357977114506
0,0,0.2676466021579179
16,0,0.3681023282011743
0,0,0.27925363844763684
0,0,0.24991962951405836
0,0,0.2687708791659366
1,0,0.3179755414643035
0,0,0.27995012351997317
2,0,0.3117701634587149
0,0,0.2580644471231262
2,0,0.3286158328232931
2,0,0.3107474073255961
0,0,0.26519346703014357
0,0,0.2952799934443538
0,0,0.28937742158956514
0,0,0.2755280549831093
0,0,0.26125767873273276
0,0,0.277239749800389
0,0,0.2575968060323781
0,0,0.2721106209887045
0,0,0.2645365718071491
0,0,0.2556662739172877
14,0,0.4256382019279801
0,0,0.27469747458315147
0,0,0.2394429845746581
3,0,0.3045320305779583
0,0,0.2691061852072187
1,0,0.388914764628334
0,0,0.26317713889936906
0,0,0.26351532662858057
0,0,0.25599139454180464
3,0,0.3125605779383357
0,0,0.25091489491044006
0,0,0.2622341633376783
0,0,0.26431334495803455
0,0,0.27873941382990847
1,0,0.31086235427944386
0,0,0.2510904676478469
1,0,0.30820351089395903
0,0,0.24139595264044134
0,0,0.2786855184823318
0,0,0.2778147313870338
0,0,0.28298766964536537
42,0,0.44221696619003714
1,0,0.3079208770137007
0,0,0.22934262811428116
0,0,0.24179685447371735
0,0,0.2476063239570422
0,0,0.23902459228699294
1,0,0.30192826266070444
0,0,0.26052833593495883
28,1,0.4642909885443608
34,0,0.3471292125101823
5,0,0.3672785683922672
3,0,0.376622052494213
0,0,0.26930318975274126
0,0,0.24559380491979993
0,0,0.25410775742801606
0,0,0.24995812492498928
0,0,0.2636597728146421
1,0,0.33850037972961805
0,0,0.29364787554866456
0,0,0.2946410262524232
0,0,0.2808923707318897
1,0,0.3312421446986283
54,0,0.4163570435370927
0,0,0.25277258055658364
0,0,0.29732772729682955
0,0,0.2716955484137315
0,0,0.28655166354176514
16,0,0.38194740598976623
11,0,0.3622604007207741
0,0,0.2688168376097367
0,0,0.29443610752748556
0,0,0.28583162624441116
1,0,0.3074772743537199
0,0,0.26356963475266254
0,0,0.29979640538816843
0,0,0.29082063806735103
0,0,0.28188779367702205
6,0,0.30671745713199133
1,0,0.3094275016203839
0,0,0.27968248464923723
1,0,0.3040905887616543
0,0,0.2869650446828305
0,0,0.29038093842574
6,0,0.42430770998231016
11,0,0.36358745963882083
0,0,0.29379197985729955
0,0,0.24639708195025659
0,0,0.2898253587672118
0,0,0.2843249071434107
0,0,0.23703570702825552
0,0,0.28237599598688856
0,0,0.25043270217579117
0,0,0.2820156815611685
0,0,0.2861207992673764
0,0,0.2407469208787779
0,0,0.2765562527240084
2,0,0.3305194692319818
0,0,0.2521352360206711
0,0,0.23244320817643532
0,0,0.2563689191445976
0,0,0.27015280609788317
0,0,0.25184712105721085
0,0,0.29608710153531675
21,2,0.5337221971086871
0,0,0.2726784319697642
0,0,0.24203634075247524
0,0,0.24000539216135786
0,0,0.27136040180916154
0,0,0.2395277772264137
1,0,0.36174890474800403
1,0,0.3983883335129638
0,0,0.280125461249805
1,0,0.3247643512441737
0,0,0.287802302881027
0,0,0.25667229094818284
29,0,0.36636602908032523
0,0,0.2514129066840339
53,0,0.37974021309045114
2,0,0.4086396440218356
0,0,0.2869619615134609
0,0,0.27070177093968967
0,0,0.2778664187104955
0,0,0.23675437818212036
0,0,0.2818737674056475
0,0,0.2925204894376837
2,0,0.32302280712882353
0,0,0.23948309775181756
0,0,0.24406385202726594
3,0,0.3946962428235095
0,0,0.2564945283977058
2,0,0.3342136054203494
0,0,0.20966823247480634
1,0,0.3303957217758829
0,0,0.25656810279805103
1,0,0.3016432709672863
0,0,0.27298198637274446
0,0,0.25656177532547936
0,0,0.254693375758665
1,0,0.329144600142956
0,0,0.2855659837462491
0,0,0.27658877889127537
0,0,0.2848324379140319
0,0,0.2889472151970664
1,0,0.36957678150548345
0,0,0.28088545914436686
0,0,0.2648597692858254
0,0,0.2901769127643337
1,0,0.34105624443929056
0,0,0.27253094662197364
0,0,0.28837322253889963
1,0,0.330326277021654
0,0,0.25973532107016256
0,0,0.2347121532916014
0,0,0.248145974418259
6,1,0.4669592328289013
0,0,0.24290568953765526
0,0,0.24814853339249066
0,0,0.27137189034054154
0,0,0.2700902440034307
0,0,0.25952084678963894
2,0,0.344899549380888
0,0,0.29701673492334546
0,0,0.27865781356080127
0,0,0.2796676303869226
0,0,0.23659345507661458
0,0,0.2633448184161541
0,0,0.24643809023277255
0,0,0.2874527924357682
1,0,0.36521119069119035
4,0,0.3851230310339533
0,0,0.24919828290384022
0,0,0.28188748976546585
0,0,0.282581485792903
0,0,0.28465227422989214
0,0,0.2500017256134197
1,0,0.3127875429448342
0,0,0.2510273744312281
0,0,0.2723067508089962
0,0,0.26359176268966694
0,0,0.25488147082305335
1,0,0.34037111058897446
0,0,0.23600375261588238
0,0,0.2593428076761132
0,0,0.2848887156466501
5,0,0.32625577900578245
0,0,0.2887795277605022
40,1,0.4541217160345898
0,0,0.24526787067105996
0,0,0.27108057293450455
1,0,0.3082509934921438
0,0,0.26883586732993914
0,0,0.2935233265908751
0,0,0.2818735261881285
0,0,0.2577668514645796
0,0,0.2786110819188553
0,0,0.26795341758241376
5,0,0.4342229343162374
0,0,0.2506775186917675
0,0,0.25607802368469074
0,0,0.27754367670364805
21,0,0.3567895611668725
3,0,0.3118827567475066
0,0,0.2885933324354937
0,0,0.2602913394711659
0,0,0.2541260559198071
0,0,0.2841768463577886
0,0,0.2890382700503652
0,0,0.27029405818282015
0,0,0.2790969345675703
0,0,0.28318088166288385
0,0,0.23606571811919694
0,0,0.24581974029311437
0,0,0.2580024556052694
0,0,0.26928140025991326
7,0,0.3761284959469489
0,0,0.27108964404000646
1,0,0.3634377284143025
2,0,0.3043114642865434
0,0,0.2702022596165518
0,0,0.2679130286512788
0,0,0.2655240372609482
1,0,0.3596858952762065
0,0,0.2624334176105385
0,0,0.23955969688519707
0,0,0.2878378185991848
0,0,0.27300278153518376
1,0,0.36265643579151186
0,0,0.28616519022591774
0,0,0.2727450158221633
0,0,0.2625958728622715
0,0,0.2448038620628014
0,0,0.29957236501984075
0,0,0.27391284563219237
0,0,0.2834336446517588
0,0,0.2607761069734907
0,0,0.2634950051776289
0,0,0.2686873999821868
0,0,0.2637414222942845
0,0,0.267881159512075
0,0,0.29421002551369235
0,0,0.2983740744462246
0,0,0.259040894146857
5,0,0.3718647318371796
0,0,0.26196726275924953
1,0,0.36203895403913905
0,0,0.2763057292523979
1,0,0.31142601612903464
0,0,0.28869233716782666
1,0,0.30249636788944456
2,0,0.3340426067483178
0,0,0.2596051534506807
0,0,0.28849527355706767
0,0,0.23735524299334917
3,0,0.3337493494924407
3,0,0.33818390971696927
0,0,0.27657463483090994
0,0,0.28678216527058903
0,0,0.2474672782812448
0,0,0.26897590632653917
2,0,0.3137446669521855
1,0,0.30022058945429575
0,0,0.2672412731358404
1,0,0.32669399429924306
0,0,0.2834123056881031
0,0,0.2679939203144412
0,0,0.23018242970471872
10,0,0.4202501111886948
1,0,0.340796449136617
1,0,0.3042981718595967
0,0,0.2423161817690074
1,0,0.4057984569418604
2,0,0.3539779223016099
2,0,0.32049758550746105
0,0,0.2807784175511181
0,0,0.2880124426850238
0,0,0.25691685363744565
0,0,0.2667638809741596
0,0,0.28599474252652
0,0,0.2554785280446055
0,0,0.24049402535246533
0,0,0.2606701517178164
0,0,0.2623969411435681
0,0,0.2487097766149997
0,0,0.28654143419689415
0,0,0.261839884956991
0,0,0.26600575238827684
2,0,0.3098568206492475
0,0,0.2379286139810224
0,0,0.28448410591159284
0,0,0.2505743077299945
0,0,0.2760584401332153
4,0,0.3420757077363756
0,0,0.28601868707706374
0,0,0.2547216604013537
0,0,0.29529895572115045
0,0,0.25835347122161983
2,0,0.33404480315372487
0,0,0.2901975686134528
0,0,0.22846956154318576
1,0,0.38944160011543616
1,0,0.3114186057951981
0,0,0.2517206498069579
20,0,0.38528240058403607
0,0,0.28607262186537846
0,0,0.26081739060454456
0,0,0.24729063454842032
0,0,0.25111203601222853
0,0,0.2948053350204922
0,0,0.27288478379471753
0,0,0.28251398247256587
2,0,0.3056009382990904
45,0,0.44773061263668873
2,0,0.3189143517856832
0,0,0.27501579488746003
1,0,0.3071226868031855
44,0,0.40143440207710696
0,0,0.2104355169520681
1,0,0.3889776827436931
0,0,0.23297753524338013
14,2,0.47951514001636275
22,0,0.4492487623464657
0,0,0.2548499965546971
0,0,0.2748871660728295
1,0,0.40567338644172346
0,0,0.25704063946769
0,0,0.2793285318780269
0,0,0.2665357363438313
0,0,0.2694787280785961
0,0,0.27876441250414413
0,0,0.2773991485941747
0,0,0.27552648572469696
0,0,0.2725530382014907
0,0,0.22340853467736937
0,0,0.2580455412700035
0,0,0.27696393427907423
0,0,0.2886592985601706
1,0,0.40284114577498725
0,0,0.2599342084714163
0,0,0.2500345011940057
4,0,0.3246088865807804
0,0,0.26179595083588036
0,0,0.2792074174206815
0,0,0.25816867905115215
6,0,0.44819631772775087
0,0,0.2721070740530965
0,0,0.2700304871161052
0,0,0.29050063505780754
0,0,0.2650634873725754
2,0,0.3308674655505213
0,0,0.27802084085719864
54,2,0.4697661348065129
0,0,0.2310637734702458
0,0,0.2967094970537794
23,2,0.47871689698266084
0,0,0.25042896722914204
0,0,0.28000049737452054
1,0,0.3019739694491081
85,2,0.481894267127731
0,0,0.2403467978039365
0,0,0.27428635901838166
15,2,0.4872574830755069
9,0,0.4172180640400413
0,0,0.25110678799069047
0,0,0.23789258816630351
0,0,0.28261393011042474
0,0,0.26258128732719266
0,0,0.2616570663239367
2,0,0.310210128898394
0,0,0.234335855744607
9,0,0.3669319491200861
0,0,0.2721462286933595
0,0,0.28353913089799215
0,0,0.2635205278085586
0,0,0.24623408394666083
1,0,0.30795896513696797
2,0,0.31408838884386536
0,0,0.25054422040488733
0,0,0.2840286071006885
0,0,0.23617839360480944
3,0,0.4446457385792736
0,0,0.2702144980197915
2,0,0.3248046379917232
0,0,0.2876343551824665
0,0,0.28387073845706784
0,0,0.2875763076411783
0,0,0.26195571134827855
2,0,0.3392272203886687
0,0,0.2664792603936929
0,0,0.2615102075302449
0,0,0.2567884585838675
3,0,0.3277987545038447
1,0,0.3601279953296131
0,0,0.2930860834571491
3,0,0.3096656986764776
1,0,0.35845475218587036
0,0,0.23883404834838548
1,0,0.35688977531179067
0,0,0.2552924742006023
3,0,0.3352617412523377
0,0,0.2756608618339623
0,0,0.24256932882164733
0,0,0.2545366057209352
0,0,0.27978952772006177
1,0,0.3127057651667512
0,0,0.24697732410647494
0,0,0.26754665901863056
0,0,0.2862906449189241
0,0,0.24215919150076798
0,0,0.2841698663103358
62,2,0.4815145967952244
0,0,0.2717548048465018
0,0,0.2310158123820475
1,0,0.3033554803074407
0,0,0.23177872161769936
0,0,0.27810506838513155
0,0,0.22479255335564727
0,0,0.2791309065213699
0,0,0.28286161711483127
0,0,0.27962817286268954
0,0,0.2517191124297603
0,0,0.2679547558610769
0,0,0.2782707906092369
0,0,0.25974972508241323
0,0,0.2624604694353324
0,0,0.24943228617266835
1,0,0.30707542896406026
0,0,0.2562741381798327
0,0,0.2909567151130513
0,0,0.25010848820123915
2,0,0.3255745041886919
0,0,0.2622861934546589
0,0,0.2669850441584091
9,0,0.34645761383558427
1,0,0.31687757191876514
0,0,0.24140449618005813
5,0,0.3613456654490078
0,0,0.29409444380523886
1,0,0.313259278579618
10,0,0.3865420610918192
0,0,0.27672829750478745
61,3,0.5281310750395951
0,0,0.2967750648544534
0,0,0.2514172309748108
0,0,0.25382395603101643
0,0,0.26632904797304213
1,0,0.3084165796789062
1,0,0.3071848855630726
1,0,0.3134060019278079
0,0,0.27399792668830164
4,0,0.33638473982404815
0,0,0.2194301603698776
0,0,0.2544652480450929
2,0,0.31294426963806554
0,0,0.2655256581691134
17,2,0.4866776030438114
0,0,0.27518693002686695
0,0,0.2858886162149749
2,0,0.3096082766782395
28,1,0.4647546206511144
0,0,0.2937020786462935
0,0,0.274331946397132
0,0,0.24694019915801574
0,0,0.2922630245669834
9,0,0.42836502057680803
14,0,0.32692961408981547
0,0,0.2828519818512737
0,0,0.26831319611206056
1,0,0.31412458947893357
1,0,0.3028821188209401
0,0,0.26082317416336315
0,0,0.2776157518921878
1,0,0.3169257915612438
0,0,0.2784811881395989
0,0,0.27390812774350104
0,0,0.28786235145159983
0,0,0.295472453646742
1,0,0.3020574975520394
0,0,0.25650591396796846
5,0,0.39062934447872816
194,3,0.5282189613160025
0,0,0.23441002608381592
0,0,0.23598551795258763
1,0,0.3085331137656745
0,0,0.28184028108677833
0,0,0.24707431166278182
0,0,0.280820340528932
1,0,0.360924389751537
0,0,0.29242746701998856
1,0,0.3173513613892976
16,0,0.3475602207392421
0,0,0.2838687325347146
0,0,0.24517267574936
0,0,0.2849170888073711
0,0,0.28513276419923694
0,0,0.27577819322489316
1,0,0.38688667443401487
0,0,0.265583188082045
0,0,0.24414643333424363
0,0,0.29701696231096714
0,0,0.288998689438931
0,0,0.24833722978303227
1,0,0.3064666766765456
0,0,0.2737424784943978
1,0,0.3201910208498138
2,0,0.31876826579231804
1,0,0.31342718610662346
0,0,0.27674213705695033
0,0,0.2840254468508192
0,0,0.2614884418916538
3,0,0.4038013004942839
57,2,0.5438626080165533
0,0,0.2589821614750153
4,0,0.3906505525071283
0,0,0.28445168328640763
0,0,0.2907728796921266
0,0,0.26898404453545605
0,0,0.2781116393218307
1,0,0.30550880622811105
0,0,0.2492973622841318
0,0,0.2925907825409882
0,0,0.254140572174319
0,0,0.2732401404460377
0,0,0.2859222837846108
7,0,0.4077700648661189
0,0,0.2637396530084876
0,0,0.238301537967372
21,0,0.43996375660509834
0,0,0.25864020160071877
0,0,0.2423848347893616
0,0,0.27030400277735483
1,0,0.40235527186634296
0,0,0.2468959067862848
0,0,0.27184386493602475
0,0,0.2584617698929033
0,0,0.2816980078741429
0,0,0.28812304946664913
0,0,0.2786451908343301
2,0,0.3148570466075228
0,0,0.24314477926036265
0,0,0.266142024337098
3,0,0.3630696838446293
44,2,0.5153244754303327
0,0,0.2727616693981666
0,0,0.28664891368912704
0,0,0.25417497105294085
0,0,0.26545911417819373
1,0,0.3343462552425703
0,0,0.2461456808112289
0,0,0.27646862216104096
0,0,0.2499459379896097
0,0,0.2899432588730605
0,0,0.2668228127526927
0,0,0.23614658469524846
0,0,0.2905814692562456
0,0,0.22188579249318646
0,0,0.2640730584748753
0,0,0.22806393573397923
2,0,0.30926689360166926
0,0,0.24514424149371736
8,0,0.35802680402806836
0,0,0.2702608295915226
4,0,0.38025548788528446
0,0,0.2956116713689984
0,0,0.26004354519616923
0,0,0.26887422433622316
3,0,0.3286062403183738
6,0,0.4165742864542035
0,0,0.25927134688043285
0,0,0.25890929096640536
0,0,0.26496204140502655
11,0,0.34502314701095355
0,0,0.2672097385195555
4,0,0.3113370407491388
0,0,0.2602975550560655
0,0,0.29193102145750116
0,0,0.2892655160963347
0,0,0.28286451745525587
0,0,0.2907197698788474
0,0,0.2431877690395534
8,0,0.4328028646363553
0,0,0.2732359667581252
0,0,0.27079110219729113
0,0,0.2527083509623389
0,0,0.25912921630182667
0,0,0.21406809618539022
5,0,0.3491054334328596
0,0,0.26199600575410836
0,0,0.27867912413829254
0,0,0.2545287645974218
0,0,0.24298113198951368
0,0,0.2688216690774227
0,0,0.2724625041033783
0,0,0.29757245538213106
0,0,0.2599498621065342
6,0,0.3640959975500853
2,0,0.30755351813524995
1,0,0.3046837767042793
0,0,0.28124480975605426
2,0,0.31334245586193615
0,0,0.27968758313929915
0,0,0.2991575925086686
1,0,0.31189853639975745
0,0,0.27423471868233745
1,0,0.32068163553869966
0,0,0.2726093490825479
2,0,0.3268215176883131
1,0,0.3036171350711658
0,0,0.2801113707405999
0,0,0.2572554366128937
1,0,0.3608397724103448
0,0,0.2990730339127938
0,0,0.26349342549421434
0,0,0.27186957968364733
0,0,0.2780982591064004
2,0,0.3081801245545643
5,0,0.3114377620834263
0,0,0.2739674155997939
3,0,0.3191084343706821
0,0,0.25896408087235007
7,0,0.38792367004347705
0,0,0.24387386944736583
0,0,0.2644868757613379
0,0,0.2543318201133246
0,0,0.2793227941214542
9,0,0.4482294751705725
27,0,0.3791079925358082
67,0,0.39246282778946356
4,0,0.3197183444447297
0,0,0.2653176358927581
0,0,0.24712847424119125
11,0,0.3500930666261818
1,0,0.30858940674830393
0,0,0.19952890264839973
0,0,0.2459423462357506
0,0,0.2781946838254023
1,0,0.31222597490559933
0,0,0.2683160777516007
0,0,0.2553036693401234
1,0,0.40670722444331253
7,0,0.31028361393508336
0,0,0.2863820776800123
0,0,0.2695409954197011
0,0,0.27725884306352244
1,0,0.32407267811602175
0,0,0.2360119514181021
4,0,0.3912925865363258
0,0,0.2806980718848208
0,0,0.2194309234522826
23,2,0.46542875976293563
4,0,0.340298674460427
1,0,0.3006664637857484
2,0,0.3050698156464395
0,0,0.277205436647406
0,0,0.26743865439091186
4,0,0.3391942938147324
0,0,0.24108595152517717
0,0,0.22588147871621667
43,0,0.37723880339853144
0,0,0.27063465196555625
0,0,0.254032174720488
0,0,0.2773723385180241
0,0,0.27030843305833024
0,0,0.2678364828195588
0,0,0.2190540095768245
0,0,0.27264289059652597
0,0,0.2708539545782112
0,0,0.27317834282901693
0,0,0.2850450799961917
0,0,0.2753416520492581
0,0,0.259969732683302
1,0,0.32908117576296114
0,0,0.2761527074273446
0,0,0.2556473809631369
0,0,0.27615953048827585
0,0,0.2734612590690254
0,0,0.280382459094624
0,0,0.2861736676966038
11,0,0.3760492812256883
0,0,0.288906042259308
7,0,0.40133306600934504
0,0,0.285301459303096
0,0,0.29609568822915344
0,0,0.2760280100891657
1,0,0.34130892166971916
1,0,0.3101577644899496
0,0,0.24553247848342885
0,0,0.25408505818000204
0,0,0.2610909657503611
35,1,0.4661504003596472
0,0,0.2863642973613694
0,0,0.26351428774571733
0,0,0.2931433699618246
0,0,0.29489240852712073
1,0,0.30617574043297807
0,0,0.26184158774098565
4,0,0.33064595517190354
0,0,0.2827706214147199
0,0,0.2932343445227622
0,0,0.2893592552045642
2,0,0.3552063654766263
69,2,0.5545506637969516
0,0,0.24886735157108705
0,0,0.26194648448289937
0,0,0.2903006524437291
0,0,0.2747211108384627
0,0,0.25960810235720705
1,0,0.3042786265627328
0,0,0.27831196622707827
0,0,0.2773135520992708
0,0,0.29027262036164364
0,0,0.2710224732247016
59,2,0.4989135672181227
0,0,0.2797768068910095
0,0,0.22481358711481164
54,0,0.4357744961516147
0,0,0.2910993478514847
3,0,0.34271597253749275
0,0,0.2747113346238075
26,0,0.4111485831270923
0,0,0.2528166083301551
0,0,0.2798533403164324
0,0,0.259836212534475
0,0,0.24329610401690058
1,0,0.3308040029781403
0,0,0.2574426807758724
0,0,0.2652270438666642
1,0,0.3538713447072672
0,0,0.29730234521038074
0,0,0.27450846056682876
0,0,0.26529931841690335
0,0,0.2928571929395994
0,0,0.26438965386342705
0,0,0.2700397203104489
0,0,0.2823029048370072
2,0,0.3529718875463248
0,0,0.29691110966346257
0,0,0.2552078959398402
1,0,0.3055598975331914
0,0,0.29311212377279255
0,0,0.27495084000643333
0,0,0.26440468688796886
0,0,0.255825536966305
0,0,0.26439022463899936
3,0,0.3193963927664668
0,0,0.2511917475271403
0,0,0.23998659851576623
0,0,0.26150280310338936
0,0,0.2825853160503318
0,0,0.2861162882356894
1,0,0.3166032931253096
1,0,0.319789019388945
6,0,0.37452003621133323
0,0,0.271518076319552
0,0,0.2397096268747724
0,0,0.27315123465321767
2,0,0.34557195979826066
0,0,0.24563364428780235
0,0,0.2468207459106254
0,0,0.2865200198754319
0,0,0.2506300870264877
9,0,0.3655584912242078
0,0,0.24076627751348456
1,0,0.3011223427234261
1,0,0.30171725447768033
0,0,0.25686264399468833
0,0,0.2610457371899524
3,0,0.3720786495850112
0,0,0.26571214531780435
2,0,0.31829753527818616
0,0,0.2847318582303459
0,0,0.23884602987453377
0,0,0.2982713553974555
0,0,0.25409222519643626
28,1,0.4618326613202999
0,0,0.2597772727678091
0,0,0.27888871670082854
0,0,0.2840229310068887
2,0,0.3447705976740405
1,0,0.30274992793396005
0,0,0.23763384836661142
0,0,0.2622060674385742
0,0,0.2532777018578995
0,0,0.26923768148879945
1,0,0.33279721183701183
1,0,0.3523561272807377
0,0,0.27928606679478357
21,0,0.44714229185955545
0,0,0.2766828092410026
0,0,0.29377013148910064
2,0,0.3174103425351683
0,0,0.2837644486103039
2,0,0.3543495136903846
0,0,0.26963030889970735
0,0,0.25469335351800865
17,0,0.4170280158169838
1,0,0.310013757431654
0,0,0.2588344212002462
3,0,0.41206172744839653
0,0,0.2826190341368171
1,0,0.39715701024565536
0,0,0.24737984931277351
0,0,0.27454542711568614
0,0,0.2976583378939608
2,0,0.3074354206946937
0,0,0.2933239688470161
1,0,0.40465530098693453
1,0,0.31086860336149547
0,0,0.26875802411483635
0,0,0.27512160210664355
1,0,0.3034311601424091
3,0,0.38069002904626575
0,0,0.26705817793138914
8,0,0.41794885467546566
1,0,0.30370232505757083
0,0,0.26338519805835353
0,0,0.29643634736677127
3,0,0.34720964703457896
1,0,0.3142926790660207
0,0,0.24909722239626836
0,0,0.24096638675070156
0,0,0.2600195474499118
0,0,0.26304225200259296
0,0,0.29183073810462723
0,0,0.2661183276916087
0,0,0.2728284510204921
38,2,0.5124419325663678
2,0,0.3074890722021885
0,0,0.2818543708743442
8,0,0.38282806277553955
1,0,0.3216226267882544
0,0,0.2585121338663955
0,0,0.27676737018265035
0,0,0.26936172763740995
0,0,0.24776296242147278
0,0,0.27245431853707097
6,0,0.36092435641841164
0,0,0.2670177490804677
0,0,0.2956438132098159
0,0,0.2599978905290512
0,0,0.28790013305582335
6,1,0.45683733508432994
0,0,0.25654550150794003
8,0,0.39099381782547304
52,0,0.4111537659360855
1,0,0.3205063395127148
0,0,0.2570538064431014
0,0,0.27634444121798596
1,0,0.3082264218315661
0,0,0.2691989357576138
0,0,0.2869548373807972
1,0,0.36052209168570737
1,0,0.3056442220721848
0,0,0.29148110901322805
0,0,0.2967299439360695
3,0,0.34890033370894485
0,0,0.2857373586884626
0,0,0.2475520850550143
0,0,0.27977761984333305
0,0,0.2834163576174101
0,0,0.2907899143094957
0,0,0.2689858967909005
0,0,0.2781799948290043
27,0,0.3611202665270498
0,0,0.2857288266342049
0,0,0.2752542283545226
0,0,0.2600026888173982
0,0,0.2654828337065767
0,0,0.2352230136102892
0,0,0.2657200325304839
0,0,0.26628125366494465
1,0,0.31955399304376697
0,0,0.24784962176969055
39,2,0.5680955150049807
0,0,0.2878897070729791
0,0,0.2460167290931584
1,0,0.3118019781053808
1,0,0.3007246171952204
2,0,0.32103506308749413
0,0,0.2985881353197815
0,0,0.27033369907315774
0,0,0.2921535215587723
0,0,0.2961237820570062
41,3,0.4985497980647407
0,0,0.2717461324801848
1,0,0.30757793518106696
0,0,0.289058779796345
1,0,0.3000919990829452
0,0,0.2868206457826202
1,0,0.30338893097488095
1,0,0.3109532766581083
1,0,0.3352800526074237
0,0,0.2828246195626222
3,0,0.3597621851095352
0,0,0.24108081495819084
0,0,0.2722788250276642
0,0,0.2888547948957961
1,0,0.33673146032132484
45,0,0.4354925944661363
0,0,0.2714305031456535
1,0,0.40102765964923015
2,0,0.3131158011481367
0,0,0.2418863247510908
0,0,0.24286912555649767
4,0,0.3360008854536506
0,0,0.26575629367308773
0,0,0.24538042942320304
0,0,0.27733395397141175
0,0,0.27106627046042814
14,0,0.39435042320730834
0,0,0.29016210088132943
1,0,0.3224081285755443
0,0,0.273312560133755
0,0,0.2236013246511647
1,0,0.389536014844388
0,0,0.28139142332603456
0,0,0.2732977102687014
0,0,0.2846474023885817
7,0,0.4081119354895143
1,0,0.3678763677755693
0,0,0.2656843069956157
3,0,0.3288716231870673
0,0,0.27688823074658353
2,0,0.3802931452202957
0,0,0.25400959424935715
0,0,0.27932181091317776
0,0,0.27147206060966583
0,0,0.2822707595746592
0,0,0.28972496509288365
27,2,0.4668947550188099
0,0,0.2651568627387079
0,0,0.27838394360983415
0,0,0.23846090581024684
0,0,0.23565409278956762
0,0,0.2722866138329833
0,0,0.27295815803972234
0,0,0.23194666660949867
0,0,0.25908958897558015
0,0,0.23342481459801065
0,0,0.27866487653802907
0,0,0.23995246812030951
0,0,0.26597259886767516
0,0,0.26004128414866634
0,0,0.26424137990716345
0,0,0.29849286251786733
0,0,0.2921568020806048
1,0,0.4044225622548275
1,0,0.3206167577143373
15,0,0.4180175640848095
0,0,0.27328934599434845
0,0,0.2875405925372604
0,0,0.2763944606487397
0,0,0.26434758459813346
1,0,0.3229020621657889
0,0,0.28986835076542095
0,0,0.2883897574717885
0,0,0.2911937305063267
9,1,0.45665283387953476
0,0,0.27430942652689905
0,0,0.24999004501481842
0,0,0.2828862659256336
0,0,0.2561996666584205
0,0,0.2622402978764008
1,0,0.3274955782552552
2,0,0.3345044727433194
0,0,0.25938724191568613
0,0,0.2816591207574037
0,0,0.2650339477655522
0,0,0.27686426798552016
0,0,0.2911799293357102
0,0,0.2540595172707866
1,0,0.30609143987802817
0,0,0.25619596569085495
0,0,0.27592070771959426
0,0,0.25245668465359056
0,0,0.2554134897499188
56,1,0.4524728281699224
1,0,0.3077405022605223
0,0,0.2540208287451237
4,0,0.3206859537824456
0,0,0.25851511918300424
5,0,0.4473429552079522
0,0,0.2546901569941872
1,0,0.30728490589754864
0,0,0.2713591714143035
0,0,0.2833920323539531
5,0,0.34135536476495826
0,0,0.21740391850124757
0,0,0.2868471285395855
0,0,0.2611709904756962
0,0,0.2701048492176844
0,0,0.26531085791939785
0,0,0.2938552460010881
0,0,0.28819687609219113
2,0,0.3743491526814749
2,0,0.30875886056608864
0,0,0.2920329767189204
0,0,0.24814432476858608
1,0,0.3252664294144154
0,0,0.23841102097732833
4,0,0.349485460083708
2,0,0.3622160643149076
0,0,0.28241616337893494
2,0,0.30971353142757585
1,0,0.32540605688170676
4,0,0.33068751211395053
4,0,0.36089946134031436
0,0,0.26917647868254596
0,0,0.24570049583369072
0,0,0.25604688272054016
2,0,0.32960333043554824
0,0,0.28153923401792935
5,0,0.40366257779779147
0,0,0.2560510756817643
0,0,0.2659277915697544
0,0,0.26543002093590873
0,0,0.2570435995653615
0,0,0.2294167308179515
0,0,0.25663167606354476
1,0,0.3076217557745258
0,0,0.2834791447566247
0,0,0.24917386480433648
41,0,0.3921890808279039
0,0,0.28822325240804114
0,0,0.26677734158985733
0,0,0.2721742944633907
1,0,0.3910006442750946
0,0,0.2535844718358831
19,0,0.32898136083697777
0,0,0.27927986032382207
0,0,0.27594426854611614
0,0,0.2744153352092482
0,0,0.27693008013616593
0,0,0.2890016335204115
0,0,0.2968122923987073
0,0,0.2824359574379966
6,1,0.4574841911282276
6,0,0.326470639931203
0,0,0.24884077234972038
0,0,0.25517207101769324
3,0,0.3272226751914256
29,2,0.5139354395154674
0,0,0.2681189560380486
0,0,0.2846157755704261
0,0,0.2679188751693507
0,0,0.26152248339556494
1,0,0.3978284719882203
2,0,0.31330048074085076
0,0,0.25683289094202155
12,0,0.38432462473576473
2,0,0.31792079064439993
1,0,0.31103104965771744
0,0,0.24873914575223718
0,0,0.2712259393981996
0,0,0.27275947431745834
0,0,0.23964292273926113
2,0,0.3015181897408085
0,0,0.2886069095307718
26,1,0.4705829771197548
0,0,0.24192173225028232
0,0,0.24516831361726704
4,0,0.32341648036147436
3,0,0.3139221944998479
0,0,0.247691042529853
0,0,0.27661525280681204
1,0,0.3884711416096562
0,0,0.274438860966664
0,0,0.2754576457450168
25,0,0.3645563159861904
0,0,0.28742297941512773
0,0,0.2688105086514784
0,0,0.24928454747196852
0,0,0.29613509587973974
0,0,0.2787020070523881
0,0,0.25494059194877233
0,0,0.28490383890063853
1,0,0.32161522798567815
0,0,0.26170982754458244
0,0,0.2554272334415325
0,0,0.24643234820367568
0,0,0.23441378633118334
27,2,0.4698975877488524
0,0,0.26371449655915274
0,0,0.2729143131991855
1,0,0.32270277802164554
1,0,0.3139187953413401
1,0,0.33000518050351196
0,0,0.2966921371066076
0,0,0.2717025580351449
0,0,0.2716413529791607
40,0,0.3280528049499713
2,0,0.3434951959548945
0,0,0.27257254527702024
0,0,0.28369903729644386
35,3,0.4873510855785271
0,0,0.24924261952205504
67,2,0.5274240794223546
2,0,0.35829840484072356
0,0,0.2809702414851492
0,0,0.28711393458989415
0,0,0.2652456638774727
3,0,0.36440855117068505
5,0,0.3453675154244568
1,0,0.36109746844722856
0,0,0.2978248017708323
7,0,0.36332651777987124
0,0,0.29080046410926597
0,0,0.26116339703791996
0,0,0.27340946335421834
0,0,0.27980902214553655
0,0,0.25196791408578806
0,0,0.26564313158809705
0,0,0.2744145816191719
0,0,0.27016940998588895
0,0,0.29944943070361363
1,0,0.3557422451422799
3,0,0.3140599755010741
0,0,0.2615234181893677
0,0,0.26088876161561914
3,0,0.3291550783654645
0,0,0.29193099667429384
0,0,0.2503873425923742
0,0,0.25002732598435756
0,0,0.2760836967933106
0,0,0.25224999153282396
0,0,0.22348158277107702
0,0,0.2585976270124001
0,0,0.29097349614902773
0,0,0.27330738366802526
0,0,0.2737731821038975
0,0,0.28596067980759515
0,0,0.26343203233172674
0,0,0.27030861055152566
0,0,0.2553094837467406
0,0,0.26348126065689437
0,0,0.2464657638912295
0,0,0.29907510480438737
0,0,0.24219734041682586
0,0,0.2753436072947398
0,0,0.26660371507463343
3,0,0.39179415452962
4,0,0.31060438048828937
0,0,0.2637403923065857
0,0,0.27915662978678657
0,0,0.2795854573236194
1,0,0.31341031343003395
0,0,0.29408607221630034
0,0,0.2765720957283717
0,0,0.26544427468342036
5,0,0.37637252303845947
0,0,0.283362691466022
1,0,0.30455077237292427
0,0,0.2637504144993317
1,0,0.3575787494853131
0,0,0.2499751946072207
6,0,0.38837731371728496
0,0,0.26788456611473
2,0,0.3272896583574285
0,0,0.27730327244424335
0,0,0.23615098956539274
0,0,0.24510333807921114
0,0,0.2710159181541031
3,0,0.3243200726936779
17,0,0.40857569054173604
0,0,0.27850888317166805
0,0,0.24887885729060183
0,0,0.25389306712470744
0,0,0.26095027333092463
2,0,0.30990717262289696
7,0,0.3449831651258328
0,0,0.258167858820902
1,0,0.3206175232564967
0,0,0.2328932753931154
1,0,0.38506142970019774
0,0,0.2853686408197684
0,0,0.2622639922526654
0,0,0.25036905217968414
0,0,0.25937478409128706
0,0,0.2839746032300302
0,0,0.2592061292959009
0,0,0.26798900594384517
0,0,0.247497908216611
0,0,0.24575898853472228
0,0,0.2966075671562307
0,0,0.2629196010057546
0,0,0.26936518058279607
1,0,0.3059700639711989
8,0,0.3597039679809928
0,0,0.2606748267654521
0,0,0.266296824677309
0,0,0.22866817371414092
1,0,0.3244532611682647
1,0,0.3040940137988209
0,0,0.2478191699039364
0,0,0.24650194335088302
4,0,0.3079281888291704
13,0,0.3871246977453499
5,0,0.3776897998330849
0,0,0.2708775876604102
0,0,0.25957075120100015
0,0,0.2944720891214546
0,0,0.2974154593496543
0,0,0.25633205946697857
0,0,0.24512163071869494
0,0,0.29229094753507345
0,0,0.2669448459494523
0,0,0.24701112502262176
0,0,0.2566325863718021
0,0,0.26871564614635657
0,0,0.24527329316473603
5,0,0.3280109844878139
0,0,0.2697601807311265
0,0,0.27279690168440623
118,3,0.501877557519971
0,0,0.24806746820359427
0,0,0.24226088112685645
0,0,0.269113518039608
0,0,0.2709821467258027
0,0,0.26136603884774207
29,2,0.5057497363611974
0,0,0.26451539024994886
5,0,0.3863858783250363
0,0,0.24776517037352186
0,0,0.24727138007072555
0,0,0.2713668851819439
0,0,0.2691695934029659
0,0,0.274465390070293
0,0,0.25661658808060284
0,0,0.23954779359739597
5,0,0.3630990658520898
0,0,0.2636847998323292
0,0,0.2573700716181366
2,0,0.3188202719856443
0,0,0.27978989920229635
0,0,0.27428251856567587
0,0,0.2716707137693763
0,0,0.27944782458650363
0,0,0.2664378510336643
0,0,0.2567769073919002
0,0,0.284155434283472
0,0,0.2731895837944446
0,0,0.2746438861527338
0,0,0.2554566586451084
0,0,0.26031608912861115
7,0,0.3136311442442561
0,0,0.22811621144245192
0,0,0.2600386664217712
0,0,0.2683705456412064
2,0,0.3117374154617761
0,0,0.2855946099934399
8,0,0.32366780417107616
0,0,0.23775839672192134
0,0,0.27637199789544054
3,0,0.421998056690699
1,0,0.3011091187490594
0,0,0.2643906676634739
4,0,0.3560603972791757
0,0,0.2707616453241092
0,0,0.2730271944661002
4,0,0.39030503425732027
0,0,0.25932327253956694
0,0,0.28961916423949063
0,0,0.26110238461942514
1,0,0.30445380466944677
1,0,0.31245868864098647
0,0,0.2683759038601087
0,0,0.269756013694759
0,0,0.2537463355590796
1,0,0.3078149999986471
0,0,0.2521051441465833
0,0,0.2582472984299518
1,0,0.3136141076762772
0,0,0.26215702630620014
0,0,0.267109100420187
34,2,0.5093908323514984
0,0,0.2603757304025381
0,0,0.25030928985573997
0,0,0.254221037467317
0,0,0.28300697032296224
15,0,0.4184244498937352
2,0,0.3291118052133159
0,0,0.26648965755277376
2,0,0.32021062834142044
0,0,0.27217797535788246
3,0,0.30054079268017847
0,0,0.2715483348159081
0,0,0.2788709410407722
0,0,0.24366957807904716
0,0,0.2861810293909841
30,3,0.5060166031827952
2,0,0.31145263372825377
0,0,0.26334717176831585
0,0,0.27160094898695225
0,0,0.26705734318499796
1,0,0.36672035785170337
0,0,0.25147773515324406
0,0,0.2301507783971447
1,0,0.31329156679535597
0,0,0.26900747664184493
0,0,0.2801558985233843
0,0,0.2867461842712775
0,0,0.2620882469112077
2,0,0.3149942431421812
0,0,0.26811107830909403
0,0,0.26691041475598093
0,0,0.27766757843133005
0,0,0.27421093807808067
0,0,0.2810535799807769
0,0,0.2886917760971554
0,0,0.284032514688676
0,0,0.2690577613876333
0,0,0.25778581354066415
1,0,0.30355233895742784
0,0,0.29196363852556734
0,0,0.29965195399263067
0,0,0.2862114835998808
1,0,0.30392873670256565
0,0,0.272521409095232
0,0,0.25831630258573596
0,0,0.26457397719865383
0,0,0.27063287990977153
1,0,0.42465883688088185
2,0,0.3165862297655006
0,0,0.23114785184610537
0,0,0.29343701768606695
0,0,0.29420066999289957
0,0,0.25914214990001755
0,0,0.2748165982753688
9,0,0.329835489955286
0,0,0.28261738548798343
0,0,0.2656123872439993
0,0,0.26911436680438927
2,0,0.3219048467768734
1,0,0.3015537961262747
0,0,0.2948174941583235
0,0,0.2958042297329745
0,0,0.2686535608884539
0,0,0.2469645446458633
0,0,0.265926010177922
1,0,0.35962995053373426
4,0,0.3750246053962581
0,0,0.24760295445032113
0,0,0.26661930321914606
10,0,0.36961755783380823
0,0,0.26269832490101297
0,0,0.2878502262757675
4,0,0.3256686986315106
0,0,0.2861609334929507
0,0,0.28444647381508115
2,0,0.3577344373433232
0,0,0.2859023021388534
0,0,0.29684896246042514
0,0,0.29249316738926184
0,0,0.2627646863167099
0,0,0.2790335733827218
2,0,0.3423121443971045
0,0,0.25368122718957714
0,0,0.23583180960041183
0,0,0.2599440025103172
53,0,0.40851326658592385
0,0,0.28157995634970867
0,0,0.25263915151879973
10,0,0.3260078540070616
3,0,0.326685311061133
0,0,0.24170167185422223
0,0,0.24204040680775693
0,0,0.2943938722732349
0,0,0.25443025609042064
0,0,0.24173846640907565
0,0,0.2963077775053915
0,0,0.2689256046843082
8,0,0.31583593601571774
0,0,0.27726082944271296
0,0,0.24880320621377147
5,0,0.32093519696823064
0,0,0.2620946408188074
2,0,0.3300426203632221
10,0,0.30769126125207324
0,0,0.2919799316758016
13,1,0.45120699400730335
5,0,0.34290271787219007
0,0,0.2713893596006511
1,0,0.39938040496441846
0,0,0.2334455285083112
98,7,0.5262740645275279
5,0,0.371608409616723
0,0,0.28591310759951494
0,0,0.2819835681434468
0,0,0.24987475493187716
0,0,0.24094609078582513
0,0,0.2622119775894399
0,0,0.2843430493439963
0,0,0.26072311719276126
4,0,0.3386020808015133
0,0,0.26725097793059455
1,0,0.31529111044375613
0,0,0.28347781521339893
0,0,0.2654239279766849
0,0,0.29694369060508413
3,0,0.34097437142560866
0,0,0.2643108783306857
0,0,0.28116528333989654
0,0,0.29862226337326364
0,0,0.27070670551835896
0,0,0.28818732991174817
0,0,0.2781750092063849
0,0,0.24999660918461225
0,0,0.2774319222349408
0,0,0.2690426130003673
0,0,0.25655268634059625
0,0,0.28048574208540483
0,0,0.25452325485514443
0,0,0.23989282303567167
0,0,0.242947862850672
0,0,0.2687162983836199
0,0,0.28749334696654455
0,0,0.27098489235762807
3,0,0.32272759437755716
0,0,0.2677160868994622
0,0,0.24773288157423246
0,0,0.26394050932758933
130,2,0.5648576537050914
0,0,0.29483543792026945
0,0,0.26807815240188465
0,0,0.28095778317772624
1,0,0.31566892520015044
0,0,0.28772689640974713
0,0,0.2667170683771246
0,0,0.27543720277979433
0,0,0.23798914180283037
0,0,0.2796383729454114
0,0,0.260964434267223
0,0,0.2733213305714985
0,0,0.27875566429073756
0,0,0.2659942085644067
0,0,0.2874375040874455
0,0,0.2883648222256033
0,0,0.2329833164972098
11,0,0.383560943216527
1,0,0.36601475842902276
0,0,0.27273632175171386
0,0,0.2737177227193307
5,0,0.39530195655014094
0,0,0.2771790922969052
6,0,0.32151042189607704
0,0,0.2886737916932095
0,0,0.2711876062719061
75,3,0.47901218072533336
0,0,0.28831324940865743
0,0,0.2338848817452951
0,0,0.27307825751328213
1,0,0.302338726151244
1,0,0.3441835065137854
0,0,0.2676617129666539
0,0,0.23747856570735892
0,0,0.2856645552121265
0,0,0.2774456013360487
1,0,0.30946447523981735
0,0,0.2833188129254927
0,0,0.29991283486540654
0,0,0.29399328817670384
2,0,0.3582423905114532
0,0,0.23986115641400763
1,0,0.3398520616712155
0,0,0.23471557258740844
0,0,0.28462007602861433
0,0,0.2392792250985114
0,0,0.2568054362684367
0,0,0.27823206118932703
0,0,0.2917488871341491
0,0,0.28458599788771355
0,0,0.2580802583786434
0,0,0.21937529282678878
0,0,0.2672337856094826
0,0,0.29789212245800983
0,0,0.2929220749973255
0,0,0.24054870117543983
0,0,0.28409445313585774
0,0,0.2722209354631059
34,0,0.44892968077471196
0,0,0.24094733082981432
0,0,0.256966151801528
0,0,0.28168978603137584
0,0,0.26423040642474016
0,0,0.25531684309942676
0,0,0.28942942782867764
2,0,0.3271568289885274
8,1,0.4562358863493323
2,0,0.3217328473698357
6,1,0.4592789842053302
0,0,0.2617715786990722
0,0,0.2488910495609038
2,0,0.34995193251697343
0,0,0.27981209552427644
0,0,0.2766912632243515
0,0,0.23569832285350378
0,0,0.28848377072592607
0,0,0.2866663989755394
0,0,0.2481518863047618
1,0,0.3092914057343158
0,0,0.2516038863678398
0,0,0.24800441311224775
0,0,0.2710878880790438
42,0,0.42030434167054875
0,0,0.2774468560526043
25,0,0.4257948793334289
37,0,0.37858549189337776
0,0,0.280069504877351
1,0,0.326783331005129
0,0,0.2787078501609174
0,0,0.28811312272295414
1,0,0.30045432544768197
0,0,0.24115843499012593
0,0,0.25865210172284364
2,0,0.3568467454834772
0,0,0.23490572885201505
0,0,0.23917881129205845
3,0,0.33288013716165543
3,0,0.3525993419620124
0,0,0.28530489423677996
0,0,0.23901678958184827
0,0,0.27161310386426196
0,0,0.28749824648534056
0,0,0.24108714633220032
0,0,0.27797657712302654
0,0,0.2404347176213932
0,0,0.23981220583502333
0,0,0.27642919490713125
0,0,0.26107161203992924
0,0,0.2838989340053667
1,0,0.3169004529374548
0,0,0.298240481818332
17,0,0.3989179356430901
22,0,0.40248208622234016
14,1,0.46511524569234214
0,0,0.27867615293766373
0,0,0.2657815810382295
0,0,0.2847844310615974
18,0,0.4158634320993264
1,0,0.32079331738580663
2,0,0.32915981920130455
1,0,0.4185360874697243
0,0,0.28745734283727553
0,0,0.29243449202558913
0,0,0.26266743891916644
0,0,0.27738740496738445
0,0,0.2631308160345042
0,0,0.27312783043598676
0,0,0.21274504927439708
0,0,0.2230597322056263
0,0,0.2538727794919169
0,0,0.23555431594952256
0,0,0.2785114643374795
0,0,0.2797587943040487
0,0,0.28589601589975694
0,0,0.23528955353515577
0,0,0.29295825641309065
5,0,0.41802099136866694
14,0,0.4342079701200659
0,0,0.28843609218952954
0,0,0.2609931161265753
0,0,0.25159641459763377
0,0,0.280401268364315
0,0,0.25333623630035074
1,0,0.3074325949352721
0,0,0.29220994515005094
7,0,0.38710456605195825
0,0,0.2869408139953415
0,0,0.2772866125523609
3,0,0.37896400182360945
0,0,0.25830175086804746
0,0,0.29492348672489743
0,0,0.2559328160925831
0,0,0.2523419843732561
0,0,0.2606807035588163
4,0,0.3516854392565967
0,0,0.25094361903303175
0,0,0.25753175265846207
0,0,0.26500698933740213
0,0,0.26493053688927554
20,0,0.42565490313493326
1,0,0.30001603600516985
0,0,0.28659908988633176
1,0,0.3681364734510902
0,0,0.2803934419280043
0,0,0.24937127862256905
0,0,0.28807558341159484
0,0,0.2465999238643381
0,0,0.24070029653079647
0,0,0.2615729270371597
0,0,0.2375655859272439
1,0,0.30248935419229717
0,0,0.29214203115936593
4,0,0.30219824347088037
0,0,0.2879441714526641
0,0,0.2635993474466467
1,0,0.31316676798622817
0,0,0.29071454287836795
14,0,0.40396253055524656
16,0,0.37164734649323045
56,0,0.3303132592245335
0,0,0.29156464466727844
1,0,0.3227048658938096
0,0,0.27568059914714155
1,0,0.30798285575208084
4,0,0.3776271727251198
1,0,0.34352368967631547
0,0,0.278613372216191
0,0,0.24853700265464013
0,0,0.2663064731554834
0,0,0.2802706997788192
3,0,0.3750571101753218
0,0,0.24804272746534534
0,0,0.2659032985264752
0,0,0.2701728638617973
0,0,0.2877600760480395
0,0,0.23318700794033828
5,0,0.3514809981524311
0,0,0.2276643450535785
0,0,0.2957831768927129
6,0,0.39722101787677594
0,0,0.26264295323626824
0,0,0.2776799726170371
0,0,0.29431715266329167
0,0,0.2393713962644561
0,0,0.2519249552745467
0,0,0.27694261521597513
0,0,0.2836041913101496
1,0,0.33790213605769664
3,0,0.31213392629189063
34,0,0.40053580573299463
5,0,0.3270358592895635
0,0,0.26128586880453636
1,0,0.36537675058172403
0,0,0.2764250118635138
0,0,0.27416542271749766
0,0,0.27674200365609153
1,0,0.3022437787344959
0,0,0.24777095978848163
0,0,0.2717389886698454
0,0,0.2673336154548717
0,0,0.2731762637747961
1,0,0.38171771587802156
0,0,0.2635410603321221
0,0,0.2618290367968392
0,0,0.27942470531910596
1,0,0.3046212399978047
0,0,0.2971237960620243
3,0,0.3511818613761208
0,0,0.27284778807274807
2,0,0.3724428077487239
0,0,0.2633342046159381
0,0,0.26781327970507574
0,0,0.258029267837898
0,0,0.222290918975219
1,0,0.305339929999567
1,0,0.34385662711285836
14,0,0.3982846360192169
4,0,0.390746610580862
0,0,0.2599192876863364
0,0,0.2699395617883847
0,0,0.25061935871972035
0,0,0.23924020516606478
7,0,0.42016075150803733
2,0,0.3089163878726142
1,0,0.3255657628821182
0,0,0.2513414444234173
0,0,0.2474712864806993
0,0,0.27223128988562917
0,0,0.28535399345036616
5,0,0.3135689431328656
0,0,0.23829064243065795
4,0,0.3486087033647222
0,0,0.29793292178544556
0,0,0.26699379121300826
0,0,0.22103592956734486
0,0,0.27537511894767425
0,0,0.23878584269718453
4,0,0.35878515793128746
3,0,0.32567326087817483
0,0,0.2810757496816558
0,0,0.281704610624627
0,0,0.29959156148073457
1,0,0.3060160753739349
0,0,0.2685945806095128
6,0,0.39143848667087405
0,0,0.27370373106089557
1,0,0.30174421132846113
3,0,0.3546894988955546
0,0,0.27414234879702226
0,0,0.2728536291070209
3,0,0.30899922982401834
1,0,0.3114668710772771
0,0,0.29784328798608606
6,0,0.36901542822510397
0,0,0.2983749350093873
1,0,0.391839933437187
0,0,0.24947796795665572
0,0,0.28212571772814177
5,0,0.3073291495020394
0,0,0.29099962518964695
0,0,0.26212665605831176
0,0,0.260551123986733
0,0,0.2230040951507245
0,0,0.26216628484902155
0,0,0.2535544468085899
0,0,0.2681849412770762
0,0,0.2804916567703412
0,0,0.26556088061876815
0,0,0.2789693748610854
0,0,0.296269305190533
0,0,0.2883905601130088
0,0,0.268559108419868
7,0,0.41353185329121966
1,0,0.3702545487030899
0,0,0.2703419601401686
0,0,0.29162948239435466
1,0,0.3617961636307428
1,0,0.3564915569811723
0,0,0.22741277825078912
0,0,0.24159807323617377
0,0,0.29158274796234745
15,1,0.46770489228613626
0,0,0.2901263298347871
0,0,0.26242506111877606
2,0,0.3156326542373367
47,2,0.45983962083340224
0,0,0.28710563490509194
0,0,0.2627170516907928
0,0,0.2248284448450013
0,0,0.2793076955758921
0,0,0.25743916888864044
0,0,0.27152028712720605
0,0,0.25170384548149044
0,0,0.2582573818984683
5,0,0.31951301031672064
0,0,0.25372225563867756
0,0,0.26678635425398517
0,0,0.25530815419561786
0,0,0.2814455340548193
0,0,0.21578980635725545
0,0,0.2571517722260019
2,0,0.3233183074945982
0,0,0.2803154889215431
0,0,0.26965825720805
0,0,0.26280851277846834
0,0,0.2440821996099298
0,0,0.27146597494401936
0,0,0.2521426982156199
0,0,0.24715977553887922
0,0,0.27702438582598105
1,0,0.3124623838188596
1,0,0.311247269771366
0,0,0.26238296568327374
0,0,0.27246991995709074
0,0,0.28222139121019296
1,0,0.3691977411187272
1,0,0.3023698113585919
0,0,0.2936153606593557
0,0,0.25142797850617865
0,0,0.2641373145119976
0,0,0.25841497903892013
0,0,0.2536458078370821
1,0,0.3257066270000668
0,0,0.2317318314283115
0,0,0.2815871294189846
4,0,0.39693406721430635
0,0,0.26957861642196557
0,0,0.2728043052201867
0,0,0.26183013933240146
0,0,0.22200278941181997
0,0,0.25861485173564386
0,0,0.23837840568862426
0,0,0.2747415824423629
0,0,0.259177716279039
0,0,0.26214786468998785
1,0,0.3504529745011121
0,0,0.27967967822415024
4,1,0.4645143535501531
9,0,0.3692563258723981
0,0,0.25454255850997964
0,0,0.2696269145051017
0,0,0.24496825813714745
0,0,0.2577971613518261
0,0,0.262795089339614
0,0,0.26199579999584915
0,0,0.2796688552511542
0,0,0.27544469462583526
0,0,0.2793438492185256
5,0,0.3077332296406426
0,0,0.2872445368458214
4,0,0.3731139792082155
0,0,0.2868842160243648
0,0,0.28396631686101326
2,0,0.31799986310436473
0,0,0.2596750349465881
0,0,0.27409448713613305
0,0,0.26447455239005535
0,0,0.26220858841362377
0,0,0.2564296480217328
1,0,0.35958315452437417
0,0,0.28739580839517637
0,0,0.2772005350533111
0,0,0.28012845379650897
0,0,0.2731864702658715
0,0,0.2711611352280928
0,0,0.2526484196043975
0,0,0.2677041531389549
0,0,0.23677402443561404
0,0,0.2807262052401776
0,0,0.2953043625208804
0,0,0.28205397749011474
0,0,0.2559580905152514
1,0,0.3007490219947735
0,0,0.231617127952865
0,0,0.24285597037931733
0,0,0.25172249078184183
1,0,0.31239139827016693
0,0,0.2554776081628246
1,0,0.31250483798201445
0,0,0.26674797819047336
0,0,0.267667660468994
0,0,0.26244732652389763
0,0,0.24300278517294124
1,0,0.3453466378605739
0,0,0.28311420156672384
0,0,0.2727431400909977
0,0,0.24931645472584443
0,0,0.28380777321291595
0,0,0.24295822812554937
0,0,0.258538787776144
3,0,0.32325761589475766
0,0,0.2611298225780591
2,0,0.3142305469080109
0,0,0.256218932882584
0,0,0.2412924947604027
0,0,0.25802880747142387
40,0,0.40775252618626906
0,0,0.27163051537629446
2,0,0.3398710222808837
0,0,0.27015118805729255
8,0,0.43060625422575166
0,0,0.27562113250787756
0,0,0.25058602259614154
0,0,0.28864737684968866
14,0,0.4474929616026635
0,0,0.2678080783462211
0,0,0.2526503949943887
5,0,0.38743852981746973
0,0,0.2632688549190082
0,0,0.2560402871295052
1,0,0.3193395420310689
0,0,0.24471362351261758
0,0,0.2791883453725988
0,0,0.28909919221661395
0,0,0.2899536119577684
1,0,0.3416161047477494
5,0,0.3420881143242441
0,0,0.2964187863626091
0,0,0.2688831624738948
9,0,0.4420956285773777
0,0,0.24936674109811957
0,0,0.24714919906260627
0,0,0.24947434535641846
2,0,0.30842784900306747
0,0,0.2900131118608773
0,0,0.2632587007878953
0,0,0.2719088357155214
0,0,0.24890890895119916
0,0,0.2779402239705064
0,0,0.2584029858327718
0,0,0.25880079807700074
72,0,0.4246885526405129
0,0,0.22399204272610584
11,0,0.3191343712809741
6,0,0.31586112657531296
0,0,0.2870055634198375
0,0,0.27678634390782275
0,0,0.2623637787874594
0,0,0.29923153859001866
2,0,0.3290182800469595
1,0,0.30507964105644575
13,0,0.4016687661141094
4,0,0.32453165140250406
42,0,0.4035735455084889
0,0,0.2739379678715295
0,0,0.259521467611579
0,0,0.2810346434771836
3,0,0.3064340190142187
0,0,0.2667791022983389
0,0,0.2993698630705937
0,0,0.26576060362315723
0,0,0.2283294736812859
1,0,0.3201018171788225
0,0,0.25424072957142874
0,0,0.23748608134217644
50,0,0.43863421728712476
0,0,0.2587651192237639
0,0,0.26743164638529154
6,0,0.36750812277003014
2,0,0.34193398377718254
0,0,0.29138332327685257
0,0,0.27120540716654873
0,0,0.2528531851703107
0,0,0.23885005936697606
0,0,0.25869794218544895
0,0,0.2691823968366874
0,0,0.28367744809717266
0,0,0.2760286990057538
24,0,0.4287353407720514
0,0,0.2716747876726614
11,0,0.35338985880638324
1,0,0.30615894670356003
0,0,0.2628748339097066
0,0,0.28994063134771975
0,0,0.25889414417856926
0,0,0.2845030162664245
0,0,0.29781991420512305
0,0,0.27287515557827063
0,0,0.2747221836988519
0,0,0.24753475850655052
0,0,0.24269282367222905
3,0,0.327894799993682
0,0,0.2557282648374656
0,0,0.24456845954087458
0,0,0.23091575080778867
0,0,0.25718367001128895
0,0,0.2496160127302414
0,0,0.24239497784640374
1,0,0.3120304477241614
0,0,0.24840434743082024
0,0,0.27120810710615606
0,0,0.2565794223939492
0,0,0.2864852000015848
0,0,0.26284758955656634
2,0,0.30389391282569095
8,0,0.31091524352383726
0,0,0.28630098591604075
0,0,0.27157819872327593
0,0,0.2474952464035955
0,0,0.25751854739168123
0,0,0.2758095180387506
61,2,0.5065444331364986
0,0,0.2928495626028686
0,0,0.29430709410595324
0,0,0.29962456188842596
0,0,0.2969900324239032
0,0,0.22430268674048234
1,0,0.3038118415944499
0,0,0.27844006269447635
0,0,0.2686102993915749
0,0,0.2672581162574543
0,0,0.2423565193243006
0,0,0.27374286483504645
0,0,0.23714463608800143
0,0,0.27714595834210437
1,0,0.30017929499454565
0,0,0.24729432377035143
0,0,0.2490552712160611
0,0,0.25922627032211193
0,0,0.28889524680295214
0,0,0.2801554175137086
1,0,0.3493035689176475
0,0,0.23619923264956366
0,0,0.24902016697987128
0,0,0.2565176465443103
0,0,0.2747078104401296
0,0,0.2745599975794098
1,0,0.3365686572981123
0,0,0.27646296689864375
0,0,0.2787583956796242
0,0,0.25568008702425077
0,0,0.22610318704945973
0,0,0.26810012561289165
0,0,0.2458447932105283
0,0,0.24377734208022422
0,0,0.2707020733089099
0,0,0.26115342514735945
1,0,0.352728666086329
0,0,0.23742459350440784
0,0,0.25192473803065946
0,0,0.27980920230481443
0,0,0.26843927241007454
0,0,0.2711435749723419
0,0,0.25065708047933993
0,0,0.251540470730318
0,0,0.24255320361379765
19,0,0.34876944315235386
0,0,0.27152132314536837
0,0,0.25879446114340643
1,0,0.33119667157262905
1,0,0.3076094221255413
72,2,0.5597959746465194
0,0,0.2659204528005089
0,0,0.2952156423436064
1,0,0.30855348841015423
0,0,0.2623910385495872
0,0,0.25561680109871515
2,0,0.3124817452451189
0,0,0.2553303087843284
0,0,0.2600718580921135
8,0,0.31296088469278077
1,0,0.3953774172711223
0,0,0.2543061659916373
0,0,0.28625602313286547
0,0,0.26152099750341445
0,0,0.2714678481896134
2,0,0.32936148769847795
0,0,0.27061567451069546
7,2,0.499251466456206
0,0,0.27022807952566863
8,0,0.3566871243867186
0,0,0.2533812118821013
0,0,0.2661737837194112
0,0,0.26914455465507253
29,0,0.3614793223067987
10,1,0.4688219447460133
0,0,0.27351199318623004
0,0,0.2755680333784303
0,0,0.27582928300357684
0,0,0.2381755417622735
0,0,0.21969689812622661
2,0,0.3001677713299727
26,0,0.4064897342122309
0,0,0.28827519378772865
0,0,0.26667399250255724
1,0,0.35226809528074166
0,0,0.2748693376383669
0,0,0.2670392737538699
0,0,0.23550097418942434
0,0,0.28188192702827664
0,0,0.26836971450857283
0,0,0.29610563591743005
0,0,0.2526716925294735
0,0,0.29358254900386405
0,0,0.2878597136806766
0,0,0.23276271410307944
0,0,0.2926362702741495
0,0,0.2916558037458971
0,0,0.2666112046453452
0,0,0.2574030588754957
0,0,0.2888228797669832
0,0,0.27524130606218156
98,3,0.5108169843858396
0,0,0.2516935280295255
0,0,0.27147341722372054
2,0,0.31968511760108786
0,0,0.24652535901767655
0,0,0.2659190608899611
0,0,0.2958618391978876
3,0,0.3409306659316434
0,0,0.2632816928885749
0,0,0.25658362342287067
0,0,0.2762563313291679
0,0,0.28149858382959103
0,0,0.2623868254164734
0,0,0.2996255628516176
16,0,0.3224345191234586
5,0,0.34211856296378174
0,0,0.20582974485912428
1,0,0.3179108903168838
1,0,0.3239470653852188
0,0,0.29262029919630095
0,0,0.28428980443060053
0,0,0.24372265418123143
34,1,0.45116601993408184
0,0,0.2682583662955197
3,0,0.3395622056584837
0,0,0.26681752966452293
0,0,0.26989429249651703
0,0,0.2849015414140025
1,0,0.3026971122818643
0,0,0.28397704423939824
3,0,0.34030804023975797
0,0,0.2587112606143394
0,0,0.2995142533403562
1,0,0.38610626157205663
2,0,0.3960866087763326
0,0,0.2508273494593731
0,0,0.28038890408829975
0,0,0.27146303041951825
0,0,0.2958428053361474
0,0,0.27376699978759217
0,0,0.24600288950628418
0,0,0.2733506371329842
1,0,0.40878804932218854
0,0,0.2705927798986746
6,0,0.36007815675539995
1,0,0.31887397604199663
0,0,0.23102402033051458
0,0,0.2725624427506098
0,0,0.2759804465271038
0,0,0.25936192513577055
0,0,0.2871986984265165
0,0,0.25972508210522693
0,0,0.27585193128397956
1,0,0.4030385125846206
0,0,0.24503796530183775
0,0,0.25921416564129274
0,0,0.2882001846469718
0,0,0.24741464344584915
0,0,0.2749972752656914
0,0,0.2577800739609723
1,0,0.3101355331984211
0,0,0.24563826590447804
0,0,0.25462732191922816
0,0,0.2911348984110343
0,0,0.2832745340174188
0,0,0.26580449623108965
1,0,0.3036766976175643
0,0,0.2675527813122089
0,0,0.2684670851757139
0,0,0.2723972212701756
1,0,0.3008689055094596
0,0,0.27896920990961505
0,0,0.2821517888562313
4,0,0.33619443768945784
0,0,0.27248611355032215
0,0,0.24691442406537148
0,0,0.27369129209523985
0,0,0.243601068416618
0,0,0.261229541288909
0,0,0.25865123288413483
5,0,0.3473467859214675
0,0,0.2691844137078558
0,0,0.259568021730267
0,0,0.2824174378530562
0,0,0.27096177754306194
0,0,0.2939299341571532
1,0,0.3113336099615622
0,0,0.25287569696392875
0,0,0.2577602099510002
0,0,0.27640368342887045
0,0,0.2717757790114171
1,0,0.30207501284699567
0,0,0.29122430015768064
0,0,0.2501013843863619
1,0,0.32626903148087144
0,0,0.268140158696676
0,0,0.25193275768657253
0,0,0.2770589927169577
0,0,0.2836752858015185
0,0,0.2691559701208585
0,0,0.2517407664183331
0,0,0.26430717773020784
1,0,0.30043049221271456
1,0,0.3114507453606006
0,0,0.28923683784132176
0,0,0.28349889883550294
2,0,0.32500480924571384
0,0,0.27386036292315563
0,0,0.2836614272563929
2,0,0.35339251621930573
3,0,0.3338072720639389
0,0,0.23281208312294255
0,0,0.2757553290818863
0,0,0.2305510702241476
0,0,0.28802156747881374
4,0,0.3304714031217047
0,0,0.2617138277452065
0,0,0.26777755172980633
0,0,0.2566067147003261
0,0,0.29202127265214867
3,0,0.3869259486762505
0,0,0.2623213386849403
1,0,0.32116188978908294
0,0,0.29707364156230515
0,0,0.2676273104424551
0,0,0.26519897712768803
0,0,0.27093873795697526
0,0,0.2948835323650345
5,0,0.38271132869905444
0,0,0.26274959066028847
1,0,0.35005449060462057
0,0,0.29428081526154315
0,0,0.2982902537089839
0,0,0.2658408789116743
0,0,0.23051885967178767
0,0,0.2408076993957835
0,0,0.2810062038808775
27,0,0.4251921126724293
38,4,0.5077813539058366
0,0,0.28442529497015717
3,0,0.3573853889159056
0,0,0.27009833585711907
0,0,0.27294446916130677
0,0,0.2507782716103738
3,0,0.3614329343618749
1,0,0.30811478969707673
1,0,0.3622022884665612
1,0,0.3189019351195809
0,0,0.2954368764834451
0,0,0.26803147942080907
0,0,0.2583392786635687
0,0,0.2629846234104933
0,0,0.28836128391939464
0,0,0.25537498461260477
0,0,0.2828857774181923
0,0,0.2733231901552684
0,0,0.24411583529208208
0,0,0.25510460147888253
4,0,0.3492076616589926
18,0,0.322266661625699
0,0,0.2747803102774054
1,0,0.30999734738965035
0,0,0.23945282351479938
2,0,0.3546152141714097
0,0,0.2806746842378053
0,0,0.28997070200156866
7,0,0.4048749491393254
0,0,0.2699838404203368
0,0,0.24726191575991277
0,0,0.2645553617291577
0,0,0.25765727385393006
0,0,0.2634092669032677
0,0,0.28738836339414625
1,0,0.34968803901671786
0,0,0.2932231221143231
0,0,0.2778872688588347
0,0,0.2729429537463766
0,0,0.26858714525199334
0,0,0.2719389425871595
0,0,0.25257202439022053
0,0,0.2694610249473572
0,0,0.285888449350326
0,0,0.2543158744381503
0,0,0.2564920470394805
0,0,0.24594364910825903
0,0,0.23189879952338854
0,0,0.23791272371954972
26,0,0.3333337058761584
0,0,0.2818968411668095
3,0,0.3500343950363984
0,0,0.29173511917560346
0,0,0.23313507112900878
2,0,0.3744333664495825
0,0,0.26640062509874635
0,0,0.28512044045085433
0,0,0.23105724614070675
3,0,0.36711792597842957
3,0,0.31428981849407034
0,0,0.2758098047826396
0,0,0.27553307617817563
5,0,0.36047368462457857
0,0,0.27122516096201255
0,0,0.22859628690103814
0,0,0.25630459087023777
0,0,0.28652680937797925
0,0,0.2463863188990198
0,0,0.2452558402821473
2,0,0.3472999045883626
1,0,0.3093656789710574
0,0,0.2429375042040112
10,0,0.4008816177472137
1,0,0.3607820926950909
0,0,0.27193742614224253
0,0,0.2548529325796977
0,0,0.2546517741241046
0,0,0.2606642087595757
0,0,0.2629988865484252
4,0,0.31932952395106856
3,0,0.35390951567378964
0,0,0.2508536434362047
0,0,0.25820817116065475
6,0,0.381276867885668
0,0,0.2448186268020085
0,0,0.2812548694116426
0,0,0.2637113675599873
0,0,0.2943923131865286
0,0,0.2761851435527495
0,0,0.25964263287994865
0,0,0.262992651445894
0,0,0.2566192942959546
0,0,0.2572331797461034
0,0,0.275457697311676
0,0,0.2668735829689272
0,0,0.25517503481407067
63,3,0.46689564200464545
0,0,0.29746493174327393
0,0,0.2608235813819724
1,0,0.33457295151296085
0,0,0.2575743734762675
0,0,0.26155838040531804
0,0,0.2730867970735613
0,0,0.2641853626426703
4,0,0.31424424271728374
0,0,0.24733424690082456
0,0,0.24472849149103407
0,0,0.2600344110472899
0,0,0.23633577864515243
0,0,0.24698356586350262
5,0,0.43362970176371257
0,0,0.24130497812755974
0,0,0.2985730045632039
0,0,0.2707765677102426
0,0,0.2799816480286686
0,0,0.26053924613237617
5,0,0.3167061783124256
2,0,0.3322582522016317
2,0,0.3147246478679189
8,0,0.3961261144686258
5,0,0.37517225775122465
1,0,0.30105241679578326
0,0,0.2679368877078524
0,0,0.20514008275868145
0,0,0.2408611064846062
6,0,0.3088706765101946
0,0,0.2940828602588192
0,0,0.2553699211238417
0,0,0.24881146963836903
1,0,0.30145785400836034
4,0,0.3023271648810344
4,0,0.3398375204601117
0,0,0.28074816759595894
4,0,0.3202964823374873
1,0,0.37765903482628504
0,0,0.2429669244817774
0,0,0.26864211548566647
0,0,0.24465884458245438
0,0,0.29598278600340566
0,0,0.25360223328288906
2,0,0.31975490247519495
1,0,0.3113441480573262
0,0,0.2656694489015572
0,0,0.25093109517196677
0,0,0.2651100983276839
0,0,0.276707699875891
0,0,0.2566788565823582
0,0,0.261335357674883
5,0,0.4450936100233647
1,0,0.3134342083176976
4,0,0.35867928552455236
21,0,0.4070058825020328
0,0,0.277213192661743
0,0,0.2522997213383919
1,0,0.3390924409455467
0,0,0.2874666455546549
0,0,0.2845258794977897
0,0,0.25677871030813454
1,0,0.30910715170604725
0,0,0.2966173607961659
0,0,0.24688534907602191
0,0,0.27310554097457107
0,0,0.2836270869337445
0,0,0.2740886961884945
0,0,0.23404120156382113
0,0,0.2363450780041065
0,0,0.23589342903814634
5,0,0.40454905947134673
0,0,0.2948118066970533
5,0,0.391058536153351
4,0,0.36699269477627994
0,0,0.26913734990073235
0,0,0.2572792299025508
1,0,0.3861104022212498
0,0,0.2734994122938038
0,0,0.24593530474932596
2,0,0.3274903784729405
0,0,0.26715091312860434
0,0,0.26771282764555
4,0,0.3562010615209024
5,0,0.33275357146151124
5,0,0.31826490455643897
0,0,0.2779682467720445
0,0,0.25117283733443335
0,0,0.2819051813862968
0,0,0.25292312336075434
1,0,0.30319567834198097
0,0,0.2902935091089816
0,0,0.2304075296854697
2,0,0.3376477719921677
0,0,0.2514321102762105
12,0,0.4210599464059458
0,0,0.26442381430695167
0,0,0.254709999711007
20,2,0.5382850987345507
6,0,0.35143070875437876
15,0,0.3292561280622058
0,0,0.24250593579706
0,0,0.2877183666048597
1,0,0.40126660103298695
0,0,0.2529491621119432
0,0,0.26952768643250563
1,0,0.34103616190502034
0,0,0.2706941082492446
0,0,0.2671985964289559
0,0,0.2628597963740745
0,0,0.25518015105943487
0,0,0.28458146015606745
1,0,0.3758429520800571
0,0,0.27747233285703954
0,0,0.2340967443549361
0,0,0.24223792464188013
0,0,0.24546036392722792
0,0,0.2940783861149144
0,0,0.2693029422098447
8,0,0.3436642362714822
0,0,0.2787986082165642
2,0,0.36517315730931665
5,0,0.32444043165672437
0,0,0.26896013698980376
0,0,0.2590780595597458
87,3,0.595599887571634
1,0,0.31662491712858654
75,3,0.5158475156974469
0,0,0.2904121194215594
1,0,0.30518617926762154
14,2,0.5004321160485916
0,0,0.2556168133043452
0,0,0.2544529326226621
0,0,0.26594757544876274
14,0,0.44419915690513784
2,0,0.33159908412151784
0,0,0.2438095219718127
1,0,0.35814199917611605
0,0,0.2797592230276649
39,2,0.4819073424381634
3,0,0.3170620375042905
66,2,0.48963588315208284
0,0,0.29632811047987373
1,0,0.3390396770591124
0,0,0.2320360900549439
1,0,0.34607192808185183
0,0,0.23072320111425637
3,0,0.3133029934167005
25,0,0.3955836738219272
1,0,0.3557131183720851
0,0,0.29682662629485046
0,0,0.24106363255337296
0,0,0.24327267082061682
4,0,0.336615779660359
0,0,0.25608613441515604
0,0,0.2919328869576874
0,0,0.29255776056631655
6,0,0.3075187625811174
0,0,0.2738563384456111
0,0,0.2708293116352257
8,0,0.31563115532402397
0,0,0.27463716533629917
0,0,0.2982550259300496
0,0,0.29919501027058487
0,0,0.2580125408610768
0,0,0.2715079961472529
0,0,0.2505526809460643
0,0,0.25413884844601253
0,0,0.2865837173570885
2,0,0.30232680111385485
0,0,0.27568809120869187
0,0,0.2675532382204598
3,0,0.3301739231735997
0,0,0.2754178144277709
0,0,0.29609742024983954
109,3,0.5423039539578622
0,0,0.23465575719951867
0,0,0.24988009042812465
7,0,0.4080128436733159
0,0,0.2618794687945439
0,0,0.2835968261032404
0,0,0.27005577591051705
47,0,0.4132844014046878
49,2,0.46183328860227274
0,0,0.2772145839361683
2,0,0.3335702973854011
0,0,0.28902711821298765
0,0,0.2697615490850346
0,0,0.235650870176188
0,0,0.27361743734918
0,0,0.26370002253674446
0,0,0.281097874883906
1,0,0.3458532734313962
2,0,0.33490588864107224
0,0,0.2784700516689683
1,0,0.3925248359354966
0,0,0.2529965732307941
1,0,0.37560752674464504
0,0,0.24672986734299826
0,0,0.2716771012890963
0,0,0.28237947921980583
0,0,0.26398918851845304
0,0,0.2768976060889911
0,0,0.2902105497641278
0,0,0.26212904369836876
0,0,0.26979407469213934
0,0,0.2594574086163587
0,0,0.28477955357505813
2,0,0.3226542300355107
4,0,0.33458700555668996
0,0,0.24180500422300102
0,0,0.2668416454066741
0,0,0.28012958333859445
0,0,0.26133097805216715
0,0,0.26404206424433985
0,0,0.24546280063527665
0,0,0.23349669653781405
0,0,0.25314885931629083
1,0,0.3275716016516899
0,0,0.2698015585221208
0,0,0.29460838913889614
0,0,0.2780282690558977
0,0,0.2473702628841553
0,0,0.2487279504019619
0,0,0.27389201823905357
0,0,0.25426259688125086
0,0,0.2954099477596584
0,0,0.2851100816021597
37,2,0.4643321116371166
0,0,0.2700531546067068
0,0,0.26927212641896325
0,0,0.2916100144392406
0,0,0.29886066390406624
2,0,0.37082147117912406
0,0,0.2601280346311208
0,0,0.28200532173827914
0,0,0.2899195014972847
0,0,0.28278667014126785
2,0,0.30298745653849857
0,0,0.2917922472047874
0,0,0.2536660691073328
63,0,0.42355309104045197
0,0,0.25537825285792837
2,0,0.3037481782952798
0,0,0.25270515770933566
0,0,0.284201710739475
0,0,0.29366191818110843
0,0,0.24971016492791098
3,0,0.36569676524795847
0,0,0.24451992123065763
0,0,0.25961323633026206
0,0,0.2626099490099129
1,0,0.30989766844786587
0,0,0.2773592725984375
24,0,0.35669381367196573
0,0,0.26249884083637326
0,0,0.26038849818359916
0,0,0.2427833469048576
0,0,0.25363202082921876
0,0,0.2811765044688962
0,0,0.2741566073835184
0,0,0.2634218769394563
0,0,0.23823404780801785
0,0,0.26559048531292245
0,0,0.27728030164526235
0,0,0.2831383899918503
0,0,0.27372643251856055
0,0,0.2421328147226913
1,0,0.3095998517320073
2,0,0.3920232692390744
3,0,0.3037105126359693
15,0,0.435953226823761
1,0,0.37148147866115255
0,0,0.27703099794847624
9,0,0.40523488307267286
0,0,0.28198745753308085
0,0,0.2788237219289631
0,0,0.28589894051896175
0,0,0.2662981791855766
0,0,0.28636151835902107
1,0,0.3450520764008289
0,0,0.26756324902247003
0,0,0.26202725949485733
0,0,0.2707406837252982
0,0,0.2751021739441361
0,0,0.28086560108485775
0,0,0.2853942532568774
0,0,0.262408653761994
2,0,0.3647232936195819
0,0,0.27340240778520025
0,0,0.25848782746586163
0,0,0.2928808644615219
0,0,0.2643248302723345
0,0,0.25115607895954073
2,0,0.3998958308575832
0,0,0.2638657809656742
0,0,0.25920116101461377
46,0,0.41278234882144016
10,0,0.41141714335734564
0,0,0.26566395372682616
3,0,0.3629221943146666
6,0,0.3627606771739668
0,0,0.2413883290590008
0,0,0.27494077401992445
0,0,0.2921961075378315
0,0,0.25047115307576734
1,0,0.30152518477376306
0,0,0.29191253036174053
0,0,0.2659241473186945
0,0,0.2584703471019244
0,0,0.245941129605178
3,0,0.30706774540715487
0,0,0.2397161283178518
12,0,0.3734425343994391
0,0,0.2671715737664163
21,0,0.39563371080769016
0,0,0.2539274941183248
0,0,0.2532108547360659
41,0,0.36103938184400775
0,0,0.29432311931416677
0,0,0.25443569574176117
0,0,0.2769180321769596
1,0,0.3082210645236894
1,0,0.3107799588142131
0,0,0.2637229253406662
1,0,0.36681722808234046
0,0,0.25697775158178804
3,0,0.3205282143956369
0,0,0.28256190758205607
0,0,0.24687859498729567
0,0,0.2766309399131687
0,0,0.27256504229189604
0,0,0.2565064881242554
1,0,0.3109345937014969
0,0,0.2849562890296415
1,0,0.3068155366564
1,0,0.3094861701215714
13,0,0.3238897262391313
0,0,0.2716704257280314
0,0,0.27184775762348123
0,0,0.26858776949333707
1,0,0.30577244179804286
0,0,0.2673858447980732
0,0,0.2865789652719026
1,0,0.3689323675162446
0,0,0.2387877509247452
0,0,0.2983854246889434
0,0,0.2787831086283379
0,0,0.25452759555741034
0,0,0.2822622761694038
0,0,0.2816022521996833
0,0,0.27798988737791785
0,0,0.28067688722139583
0,0,0.2549191832865471
0,0,0.252959832387311
0,0,0.2603388582747763
0,0,0.27505959115387485
0,0,0.2794138419722174
1,0,0.3150762634946786
0,0,0.293070531381206
0,0,0.29735910624712464
0,0,0.29475287466418265
0,0,0.2638161059458885
0,0,0.2880643404221068
1,0,0.3154394903086854
0,0,0.25455136693236835
1,0,0.3248852664255447
2,0,0.3653043083572363
0,0,0.27240537721232344
0,0,0.2797821111682239
0,0,0.27223094845008455
1,0,0.32204409974117193
0,0,0.2574808621177323
0,0,0.2750185686647797
0,0,0.28039396146022016
0,0,0.27090726806257565
0,0,0.2891306336451066
0,0,0.24391949196526938
0,0,0.2509398020383894
0,0,0.23600285875902616
0,0,0.26462458319969845
0,0,0.2529117707509259
0,0,0.2811555860179342
0,0,0.2843326487337958
0,0,0.2534493742455094
0,0,0.2778140013256225
0,0,0.29843679494200703
0,0,0.2600473775531416
0,0,0.2451354795505854
0,0,0.22893039231389326
0,0,0.2802958246097519
2,0,0.31577667859577185
0,0,0.2707636153347012
0,0,0.2993407096589037
0,0,0.2996081908427317
0,0,0.271449417442235
0,0,0.28014844911101594
1,0,0.3183829244028164
1,0,0.30653852490793415
60,2,0.5198238420791108
0,0,0.242879029099726
1,0,0.3597961847238179
0,0,0.27897959879679496
0,0,0.2538286855454979
0,0,0.2845752630718824
0,0,0.2957466810774739
0,0,0.2674788647838142
0,0,0.2706872932970917
3,0,0.35794959647435093
0,0,0.27744803542908486
0,0,0.25741762255744405
0,0,0.253476429593329
32,2,0.4770983781851198
0,0,0.27915928286419583
0,0,0.29838321419027913
1,0,0.3559095305241918
0,0,0.27366379132413116
0,0,0.25207722688520134
6,0,0.3840834048999247
0,0,0.27551212207076736
0,0,0.27172672825342714
0,0,0.2750569744707295
0,0,0.25063783479538543
1,0,0.3533647737170501
0,0,0.265926109437951
1,0,0.3051701293317156
0,0,0.2902547682849406
1,0,0.30899410418527257
68,7,0.6278855228120611
0,0,0.28474973664469505
0,0,0.28319688889244227
3,0,0.35009587005340237
0,0,0.27040634792316587
0,0,0.27736789474291235
0,0,0.28575334002475516
49,0,0.42503964981406817
20,0,0.4191274251753341
0,0,0.263446814329722
2,0,0.31068099454942
0,0,0.2997496365531475
0,0,0.26321469224105326
6,0,0.3532050335276019
0,0,0.26725905632119873
0,0,0.26728667430023073
8,0,0.38700673091383714
0,0,0.21806511497214714
0,0,0.2522966195878335
0,0,0.26696065251164514
5,0,0.30372605475086145
1,0,0.3311376088075635
0,0,0.21737182558214488
0,0,0.2599522328947859
0,0,0.25681217745430585
0,0,0.26873881148766987
0,0,0.2985659057792978
1,0,0.314904851855944
4,0,0.41280324845867894
0,0,0.29510027504703823
0,0,0.2698603463055369
0,0,0.2859928820328171
3,0,0.3423382194010337
0,0,0.27574232601906523
0,0,0.25591418413895706
0,0,0.26764348603707605
0,0,0.22417631546076938
0,0,0.26845888388680406
0,0,0.29727808616759227
0,0,0.25948042289237194
0,0,0.2598231501849715
0,0,0.2790513388898331
0,0,0.26354080909375577
0,0,0.29124713778218375
0,0,0.25382561799054976
3,0,0.3607199583839072
0,0,0.2583265536029702
0,0,0.26354463650544674
1,0,0.3682135999287233
0,0,0.26049985344225896
0,0,0.2931945740354636
0,0,0.25825674688007977
1,0,0.30119291523440217
0,0,0.29704511001410844
0,0,0.28507701334877816
1,0,0.30249833990700853
0,0,0.2538519042785414
0,0,0.27680700517401396
0,0,0.26305576865568125
1,0,0.3168964550964047
4,0,0.3925531017479882
1,0,0.31002319801182915
4,0,0.32981054675308175
0,0,0.2738059594458142
9,0,0.33127557049083356
5,0,0.41070072661273643
0,0,0.26052969176050617
0,0,0.25660506771486385
0,0,0.2275492463278853
0,0,0.29890508908480784
37,2,0.49523862006997027
0,0,0.267682794243491
0,0,0.25618162178647386
0,0,0.25427969997025446
0,0,0.2882967965643321
0,0,0.28004932133389165
1,0,0.35194316640285056
0,0,0.28511273817406296
0,0,0.2862973161197385
33,0,0.4489698305939682
0,0,0.24005556333781153
9,0,0.41748202731263734
4,0,0.3225274067550403
0,0,0.250367185522748
0,0,0.22526931259883215
1,0,0.3337084372927626
0,0,0.255111454400793
0,0,0.27277400402132146
0,0,0.2863506020421144
5,0,0.39418290958486624
2,0,0.35440603508570667
0,0,0.27583714111180135
0,0,0.26366303883549674
1,0,0.352566712470772
0,0,0.24720979208715935
0,0,0.23205092825560286
0,0,0.27279596771227127
0,0,0.23404613395775484
0,0,0.262640798697201
2,0,0.3306068619349032
0,0,0.246157464221709
0,0,0.2922112814837011
2,0,0.3950135891539573
0,0,0.2777836536167699
7,0,0.3478972722090392
0,0,0.25724728954511245
0,0,0.29210478404037893
0,0,0.2853317470443772
2,0,0.30017089889971843
0,0,0.2765608410199846
0,0,0.2726933328732726
0,0,0.25035262658198665
1,0,0.3041190836097026
0,0,0.26274586935392724
0,0,0.2704945921272778
11,2,0.48012892356104314
0,0,0.28612230116826776
0,0,0.29142557376685074
0,0,0.29267434186044955
0,0,0.2680188687659752
1,0,0.3467784378442437
1,0,0.31088263253129383
6,0,0.3934693694860308
1,0,0.32944570386120947
1,0,0.3002765365070423
0,0,0.2839140735384116
0,0,0.2398639478735116
0,0,0.25330585680552964
0,0,0.2899447888829286
2,0,0.35732263237526124
0,0,0.26821453119736305
1,0,0.3010676948957247
0,0,0.24681415638636425
0,0,0.2894964531743666
0,0,0.24475364483993775
0,0,0.26985855796418345
0,0,0.2737450956358145
2,0,0.30584596797427155
0,0,0.28565514217894655
0,0,0.2676125811044245
0,0,0.2652097105099557
0,0,0.2640775815771798
1,0,0.3015758989567565
0,0,0.266190553285466
0,0,0.29779812502749853
0,0,0.28121422166937887
0,0,0.24284508554815623
0,0,0.26905131692278283
0,0,0.2831002986899795
1,0,0.3156258466389935
0,0,0.254661348976049
0,0,0.24518162374140387
0,0,0.2621044982054873
1,0,0.3044934746517349
0,0,0.23927591355586325
0,0,0.26086456963013605
0,0,0.25667524824919463
0,0,0.2752646514801018
4,0,0.360374580685811
0,0,0.24895777382381956
0,0,0.25941802591102164
0,0,0.2888622480372399
0,0,0.2782936440270575
0,0,0.2905327547512335
2,0,0.3062320205226229
0,0,0.2673878030251042
0,0,0.27016793538333544
2,0,0.31278382051768516
7,0,0.33203839453180717
1,0,0.353477565823311
0,0,0.28299012744835705
0,0,0.25134738055503697
0,0,0.2916613558972644
0,0,0.2518472171574282
0,0,0.2643782157733395
1,0,0.30636034273071916
0,0,0.2580524887162926
4,0,0.3407872542020514
0,0,0.27710028476420406
0,0,0.2693039424013646
1,0,0.3191506455555666
0,0,0.2735101000407781
0,0,0.26620966697874204
0,0,0.24596952476403078
17,2,0.5222824750310836
0,0,0.2833774515361053
0,0,0.2866879737581636
0,0,0.257383650199261
0,0,0.27465864659438494
0,0,0.2436245568606899
4,0,0.3331335095746903
0,0,0.2738932165633935
0,0,0.27366330238664616
0,0,0.27311514609916376
0,0,0.2668381929157355
0,0,0.2860464355507516
1,0,0.31661459971690487
0,0,0.23356841963378097
0,0,0.2668214839056445
0,0,0.2315663254162617
0,0,0.2790513599954889
0,0,0.26471645565546686
0,0,0.2782519173369891
0,0,0.2824269238747844
0,0,0.27703346331285894
0,0,0.26278497084067326
0,0,0.23473601479185874
0,0,0.24981582435716443
0,0,0.2780781145656548
1,0,0.3229702249061894
0,0,0.27961797446347536
0,0,0.28466668252355454
6,0,0.3746035531314953
0,0,0.26322873183513484
2,0,0.3075637190207305
0,0,0.257736351370527
2,0,0.32858900049308865
0,0,0.28401380742687016
0,0,0.2687321241913811
0,0,0.24740090286531405
0,0,0.29116834094318034
1,0,0.3112811904689541
0,0,0.27858912742490594
1,0,0.31664051864599574
0,0,0.27064933152433673
0,0,0.2672354460873404
0,0,0.27343337237172965
4,2,0.4860005531899756
0,0,0.2796356960284149
1,0,0.307153877027918
0,0,0.2599799638399418
0,0,0.23699567656766257
0,0,0.2708065761764115
0,0,0.24246235567854188
3,0,0.38224012789034
1,0,0.3330753272268707
0,0,0.2944707101100641
0,0,0.24930735980207075
0,0,0.279777463539602
0,0,0.2732983128134629
0,0,0.2574456199791943
0,0,0.29821039949092293
1,0,0.36310700058668344
2,0,0.3089365983457587
1,0,0.41207754432631283
0,0,0.29181108352723284
5,0,0.3697121345420487
0,0,0.2560877894931935
25,0,0.3630019622704684
0,0,0.2603940032929648
0,0,0.25183249593608403
0,0,0.26315308309225266
0,0,0.268396944650736
0,0,0.28678625170246946
0,0,0.2534253375254738
0,0,0.26374711203686313
0,0,0.24394740139994853
0,0,0.24601129539939848
0,0,0.28168319032436395
0,0,0.2608602233068897
111,3,0.5584890370540535
4,0,0.3123542612009374
0,0,0.2780735243681582
1,0,0.3541318894596806
10,0,0.3684678197129253
0,0,0.2777377851326662
9,0,0.3626239686179384
0,0,0.2657092451657902
0,0,0.2699861681867521
0,0,0.268052313452375
0,0,0.26431758949903583
1,0,0.3258712826623282
0,0,0.22067878204448713
0,0,0.26023891479363576
0,0,0.2768175015870325
1,0,0.3541497718733186
0,0,0.2586709944357106
0,0,0.2695337820935973
46,0,0.44789285409054874
3,0,0.30290756027421145
4,0,0.33433388855381585
0,0,0.29089309194242763
0,0,0.24621712676759142
1,0,0.31855423549269957
7,0,0.3744384054022765
0,0,0.2892657418017454
0,0,0.2508948804133985
0,0,0.2994738166140792
0,0,0.2747784145369693
6,0,0.34031714730815926
0,0,0.27707811670492344
1,0,0.32833231855013456
0,0,0.24744554888222314
0,0,0.2784683998920231
2,0,0.30601635027708735
3,0,0.34846665662894954
0,0,0.26457146777901125
1,0,0.31187414116174716
0,0,0.2715631562284791
0,0,0.2794213110473649
0,0,0.2667115331422649
0,0,0.2760191618876742
0,0,0.23069095484394778
0,0,0.2711842582055508
0,0,0.22457467348291896
0,0,0.2881604732412814
7,1,0.4581241618162128
2,0,0.31973864298454535
0,0,0.2775855082609227
0,0,0.29247201414757246
0,0,0.2517264411352593
0,0,0.2562334494507248
2,0,0.3830829814931284
0,0,0.2681552965047436
0,0,0.26110435242459507
0,0,0.2757891886635245
1,0,0.35820412150838177
0,0,0.26785207024783253
0,0,0.24750013185647324
0,0,0.2524559012871183
0,0,0.2823206571684273
4,0,0.34074484229830526
0,0,0.2940370024065459
0,0,0.2931039411503967
0,0,0.25928220278565073
0,0,0.2736850175966692
0,0,0.2884225101086888
0,0,0.2633060226474804
0,0,0.27822266245580995
0,0,0.26043358956412865
0,0,0.28164135550308744
4,0,0.3596181206452271
0,0,0.2516535718582169
10,0,0.3960717637061421
3,0,0.30304841715063296
0,0,0.262866357567589
0,0,0.2882910488069723
51,2,0.4607461849985688
91,0,0.41717214774892764
0,0,0.29823196794938706
9,0,0.337457481369313
2,0,0.310358033144055
0,0,0.24967990381615038
0,0,0.26529905500778156
0,0,0.2847210309056993
23,0,0.42610162015328507
0,0,0.26106915710365564
0,0,0.27398246402245785
0,0,0.2670996855923606
0,0,0.2929787605041344
0,0,0.2504478163777976
1,0,0.3672893566218858
0,0,0.25259221638971124
0,0,0.2768558172466333
2,0,0.37293687102608963
0,0,0.2604584521788287
11,0,0.3921491049612003
0,0,0.2811303940198931
0,0,0.25460775795611207
0,0,0.2551995592660848
0,0,0.29670662419560834
0,0,0.2822690695887136
0,0,0.2945609011308322
0,0,0.26642408440449783
0,0,0.24130906160873164
1,0,0.3387903863572773
0,0,0.2693548220913077
1,0,0.36978040915054095
0,0,0.28203165338402714
6,1,0.4660423792243257
0,0,0.2698914408539272
0,0,0.2845574514082848
0,0,0.2578464197024073
0,0,0.24300434057318163
0,0,0.2587798788984948
0,0,0.24499579615202705
0,0,0.250735965907892
5,0,0.3186794794347141
0,0,0.2763523275055666
0,0,0.2680434825015318
0,0,0.24466220460119362
5,0,0.3729678999930886
0,0,0.2918536227467385
0,0,0.28928110867245527
0,0,0.2817359517275832
0,0,0.25299609982714083
0,0,0.25617538222381175
4,0,0.3074473818744692
0,0,0.2553703504670979
0,0,0.2598944765791261
0,0,0.2931466673406846
0,0,0.25982913563936894
0,0,0.25870104460379256
1,0,0.30179941850254227
5,0,0.31419458369226033
0,0,0.280876588721764
0,0,0.26739264440100324
0,0,0.24493176210645431
0,0,0.2290372082253417
4,0,0.3835511957456445
0,0,0.26379183540404716
8,0,0.36948671022291407
0,0,0.27544217101752627
0,0,0.25927191330497645
58,0,0.4285912282973632
8,0,0.3527011848470507
0,0,0.29722684684662865
0,0,0.26476762066383824
0,0,0.2590147652660845
1,0,0.3597250805610686
0,0,0.2559907564528448
4,0,0.3820217623693308
0,0,0.2775194692615932
12,0,0.44484214256842824
0,0,0.25455082890069863
0,0,0.28245483724485376
0,0,0.2500632622677101
0,0,0.25269206613119266
0,0,0.28070869005953364
0,0,0.2711637223948626
0,0,0.2697092201680539
0,0,0.290704211455273
0,0,0.2535765480921093
0,0,0.2585889050510514
0,0,0.2805379865093649
0,0,0.264752705115643
0,0,0.27576949380876753
0,0,0.2994433540067696
0,0,0.20433852101001268
1,0,0.30185128151101276
0,0,0.28760723499405877
0,0,0.24493978533862454
0,0,0.2610731116514311
0,0,0.2526800962584139
0,0,0.28430458185883184
0,0,0.28349604057516464
0,0,0.28538659362866436
0,0,0.2512385436787379
0,0,0.29679253578754505
0,0,0.25977385361777433
0,0,0.2911748842478054
0,0,0.26854082966978465
0,0,0.24298700400095996
66,2,0.4593797209322904
0,0,0.2639445280946684
4,0,0.36454587707933994
1,0,0.3107999314044247
0,0,0.24511245282787847
0,0,0.28981315708055555
0,0,0.25968655157187825
0,0,0.26378487898099623
0,0,0.2619251146376018
0,0,0.2416467717716365
4,0,0.3779267099982733
0,0,0.2861114424745851
0,0,0.23482321181817067
0,0,0.2600918321565046
0,0,0.26503556403308065
0,0,0.2470273212727808
0,0,0.27135702990200267
2,0,0.3747573351473988
0,0,0.26712618747978445
0,0,0.2900377436654119
0,0,0.2424507863437783
0,0,0.26869949032834006
0,0,0.2590502224072794
0,0,0.2789994473897668
0,0,0.2705600647334193
0,0,0.2620488914848547
0,0,0.27015394360890843
0,0,0.25324859852293263
2,0,0.3866567205012986
0,0,0.2688426045864267
0,0,0.23055417146662593
1,0,0.3360014410399202
0,0,0.25277122649708145
0,0,0.258648447854367
0,0,0.2863167970068769
0,0,0.2562844994698669
0,0,0.2861378781808367
66,10,0.48877838752248104
1,0,0.30122097287604377
5,0,0.38780711147990765
4,0,0.32981096870187454
0,0,0.247098374523274
0,0,0.2803933531334121
0,0,0.2760312976157634
0,0,0.2504346067521937
0,0,0.24659797322067054
0,0,0.2809963334613712
0,0,0.29365329325877015
0,0,0.24313753595273765
5,0,0.36148010855073853
0,0,0.27265574767116546
0,0,0.2807459567639031
0,0,0.2859624158280923
0,0,0.25218469491125545
0,0,0.29072367230275625
0,0,0.2737382563651767
0,0,0.24222122473014068
22,0,0.3483390772835719
1,0,0.31783739662285804
0,0,0.25470427469633966
0,0,0.2836060385468467
0,0,0.2763831429793725
0,0,0.29140657344546766
0,0,0.2579190060882673
0,0,0.23764086507449692
0,0,0.22640402781622973
0,0,0.282443031912537
0,0,0.24811042783223367
0,0,0.26826459355916205
19,0,0.4193555226963456
0,0,0.2741764754574324
1,0,0.30283752016845145
7,1,0.4545094307997221
0,0,0.26401852387193026
3,0,0.3274516138012805
0,0,0.2925932736700301
0,0,0.26684105017221343
0,0,0.26912149392080265
0,0,0.2631942264415105
0,0,0.28523095053135594
0,0,0.24663729548652508
2,0,0.3687470608604014
1,0,0.3143013955300282
0,0,0.24319742797057306
0,0,0.260669687239716
0,0,0.27941807111793515
0,0,0.2864161849623467
0,0,0.288418905354534
0,0,0.24561081351378988
1,0,0.3540518806413609
0,0,0.28214590626599984
1,0,0.3648955105839193
0,0,0.2574440649166871
0,0,0.2613346275278468
14,0,0.3944538650635133
0,0,0.29227834412198284
4,0,0.33412519132633556
2,0,0.31187180220237254
0,0,0.2263378058629245
0,0,0.2636549041005726
0,0,0.2929737874660659
0,0,0.26990597165287966
1,0,0.3099040386793108
0,0,0.2822541153758548
46,0,0.41443156372766843
3,0,0.310289760163546
3,0,0.34032196451507557
0,0,0.2390127964820861
0,0,0.28300792573747025
0,0,0.2978185407969829
0,0,0.27690067135936935
2,0,0.32582836205760163
0,0,0.24466954905324265
0,0,0.2943799401881809
0,0,0.25849535415454805
1,0,0.3023354169665513
3,0,0.3432196477632021
0,0,0.2440408665617611
0,0,0.25878870665639514
0,0,0.2538667409218142
2,0,0.33955722084169704
1,0,0.3017710319813569
4,0,0.3393007340161316
3,0,0.3583525125018738
1,0,0.30403704466360065
0,0,0.2785252063732786
2,0,0.32719867356329635
2,0,0.3480330898348571
0,0,0.27808128033315277
0,0,0.23728175254100092
0,0,0.257096452334447
0,0,0.25091232446826944
0,0,0.26051496299931043
0,0,0.2927162821589842
20,0,0.40876172442752895
0,0,0.2520332732436926
1,0,0.30172112049953526
0,0,0.27902891424964144
0,0,0.2494578257078091
0,0,0.2666799970104887
0,0,0.26526328434479995
0,0,0.2663372930634659
1,0,0.30141027224993316
0,0,0.26544841556278415
2,0,0.3205260109384835
2,0,0.3374037397855985
1,0,0.3997771312323732
0,0,0.2508341070008686
0,0,0.29068879142791343
0,0,0.27285314159048535
0,0,0.28909040203578074
0,0,0.29017701432131027
0,0,0.26198071143891033
9,0,0.4399894951716152
0,0,0.25563858646592663
0,0,0.290906399651331
0,0,0.24108608873530615
0,0,0.2310895750744602
0,0,0.25505570946168654
0,0,0.2736923220745351
4,0,0.4065564304554647
0,0,0.2505592201005788
0,0,0.22946565751085551
4,0,0.3463665230450942
0,0,0.29940739828101914
30,0,0.43690109708642993
1,0,0.3291450265501212
0,0,0.26699651244248895
0,0,0.26445339645909083
0,0,0.2555389301184555
3,0,0.3344009500025887
0,0,0.2756088014644619
0,0,0.2736696089935082
0,0,0.2766152353208884
0,0,0.25787991062662385
5,0,0.3053809773383358
0,0,0.29749108612593084
1,0,0.33100918466647333
11,0,0.41581436641937064
4,0,0.33092093193403993
0,0,0.28401189257639003
0,0,0.24083647154933113
0,0,0.24764310544190812
0,0,0.2443386991488354
0,0,0.26493580179721116
0,0,0.2627542814073702
0,0,0.26842138786542147
0,0,0.26584364067739924
0,0,0.26910194816421157
29,0,0.43164260347743577
1,0,0.30182151560867054
0,0,0.29175662920102624
0,0,0.28540257233991845
0,0,0.26545532418952483
0,0,0.2947488546029875
0,0,0.2570329309865655
0,0,0.29850422729773346
0,0,0.23639725283857546
0,0,0.25395745253096014
0,0,0.2637532332900596
3,0,0.34163443515438663
0,0,0.276668150500321
0,0,0.29023022346620025
0,0,0.2460054035627844
3,0,0.33067789149875887
1,0,0.30254402043972606
0,0,0.2706337102557794
0,0,0.29591482539916353
0,0,0.25091847848360554
6,0,0.38958841650945475
0,0,0.2717746976961326
0,0,0.2689117473010591
1,0,0.34707137390553533
2,0,0.3248939920572187
0,0,0.28734944075381746
0,0,0.2696069119119184
0,0,0.27524790008776434
25,3,0.5275581259959664
0,0,0.2903360633408127
0,0,0.28470080061499564
1,0,0.30442695640594863
0,0,0.2563191987169847
0,0,0.258462773377011
0,0,0.27899120317241616
0,0,0.26235179329849306
3,0,0.37740147523302864
0,0,0.2788273780624708
0,0,0.2595036776572358
0,0,0.2833847120948801
2,0,0.3299367530788049
0,0,0.2787339642109537
0,0,0.29740902602873936
0,0,0.2774827126683917
0,0,0.2688769557098577
0,0,0.25025481354021334
1,0,0.33805855654135075
0,0,0.26630450247517434
2,0,0.3045750308851262
1,0,0.3034042515226195
1,0,0.32707931223492
0,0,0.270703200604763
0,0,0.2595938115938217
1,0,0.31556566914209605
1,0,0.3139344843517486
0,0,0.2867085060178257
0,0,0.2913327573320259
0,0,0.2867976756080929
0,0,0.2804478649054256
0,0,0.2329867255043154
0,0,0.2677956550725673
0,0,0.2911159207184993
0,0,0.2849674743699569
0,0,0.27461611784172835
0,0,0.2503468252078463
0,0,0.25577818526221663
0,0,0.26863891266465334
3,0,0.33824103193476285
1,0,0.30432145654981774
5,0,0.3899156402679347
1,0,0.3033613463548521
0,0,0.27648092678366837
0,0,0.2917061536050259
0,0,0.2934252165147854
0,0,0.290061011306254
2,0,0.3000651776559878
0,0,0.27536861915221783
0,0,0.2538114479975136
0,0,0.2556781918121849
0,0,0.2439310057897984
0,0,0.2564918483535645
0,0,0.29248537919155926
0,0,0.25572676073093964
45,0,0.4155935310984135
9,0,0.3148843418803579
0,0,0.24356348645911854
0,0,0.28135081503384174
0,0,0.197566705110521
0,0,0.27292594628770156
0,0,0.26273478613904644
0,0,0.26820030711525783
13,3,0.5031780102053429
0,0,0.2684166637879094
0,0,0.2700485555079793
1,0,0.3575820886023475
0,0,0.26482510014780053
0,0,0.26141014489995723
0,0,0.25194320982763546
0,0,0.2706283020000524
0,0,0.29322882584964594
0,0,0.2840818432478672
0,0,0.25196633529996215
0,0,0.24630086087754952
1,0,0.39934157067306053
3,0,0.3548634978839282
0,0,0.2715005548126826
0,0,0.29006691216216907
0,0,0.276300198832129
0,0,0.21912309150477793
0,0,0.29181930910875803
0,0,0.2833511440856573
0,0,0.23193590796321317
0,0,0.2816687685314441
1,0,0.3474260367737224
0,0,0.2360394578212823
0,0,0.2885896727901732
1,0,0.3047605218026275
4,0,0.34212370818828725
0,0,0.2328451115860667
0,0,0.27977924359849987
0,0,0.263451435831648
1,0,0.30579042947958823
0,0,0.29888657776295696
8,2,0.5013102687523816
0,0,0.2651027394112574
0,0,0.25313103699565903
0,0,0.2550274529190529
0,0,0.27690493972869695
0,0,0.26321418496610416
0,0,0.27467379002621245
4,0,0.40736526913028653
0,0,0.2607732388783028
0,0,0.2883267814260818
0,0,0.24038819517090484
0,0,0.2604788253554156
0,0,0.2518360859165529
0,0,0.2515647028043307
2,0,0.32777325321338335
0,0,0.27263375617506763
0,0,0.270288599505861
0,0,0.2356314705606751
0,0,0.27952916489052826
0,0,0.26001599961960187
0,0,0.2881766164083914
0,0,0.2769670569528977
0,0,0.2879429522605334
0,0,0.2663380153418839
0,0,0.2693164199237569
0,0,0.28607186228367687
0,0,0.2635719625480925
0,0,0.25666372340121146
0,0,0.2583072944229141
0,0,0.250207712503929
2,0,0.3060551840537839
0,0,0.262425075148525
0,0,0.27665161602793953
1,0,0.3029527105946228
0,0,0.29501238056932344
0,0,0.2406237931414256
0,0,0.28000129246832167
0,0,0.28759789352971166
0,0,0.24629134177709064
1,0,0.380904578916029
0,0,0.27828057951183305
0,0,0.28456881267156375
1,0,0.32221630035254895
0,0,0.28718588822643365
0,0,0.2707474411112773
0,0,0.2750040131119544
1,0,0.3111134023729169
0,0,0.26894614273722683
0,0,0.26574357205188576
0,0,0.2715782415837801
0,0,0.2410279157145326
37,0,0.4208277807347321
0,0,0.28795994619817816
1,0,0.3266729133637778
0,0,0.23717431776726164
0,0,0.2985489659887463
0,0,0.2617277781833265
0,0,0.2678792720720379
0,0,0.2624382760358529
28,0,0.3989831603763084
0,0,0.2618574876909955
0,0,0.2946547828648034
0,0,0.23096141309858828
0,0,0.2458447203400567
0,0,0.268243204986591
0,0,0.2692048400295507
0,0,0.291759792234673
0,0,0.25843019966436725
3,0,0.34932345456525954
0,0,0.24649139446017687
0,0,0.25052333492062595
1,0,0.30744155303828463
0,0,0.2212584681672034
0,0,0.26513118048697587
4,0,0.3783730154652508
0,0,0.24765043107403661
2,0,0.33427721096902285
0,0,0.283041191307858
21,2,0.5528316356747134
1,0,0.33667116184553664
0,0,0.26218054148308767
0,0,0.259547173323368
5,2,0.47139558649052865
0,0,0.25748726919864146
3,0,0.3757971236051204
1,0,0.3047184827553757
0,0,0.29888753564340126
0,0,0.2723530049406194
0,0,0.254428349562645
0,0,0.24352794824770352
0,0,0.2631034992602614
0,0,0.29147123435152517
0,0,0.2613484101054954
0,0,0.2578434905920417
0,0,0.26966009943900165
0,0,0.29558777409306536
0,0,0.23778351554486563
1,0,0.31636054699289723
35,0,0.3375084491197379
0,0,0.2855180320273889
19,0,0.4267311590331522
0,0,0.27913057084128945
7,0,0.3146804691678225
5,0,0.34818304072762957
0,0,0.26416594342484817
0,0,0.2877243590087901
0,0,0.29690202074815136
1,0,0.3208287607306347
2,0,0.33342250586121314
86,2,0.47988678283020947
0,0,0.276979064096973
0,0,0.24365310316899297
3,0,0.3030648388536343
0,0,0.2834275373974254
0,0,0.25525286249224594
2,0,0.3064600889756331
0,0,0.27818880662233114
0,0,0.23762118177234345
2,0,0.3288248760809766
1,0,0.30921716474969246
0,0,0.2871281496985606
0,0,0.2485316620529819
1,0,0.3014605324714866
0,0,0.2751163835976101
0,0,0.27939206890461105
0,0,0.2749310776510022
0,0,0.27994720471835366
0,0,0.2802955196567333
10,0,0.36317121412269215
4,0,0.446789442544193
5,0,0.3923132578052547
0,0,0.27721401127718254
1,0,0.3258833422062364
0,0,0.26745355392157555
0,0,0.2664749532949425
0,0,0.2763509870989729
0,0,0.25024965766946783
3,0,0.3723391460809585
0,0,0.24934799526427318
3,0,0.4351402046471648
4,0,0.3187186096238239
0,0,0.2665830379310866
0,0,0.28836224736873695
5,0,0.33032043763689556
3,0,0.31816713054273893
0,0,0.2603966484825961
4,0,0.3764602924207012
0,0,0.2715685821482062
7,0,0.3507522530217024
0,0,0.2552851453475788
0,0,0.2658184507642051
0,0,0.2825858723598365
4,0,0.3871982504414898
0,0,0.2880291346626006
0,0,0.26399870354567423
6,0,0.34494981059908036
0,0,0.2704702204313234
0,0,0.21654666254458496
0,0,0.28720206856026526
0,0,0.2638543508044266
0,0,0.27157622477298504
0,0,0.2633154006919607
0,0,0.25761403606625305
0,0,0.2769761323243187
0,0,0.2698451654868005
0,0,0.24871870214309136
0,0,0.27784070359350754
0,0,0.2598879117241827
0,0,0.28528877576664224
0,0,0.2538966531288752
36,1,0.45879245280245345
10,0,0.4328792221888901
0,0,0.22747684318983136
0,0,0.26287286625618544
0,0,0.2321651074747796
3,0,0.320574972550522
0,0,0.26944360735835976
0,0,0.2615279901848715
0,0,0.2923354835696867
0,0,0.29762120839798806
0,0,0.24351271042282108
0,0,0.2620839179193609
0,0,0.2924310105875739
2,0,0.3309342637682018
1,0,0.3463287550647984
0,0,0.2887496232744398
0,0,0.23278553540595384
0,0,0.28759194351657713
19,0,0.392505548803883
1,0,0.3020666165979213
0,0,0.29307477813086413
0,0,0.2955428204078386
0,0,0.29304524230144074
0,0,0.292757819735918
0,0,0.28421558904972544
0,0,0.27882731999341454
1,0,0.30564705523688596
2,0,0.3123684522223432
0,0,0.2930946645790278
0,0,0.28032678381609516
0,0,0.26022459156764555
3,0,0.3752398992992929
0,0,0.25939423798737854
0,0,0.2639493543686975
6,0,0.38298669119267353
0,0,0.27754056472729016
0,0,0.27819452357117114
0,0,0.24837399118370182
0,0,0.2667314835990213
1,0,0.3053081703733685
46,2,0.5266733833590106
58,2,0.4979790623481338
1,0,0.3074866245329371
0,0,0.262679801060044
1,0,0.3620551619510145
1,0,0.31491682840877894
0,0,0.29201722484520104
5,1,0.4672718177119763
2,0,0.314614423514596
58,2,0.5556517194188272
1,0,0.3363987683686022
0,0,0.26186113205862577
0,0,0.2401421587872313
1,0,0.3537626463950176
0,0,0.2761520459601419
0,0,0.2550660463381931
0,0,0.245359970115941
3,0,0.30941504278374027
0,0,0.28735200820153683
0,0,0.26817012071177887
0,0,0.2451932233206337
0,0,0.2510937604267085
0,0,0.2425922307225545
0,0,0.23557630993725262
0,0,0.2386234573845591
0,0,0.26071619911560867
1,0,0.3008683406392827
1,0,0.30612236503351137
0,0,0.25833292825890464
1,0,0.33449138320170374
0,0,0.28507409513759674
1,0,0.3204521881584211
0,0,0.26600180690466263
0,0,0.2971612241244998
0,0,0.2693845989603235
0,0,0.2879417049119938
11,0,0.35619688492118634
0,0,0.23122131319226746
0,0,0.2905772672527601
0,0,0.2585657589232644
3,0,0.3122527864229952
0,0,0.27455645321608396
0,0,0.2500706556483205
6,0,0.30691189938070196
0,0,0.24340723233687836
0,0,0.27704872689313653
0,0,0.2607489725196111
2,0,0.31315029848671594
0,0,0.2762342841513582
0,0,0.2848675092490363
1,0,0.30148282619252353
0,0,0.28774380432237623
3,0,0.32354569064957084
0,0,0.2572989637313948
0,0,0.2880648966357962
0,0,0.2627982400729598
6,2,0.46886439620198334
20,0,0.3327024775894574
0,0,0.25549164860411583
0,0,0.2776188452426502
0,0,0.2664353493109258
0,0,0.2591831620630594
34,0,0.38262372127352906
1,0,0.40387747561957205
0,0,0.2604598070522566
0,0,0.28976282980820883
0,0,0.23325647385964057
0,0,0.2876556162624298
0,0,0.2386389462298035
0,0,0.24562223371163575
0,0,0.2877020499352135
0,0,0.25868288629863034
0,0,0.24288770247538427
0,0,0.25477362196608494
1,0,0.32961282167329964
1,0,0.3216956637264635
0,0,0.2644864831958081
1,0,0.30286469336016825
0,0,0.25099587514153787
0,0,0.2818846606037414
5,0,0.44682629204382107
0,0,0.26044259943092424
0,0,0.2955596159007051
0,0,0.25076677830014005
0,0,0.29857995660130343
0,0,0.2477211349763534
0,0,0.2689464578726285
0,0,0.27176492387132156
0,0,0.2647314918614992
0,0,0.25550687273448563
0,0,0.2838811725751673
0,0,0.28242599554873554
0,0,0.24926769393816667
0,0,0.25281303259904897
45,1,0.48019024499992713
0,0,0.2486615863800414
0,0,0.25931641576845627
3,0,0.3172026712269834
0,0,0.29676203156308306
0,0,0.255852831902347
1,0,0.3264662929663472
0,0,0.25015617907520604
50,1,0.45313308491888366
0,0,0.25865702165522253
0,0,0.23434723003310845
0,0,0.25207544796763753
1,0,0.3061587651870976
1,0,0.30610245007314707
1,0,0.3129467619168944
0,0,0.2575449492001221
0,0,0.2705781439852211
0,0,0.23460716148064964
0,0,0.26464183242091754
0,0,0.2652110203745402
0,0,0.23245718100384333
1,0,0.3107127459835865
0,0,0.29401816870417874
2,0,0.30771147688406775
1,0,0.31555789165291803
0,0,0.2709637778315463
0,0,0.2752332149305174
5,0,0.3138382516993485
0,0,0.24943968729618318
0,0,0.2501370936206712
0,0,0.2895389868780609
0,0,0.2591342249745239
0,0,0.26806277435970827
0,0,0.24160970469237417
0,0,0.27041359727903563
11,0,0.3181486676497513
9,0,0.37439711568382533
0,0,0.2892139699432905
0,0,0.28755635809078317
1,0,0.3743900200495985
0,0,0.23176117246997194
10,0,0.3560061235238985
19,0,0.3312087182815794
0,0,0.29284453374771935
0,0,0.27929770139330085
0,0,0.26410237511097145
1,0,0.36098105896989113
0,0,0.26576296010120976
0,0,0.2760223048648252
0,0,0.2893727056704869
0,0,0.2859491224555848
1,0,0.30648049479229406
38,0,0.41256339290785127
0,0,0.2678422719603221
6,0,0.41410981628259386
0,0,0.2780308542407721
0,0,0.28086340841150104
37,3,0.516449515172002
5,0,0.331798226974025
1,0,0.3034279429377805
0,0,0.2571558802619626
0,0,0.24584637209761948
0,0,0.23199594314473068
0,0,0.28056664404143566
0,0,0.2966399237137819
0,0,0.2965861009512128
0,0,0.1877363020287474
0,0,0.2797382431666998
0,0,0.2574341403763882
2,0,0.3091074558510675
0,0,0.2664045047541701
0,0,0.24451787172470588
1,0,0.34596260969721304
0,0,0.25358551527032414
0,0,0.2959682279706222
0,0,0.25530260446806974
0,0,0.27320605319033975
0,0,0.2674210974042335
0,0,0.2464466073265285
0,0,0.2566260140691973
0,0,0.25545888677150996
0,0,0.2504929344714337
0,0,0.2691187327144869
0,0,0.2773031154764163
0,0,0.2674559389176755
0,0,0.26865151969247303
3,0,0.386680901437658
11,0,0.3268547584293998
0,0,0.2534599843843111
0,0,0.24048769678888657
0,0,0.27191749562130335
1,0,0.319613874195654
0,0,0.2691005174092564
0,0,0.28435033893161415
0,0,0.26151269893201057
0,0,0.24144170632959153
0,0,0.27387254501076086
0,0,0.2916488497744079
0,0,0.262967658910571
0,0,0.282024763218885
0,0,0.2806327692383345
0,0,0.25563566898562784
0,0,0.24940856672002445
0,0,0.2973705309325958
0,0,0.28775943972479145
3,0,0.3416369970360543
0,0,0.25921361393650505
0,0,0.28261995809047963
7,0,0.32934646808908435
0,0,0.2572652023059169
0,0,0.29121086579899563
0,0,0.2829336273376279
2,0,0.31104745367567366
0,0,0.270949327943814
0,0,0.2622724827345161
1,0,0.38607499153646707
4,0,0.38804241874652357
0,0,0.26270977315737765
17,0,0.43451475296949743
0,0,0.2557948865425309
0,0,0.2704716790587182
0,0,0.28755441726124764
0,0,0.25275171218641257
0,0,0.2919017703668338
0,0,0.2982182747373201
0,0,0.26461435281261697
6,0,0.38921383657336256
0,0,0.24388822261245305
0,0,0.2916447986705119
0,0,0.29213565635781846
1,0,0.3520483153484342
2,0,0.4116519605979952
0,0,0.24585349898893746
0,0,0.27349080944457393
2,0,0.3424942957279121
0,0,0.2941487313254388
1,0,0.3018524915135813
0,0,0.23353892009450997
0,0,0.268589602238593
5,0,0.400839003227642
0,0,0.2682992010723683
0,0,0.27726870967327033
14,0,0.3954460381581776
0,0,0.27297412688253864
0,0,0.24304832323551503
9,2,0.5086470934516973
0,0,0.27801876174969026
0,0,0.2837794708958461
69,3,0.5009424692935124
1,0,0.30226326113333063
0,0,0.2752917932280214
5,0,0.44267445953574885
0,0,0.28623191776207274
2,0,0.3139093308236048
0,0,0.2676887079062926
1,0,0.35589296632608064
4,0,0.32363709854504025
1,0,0.38807400389314417
0,0,0.2816980443320258
0,0,0.24288221161222912
0,0,0.2906731560699307
0,0,0.24863634026768638
0,0,0.22247640315360181
0,0,0.2563200105389817
0,0,0.2963078304297905
1,0,0.3011086852234243
0,0,0.2576578764009249
0,0,0.2853943354631568
0,0,0.23515787134105012
0,0,0.2784900599151571
2,0,0.3388033086536055
0,0,0.29417993861264197
0,0,0.21816499101437617
0,0,0.2477038528830992
0,0,0.25794940392733284
0,0,0.28650078185950006
0,0,0.2670591099780534
0,0,0.27174963674832886
0,0,0.2393146203509932
0,0,0.2674350478903511
0,0,0.2594120917583799
0,0,0.2805179580931369
0,0,0.28019833856777326
0,0,0.2778873382984085
0,0,0.271427575161161
13,0,0.3172356943594819
0,0,0.2687521036804626
0,0,0.2703554431731993
4,0,0.3734484289351169
0,0,0.2831705727559924
0,0,0.2689797719388889
0,0,0.2661364762157932
0,0,0.2510046522696802
0,0,0.28405694011365373
0,0,0.29468093754281527
0,0,0.2789797447933634
0,0,0.23382768313649535
7,0,0.3800525862370575
0,0,0.27149098895628904
1,0,0.3458783793646953
0,0,0.23738334781572606
0,0,0.27932023502195713
3,0,0.34276571450149657
0,0,0.27426731943082067
2,0,0.31716085767799407
0,0,0.26006968369036854
0,0,0.23714079284250622
87,5,0.5967415263978985
0,0,0.27326299166634677
0,0,0.29615431848209595
0,0,0.2672978036755383
0,0,0.24808949532342695
7,0,0.37175491871812
0,0,0.24908671123855436
1,0,0.31163098201789535
1,0,0.3686444455493438
0,0,0.2913508396461288
0,0,0.2455641623082909
0,0,0.2875150111132746
0,0,0.2845966831535082
0,0,0.24370858244628127
1,0,0.30587285329384567
0,0,0.269741443507307
0,0,0.2809104810524358
0,0,0.2976691804176419
0,0,0.26816091374690976
0,0,0.28600472661164844
0,0,0.22423594857812054
29,0,0.4445749874186488
0,0,0.26594819484487076
0,0,0.2504401603034641
0,0,0.2815130164273144
0,0,0.29475552364927227
0,0,0.27644156580498397
5,0,0.3410249200010518
0,0,0.24250561454500513
0,0,0.2624434468545669
0,0,0.29513060863924734
1,0,0.30390443903069353
4,0,0.3286879073416745
1,0,0.3028873103930725
2,0,0.3024854258358031
12,0,0.3949267087199262
18,2,0.4995573876472906
0,0,0.2694262108318948
1,0,0.33183801731438695
0,0,0.27067349023060744
7,0,0.31190369241719895
0,0,0.269367673807932
0,0,0.2632541779196331
0,0,0.24918717792512882
0,0,0.26534575351107204
0,0,0.2720006676772725
2,0,0.33179028248718034
2,0,0.366231311837418
0,0,0.24267028291751422
0,0,0.26811719990849087
0,0,0.26755527703523135
0,0,0.245742388100647
1,0,0.30129302969843874
0,0,0.27607533814796187
0,0,0.2514282181561204
0,0,0.2516771771005723
0,0,0.26557403016001113
0,0,0.254953704036394
0,0,0.2644337613889644
0,0,0.24864552626923356
2,0,0.30820379575492873
0,0,0.2561282328764735
0,0,0.27333485776778654
0,0,0.29535813808369593
5,0,0.3966065089647843
0,0,0.26430108787623047
0,0,0.2542607736556641
0,0,0.25228430138451513
0,0,0.2230025989480129
0,0,0.27254911050214015
0,0,0.2866538470240955
0,0,0.2704910929686312
13,1,0.4504628131641346
0,0,0.27472395509265346
0,0,0.25708015238849896
1,0,0.37554157884558315
0,0,0.2764445035214753
13,0,0.3914108514306449
0,0,0.25582169855701153
0,0,0.24861476745464015
0,0,0.262064847778329
0,0,0.27377031957112646
10,0,0.3656338476522794
0,0,0.2685024376012261
0,0,0.2506726905915456
2,0,0.4215939135888054
1,0,0.30189793742261434
0,0,0.2548561360609474
6,1,0.4533730822236297
30,0,0.40365391854364335
31,0,0.400995734454604
0,0,0.2778524796964825
0,0,0.21888348903590252
0,0,0.23345161442157825
0,0,0.28772786325293276
1,0,0.32868948284687033
8,0,0.401854825548944
2,0,0.3247545394991017
4,0,0.39489618796710146
17,0,0.4237179778788429
0,0,0.2410933119691917
0,0,0.23832930559507692
1,0,0.35766202140213416
2,0,0.31106236600369547
0,0,0.27189932020629115
7,0,0.38349458951375665
0,0,0.2691559661481668
0,0,0.27423650070891953
0,0,0.28199988515731533
0,0,0.2575754562956794
0,0,0.25702115291205524
0,0,0.2768045755256329
0,0,0.29829749201771155
0,0,0.25684964439524616
0,0,0.26198459352546
0,0,0.26516123615624193
0,0,0.28279881473777546
0,0,0.2623993410074157
0,0,0.2401279894116075
0,0,0.2893188420518535
0,0,0.2544180193214697
0,0,0.29310591028170996
0,0,0.2584541458908275
0,0,0.2478954954995209
0,0,0.2801231251436284
0,0,0.27935037175851224
2,0,0.3260155428478654
0,0,0.280469917866133
0,0,0.2820042290678287
2,0,0.32477301148855015
5,0,0.33464084384740944
0,0,0.2964977259440531
17,0,0.42554761989181245
6,1,0.46010738335604345
0,0,0.2862974560743877
0,0,0.25496251203876674
1,0,0.4043058736135717
0,0,0.2660194149964242
0,0,0.263083275367534
0,0,0.29858101231365297
0,0,0.22977825257230455
0,0,0.2244279425318414
6,0,0.39812472962815987
2,0,0.3569303473164919
0,0,0.2416734724022442
24,2,0.4766629791828134
0,0,0.29975483749173987
0,0,0.2645284327341018
0,0,0.267899299950966
2,0,0.3414856002607526
0,0,0.29913350181107407
0,0,0.2802446471812376
0,0,0.2377431780086843
0,0,0.26895178550495596
0,0,0.27389143601857047
0,0,0.2756391965961322
6,0,0.35074094384211774
1,0,0.3046251379987491
0,0,0.25638100895758936
0,0,0.2770033037992833
0,0,0.27022483662908875
0,0,0.2809848082908292
0,0,0.27717386159355084
0,0,0.25491049466110005
0,0,0.2911393702051572
0,0,0.2975106712205425
0,0,0.270576958972633
0,0,0.28833746250589853
0,0,0.2849307413564914
1,0,0.33908678504265605
0,0,0.26854301247809037
0,0,0.2673253816347338
0,0,0.2550507224271341
0,0,0.2905768735548299
0,0,0.2884355792271561
0,0,0.27139806162534036
4,0,0.3897136231500345
0,0,0.29239463381110065
0,0,0.28096356376960613
0,0,0.2596827753056281
0,0,0.27400082120846386
1,0,0.30181512366421515
0,0,0.2525113783126738
0,0,0.29513868196012666
0,0,0.2900852643309268
2,0,0.31483603532486387
43,4,0.5003131240932659
0,0,0.25363290065376676
1,0,0.38050424996419785
0,0,0.23861566452104327
0,0,0.2694947696048665
0,0,0.23213889520491282
4,0,0.37478758924155103
0,0,0.2615224982608579
0,0,0.24351253369212797
0,0,0.27918970784195285
0,0,0.2796768754917389
2,0,0.31235034557175095
0,0,0.2926518471301575
0,0,0.2653949009467663
1,0,0.3424334672645298
0,0,0.2577611541487021
4,0,0.3464806961459144
1,0,0.3038504606216669
0,0,0.24664044471909208
2,0,0.3096092664828347
1,0,0.3298685904496557
0,0,0.2381762667205975
0,0,0.25425226208453366
0,0,0.264708529893274
0,0,0.25922119146124173
0,0,0.2519023033443301
0,0,0.2445384109953231
0,0,0.25042184624957614
0,0,0.2756486771105352
0,0,0.2750144692597764
0,0,0.2776458466820166
0,0,0.2665696962460315
0,0,0.2543924002993777
0,0,0.26182503769629195
0,0,0.25209026441216426
1,0,0.3037364253423688
0,0,0.25067031340359186
0,0,0.26575326594425064
0,0,0.24838173859787893
0,0,0.26202507233379174
1,0,0.3033405241472493
0,0,0.29045422919560915
0,0,0.2752352466576826
0,0,0.25653145458938004
1,0,0.3186186348943276
2,0,0.3233121063157254
0,0,0.2820574506084115
1,0,0.360337725175374
0,0,0.2870865928514495
2,0,0.3255049232548017
5,0,0.3524450628099047
0,0,0.26564990689123935
0,0,0.27208812910458646
0,0,0.28594176027280593
0,0,0.25972021635215004
0,0,0.2823084365700577
0,0,0.29619012929246397
0,0,0.2617113299941404
0,0,0.28227992115360745
0,0,0.2845044480612625
0,0,0.23800075981633462
0,0,0.2529349782943666
1,0,0.3242061126753465
0,0,0.24558360427896428
0,0,0.2543598962813717
0,0,0.25888868686934347
2,0,0.31637967631835373
2,0,0.30606636848895874
0,0,0.26347327626079237
0,0,0.2627483820351451
0,0,0.2741660519139855
0,0,0.27847171767155243
0,0,0.2913044859084639
0,0,0.230561998742905
0,0,0.26168205016206647
0,0,0.2926583283743946
1,0,0.31988772430111967
0,0,0.23572883541335118
2,0,0.30442720470357665
0,0,0.2533255892330977
0,0,0.27180804981676465
0,0,0.28466500613268725
0,0,0.2850382542709638
0,0,0.2140412183164487
18,0,0.42575157435787986
4,0,0.38661207013649973
0,0,0.24810047548227313
0,0,0.2753187827911962
3,0,0.35197668470112714
0,0,0.2606840493502892
0,0,0.2516090760429982
0,0,0.28040705895944906
0,0,0.27880990802457184
3,0,0.4034407990049751
0,0,0.2889145637381968
0,0,0.2931933355922026
0,0,0.2316547847536289
0,0,0.26422172096091917
4,0,0.44801778819744437
22,0,0.4022937980594676
0,0,0.22503462916450598
0,0,0.285445388569462
0,0,0.26667036307359626
0,0,0.2844249397543782
0,0,0.26059569209986105
0,0,0.2831735789998387
0,0,0.28890251022807945
5,0,0.3530340245290521
22,0,0.40132718163559566
6,0,0.44370406970100085
0,0,0.27179861575898634
0,0,0.28198023937043004
0,0,0.28442972100931974
0,0,0.2584792126062978
0,0,0.28686478855454045
0,0,0.24706694623347727
0,0,0.2809481415720246
0,0,0.28287365586477853
0,0,0.26506907950553416
0,0,0.2670747113235981
0,0,0.26842928446768094
0,0,0.24273081115350362
0,0,0.2727170854049448
0,0,0.29756764154704857
0,0,0.2713331800873478
0,0,0.25823163228716434
0,0,0.2799340230262064
0,0,0.2675641047196756
0,0,0.28932849360262525
0,0,0.27656129318210604
0,0,0.28637297522147903
1,0,0.33534994666669204
0,0,0.2902599901847864
0,0,0.26932171436217084
0,0,0.26395885648360373
0,0,0.26795205114626597
2,0,0.3381728681247859
0,0,0.2730561691725007
3,0,0.31515518693656885
0,0,0.25738016492082527
0,0,0.25973837834703667
0,0,0.26461310538958666
0,0,0.2659968300890955
0,0,0.2598587279144878
0,0,0.29684959432765085
0,0,0.2518808527845864
0,0,0.24332851983541545
0,0,0.29874462399360424
0,0,0.2699650216799453
0,0,0.25864038788157906
0,0,0.2725411545811604
0,0,0.26125019819610484
0,0,0.2987072015542192
0,0,0.26864072571823894
18,3,0.48296689754242894
0,0,0.2771009745516745
0,0,0.2411611232063047
0,0,0.24260046725974993
0,0,0.25191991229075383
0,0,0.27308251030021863
0,0,0.29829177518275435
0,0,0.2670487347204551
1,0,0.3075538805798917
0,0,0.2879705764370726
8,0,0.3683318141173644
0,0,0.2659267601467326
4,0,0.3387918601922142
0,0,0.24349077016170143
0,0,0.2809367755428545
0,0,0.29954070484712964
0,0,0.24839228459370588
15,0,0.3953541815414391
1,0,0.3473961170482864
0,0,0.24179757191353485
3,0,0.3623071187205329
0,0,0.2612653993197254
26,2,0.4880351249486706
0,0,0.27586956134577173
0,0,0.28804294892600535
0,0,0.24283228608725238
0,0,0.28392418117338997
0,0,0.2915322129684793
0,0,0.2954551472993915
0,0,0.2575333491745205
1,0,0.3483957351331733
0,0,0.2793788067787572
0,0,0.2491828259129835
4,0,0.34475088069232585
0,0,0.2618320119955894
2,0,0.3068336047667174
0,0,0.2793465511738721
0,0,0.27228678314463495
0,0,0.27211849566940394
0,0,0.2502274589522407
0,0,0.2861267484244914
0,0,0.2527257857873017
0,0,0.2969457779853515
3,0,0.3140012209149046
0,0,0.22724526910842283
0,0,0.26721943015355715
0,0,0.27046967082574036
0,0,0.27552816173538114
0,0,0.27008393708709744
1,0,0.3583769224609909
1,0,0.39502483101630564
1,0,0.3139113149274129
0,0,0.28770428779032436
2,0,0.36591100756822803
1,0,0.34746973816072413
0,0,0.25975407032666437
0,0,0.29279989488126723
0,0,0.282532170060953
0,0,0.2692072217163361
6,0,0.41177074779205286
0,0,0.27009456407599997
0,0,0.2726956282690768
0,0,0.2765312977229348
2,0,0.35287976609393407
0,0,0.25915204658856034
2,0,0.30353338020147513
0,0,0.275934581081735
0,0,0.28439283217245376
0,0,0.2912345485406869
0,0,0.27885506296339735
0,0,0.2566788011110873
0,0,0.27510616485023576
0,0,0.2627486688337818
0,0,0.25066105987345483
25,0,0.4266928756114569
0,0,0.25960253091388885
1,0,0.30306011506741143
0,0,0.2611455245928627
0,0,0.24223946786273137
1,0,0.3358371230686654
0,0,0.29009441890567433
5,0,0.3586165091770693
0,0,0.2500076493668779
0,0,0.26336830098895764
0,0,0.2703018857908741
0,0,0.27211893941126497
1,0,0.3311135625469036
0,0,0.2781121446285774
0,0,0.2567380949761867
0,0,0.28008941270818
0,0,0.21263680886086966
0,0,0.2951112345446874
0,0,0.2341866674282692
0,0,0.25936691630672587
0,0,0.23656515460422728
0,0,0.2840803788693587
0,0,0.2652214621333996
2,0,0.3137523106719564
0,0,0.29995592791493586
0,0,0.2669264894328037
0,0,0.284588326686603
0,0,0.24908769526057778
0,0,0.2313397038593704
0,0,0.24151898899088295
4,0,0.3204014054869113
0,0,0.29612988619296393
0,0,0.23657322354237062
0,0,0.2690754635667913
36,0,0.43997718586930695
75,3,0.5245190203496551
0,0,0.23930027805432932
2,0,0.35665128809631985
0,0,0.24745467026612336
5,0,0.30616325404207345
0,0,0.279493670895555
0,0,0.25858089426808334
1,0,0.31122433401059013
0,0,0.2733947641679784
0,0,0.29413615534712545
0,0,0.26780075774430073
0,0,0.21512654838426784
0,0,0.2647003338006773
0,0,0.2618578008897491
1,0,0.3611290385129189
0,0,0.24704377844130299
0,0,0.27336800157536983
0,0,0.2782468967836512
0,0,0.2548785235299676
0,0,0.2761141077767225
0,0,0.2564252727200502
0,0,0.23471492533366156
2,0,0.31884752193934535
1,0,0.30054513816616046
0,0,0.2765010341202604
0,0,0.2561721921161247
0,0,0.2391599824189076
0,0,0.25405436169631296
0,0,0.2874648842983914
0,0,0.25729954814229916
0,0,0.25061004212997684
52,1,0.4676593274016283
0,0,0.25198095213808763
0,0,0.23798715768348946
0,0,0.26470310515076123
0,0,0.2551667095791242
0,0,0.25134708050465326
0,0,0.2754014250757375
0,0,0.2670333668725789
0,0,0.23106792843276266
0,0,0.2791608514829333
3,0,0.30816442736120836
0,0,0.24410251261507104
0,0,0.2895933075003997
0,0,0.2873229911599704
0,0,0.2523173035916401
0,0,0.25545334408628784
0,0,0.2719493609946583
0,0,0.2629533214559059
0,0,0.27420837313551005
3,0,0.32503741954205595
23,1,0.4542343357807083
0,0,0.2678500357930416
0,0,0.2950838240022538
0,0,0.2832797756383385
3,0,0.382760694837226
1,0,0.3040569551661979
0,0,0.2502805767060835
0,0,0.25887941768040185
0,0,0.2828446289205716
2,0,0.3033723054764885
9,0,0.3549791873819054
0,0,0.29110313798860904
0,0,0.26657125090749345
0,0,0.22487766712454513
0,0,0.2639028985387354
3,0,0.33499592256300564
0,0,0.29849762775181915
0,0,0.2463145367049827
0,0,0.26545775870510036
1,0,0.31052104175888334
0,0,0.2392812632244178
0,0,0.25061491139674424
0,0,0.26864755254163925
0,0,0.2801509277132187
1,0,0.3745397650497391
1,0,0.3050576631203526
0,0,0.2737661043632531
1,0,0.31435129587182115
0,0,0.2696094133468328
1,0,0.3140978045362242
17,2,0.4893682737504996
1,0,0.3079821779927145
0,0,0.24853857300212007
0,0,0.22864799673406833
0,0,0.2864840964156255
0,0,0.23890401091632768
8,0,0.36554430097906176
1,0,0.36097924443951723
1,0,0.3081704783093821
2,0,0.30341681824408107
2,0,0.31818065896454073
0,0,0.265571134925435
1,0,0.33974929233860607
0,0,0.27702923986494055
0,0,0.2519884950633825
1,0,0.3068387077096635
0,0,0.26051637592832966
0,0,0.2704160310763835
5,0,0.44372639925119023
0,0,0.2941608817547196
0,0,0.255001431152937
0,0,0.2712665799730158
0,0,0.29953912336552063
8,1,0.4650453306865873
0,0,0.2592992585938116
3,0,0.3483685609023063
0,0,0.2704848720701561
0,0,0.2710804933099646
0,0,0.23065653051918356
0,0,0.265194823627804
0,0,0.2626584864853102
0,0,0.27450618609505195
0,0,0.27135840558635066
0,0,0.2989783946460309
2,0,0.32718066507533466
3,0,0.3282482970670761
0,0,0.27807439837052594
0,0,0.26818830632371277
1,0,0.3013487322899769
0,0,0.29015154348365474
6,0,0.36477738453721475
0,0,0.2687487947113077
0,0,0.2644064555097731
0,0,0.2585126811614691
1,0,0.30225836238607395
1,0,0.3118759336218472
2,0,0.3272806295004177
0,0,0.25779546811881376
59,0,0.3688094917136998
6,0,0.3282884091847409
0,0,0.2615962670528529
2,0,0.30556085430958435
0,0,0.24382713628679328
0,0,0.2839472370193495
1,0,0.3434474833922126
0,0,0.25830996863537686
30,0,0.44930924690756574
0,0,0.2958902145697758
1,0,0.3076617876005381
0,0,0.29694275113308777
0,0,0.29205611359588857
0,0,0.2962918805671195
0,0,0.26877353952267996
0,0,0.2669233230593253
0,0,0.28757219122451466
10,0,0.3477367252066528
0,0,0.299649994977933
0,0,0.2594203412931923
0,0,0.22823672574680592
0,0,0.2737314120950497
0,0,0.27352467766501154
0,0,0.2825676981404283
0,0,0.28255270492734785
0,0,0.2559534641900026
6,0,0.30875077838214404
2,0,0.31531324711194847
0,0,0.2872117305244369
0,0,0.26104342509487904
0,0,0.2261822327052267
0,0,0.28387151247163034
0,0,0.234189990237915
0,0,0.2535391845605356
3,0,0.38572221169604953
0,0,0.28516057929187505
0,0,0.29643214144019214
0,0,0.2528097020897809
0,0,0.2544743949172981
0,0,0.28459101445349927
3,0,0.3262531080513719
5,0,0.37697371050853284
0,0,0.2689470570835272
0,0,0.29586653802443064
0,0,0.2796636320961592
11,0,0.34263297613048066
0,0,0.279087658883203
2,0,0.31648531913661015
2,0,0.32294727160872305
7,1,0.4553603658849309
0,0,0.22310441359475888
8,0,0.3645850163867407
7,0,0.41875812220638337
0,0,0.25741878775314986
0,0,0.24715170443394033
9,0,0.3552596575015045
0,0,0.23966067448527836
9,0,0.38379306227832205
1,0,0.30172047282947745
2,0,0.339552090827123
1,0,0.30015627546724793
0,0,0.24284466782377329
6,0,0.3897497099499871
2,0,0.3157384226036946
0,0,0.23276934295003088
0,0,0.2549256244845937
5,0,0.4321910864710108
0,0,0.23949889421499976
0,0,0.26938501340269333
3,0,0.39460759188031247
0,0,0.23696071897208343
1,0,0.40469177308055787
24,0,0.4333271773300182
0,0,0.2824966796221586
0,0,0.29050293775832886
0,0,0.2853644045866823
0,0,0.27368770398141884
0,0,0.27605535978491486
2,0,0.31778189848235133
0,0,0.28915126175854966
2,0,0.3047477585446698
0,0,0.2849432120833828
0,0,0.2404345932940018
0,0,0.27117214169060705
1,0,0.3663962718653948
0,0,0.26596671073511835
0,0,0.28283862257453557
0,0,0.26672758116538925
17,0,0.4323884286361624
0,0,0.28143315225289245
1,0,0.33042677650143704
0,0,0.27470074309748305
0,0,0.2812255394384731
0,0,0.2904793381042419
0,0,0.28880777338722685
1,0,0.32530228371160286
0,0,0.28165288708033237
0,0,0.2954775557823107
0,0,0.26602294109475094
0,0,0.28865222160813325
0,0,0.2952089651504106
9,2,0.45187613280090483
0,0,0.23978028706416207
0,0,0.2830534926660197
1,0,0.4040372630432643
0,0,0.2473694459317161
0,0,0.28441627239998346
78,2,0.5214828385147797
0,0,0.292381889076785
0,0,0.2830458821335865
43,2,0.5210539370471811
0,0,0.2919554801359817
16,0,0.43842180958266225
0,0,0.2764480604389617
0,0,0.2803827113952656
1,0,0.30235092602615155
0,0,0.28950418611981843
3,0,0.3328813033101741
0,0,0.27314548840005004
0,0,0.29412446191828756
0,0,0.271778459091424
0,0,0.26482416819306476
5,0,0.32152911484204394
53,3,0.5424793753092714
2,0,0.33547297475622617
1,0,0.3099659077169477
0,0,0.28166774940142536
2,0,0.3036625212876956
0,0,0.2878597507302935
3,0,0.3514885312286261
0,0,0.2913431998779518
0,0,0.2896542606354517
30,2,0.5205713795657828
0,0,0.26594830849597473
0,0,0.2542177102212984
0,0,0.2622470447495652
23,0,0.3320795746714593
0,0,0.23679466897933704
0,0,0.2485387688916353
0,0,0.2563772077163168
0,0,0.27721762629586355
0,0,0.27815740113980586
0,0,0.28313045066018244
0,0,0.2696550561915948
0,0,0.2802947892615993
5,0,0.338773082871096
0,0,0.2591524010654805
0,0,0.2665977991097383
34,2,0.5166346970494968
0,0,0.24732893220049063
0,0,0.29224192080569583
0,0,0.2781007464745144
0,0,0.29173252516713505
0,0,0.25394719434952995
0,0,0.283113130614514
0,0,0.2134338105114256
1,0,0.3065728460245667
0,0,0.25227818237179894
4,0,0.431159855370842
27,0,0.4020866158043132
0,0,0.2225932274140753
68,3,0.4881504014460713
0,0,0.25308493150223355
9,0,0.3571767647382071
2,0,0.31027758791820564
0,0,0.25741861844504976
0,0,0.23627583994952175
0,0,0.2960864951163196
0,0,0.2734346493462799
0,0,0.26029211035960037
7,0,0.376763021340881
0,0,0.28882755622055656
0,0,0.2689122446662482
3,0,0.3852347319904416
0,0,0.2992089564860027
0,0,0.24772949833371208
2,0,0.32528331606158944
4,0,0.37167329115098324
6,0,0.44401176976869255
0,0,0.2632776297217122
0,0,0.2606604596370689
0,0,0.2773253082566428
0,0,0.29210765070323097
0,0,0.2613359938703769
0,0,0.2538389708837649
0,0,0.25762883660390645
0,0,0.2503910649458358
4,0,0.3443428707391155
0,0,0.2545060793818638
0,0,0.24887424398332536
0,0,0.2866116139985678
0,0,0.2843322574024851
0,0,0.2624177680013525
48,0,0.43820077175189637
2,0,0.3315758191203134
32,2,0.48236751238776343
0,0,0.27602315383400516
82,3,0.49264531068259443
0,0,0.24419350880985238
0,0,0.2972778235967496
6,0,0.3529818131586309
4,0,0.32488226656153196
0,0,0.27713905555080864
37,0,0.4221060497618893
0,0,0.284817928872028
0,0,0.2611883372553391
0,0,0.2759978110112451
0,0,0.2802277174750389
0,0,0.24104291431053035
1,0,0.3209094350923965
1,0,0.38793108890627503
0,0,0.29045134306766496
0,0,0.26050071310855577
0,0,0.25062386227147804
1,0,0.3126777609011651
1,0,0.3003236715206644
0,0,0.27305477723906924
0,0,0.23162515627341357
32,2,0.5081720569150072
1,0,0.31155959384037585
0,0,0.2950534905709299
0,0,0.26662507671699576
0,0,0.28367745113951587
0,0,0.2622406537854121
0,0,0.2669525689734932
0,0,0.2785406784316951
0,0,0.28304101727812875
0,0,0.2624659737764988
0,0,0.28556982114275187
2,0,0.3101564441897185
0,0,0.27556791911042605
0,0,0.2631889403179952
0,0,0.24909634159581756
0,0,0.2264774842047844
0,0,0.26338791803951905
1,0,0.3050660918187592
0,0,0.24580267207697443
0,0,0.29747822024342613
0,0,0.25270065985874923
0,0,0.29899880548211893
0,0,0.2937033210046869
0,0,0.24437049937560726
0,0,0.25663079190487875
0,0,0.28541156803141676
0,0,0.27717770200008296
3,0,0.3719752213031958
0,0,0.2940610210764718
0,0,0.2507333042876041
0,0,0.253974786270646
0,0,0.27258691768146676
0,0,0.2555281431384182
0,0,0.2653094632328549
0,0,0.28669573702133283
12,0,0.3780651379779488
5,0,0.33488004194978527
4,0,0.3956593863851344
0,0,0.2539869770173459
0,0,0.25953087333878994
0,0,0.2744883637503468
0,0,0.2435437548182701
0,0,0.21684666796670618
2,0,0.30049092848436326
0,0,0.28736459301337164
0,0,0.2691494791467508
3,2,0.45565622091368435
0,0,0.27008020536985194
43,0,0.4158087486151414
8,0,0.3554293644154734
0,0,0.2471427145531204
0,0,0.2723463424655544
2,0,0.312846933696455
0,0,0.2609851466946032
0,0,0.27257661727669463
0,0,0.2136007768679195
0,0,0.28782922379541004
0,0,0.2865160634298709
0,0,0.2811616074662129
0,0,0.21830689868337108
0,0,0.2766126129298613
0,0,0.2598043628620517
0,0,0.2733097874277467
0,0,0.2840997988755483
0,0,0.2813731059972211
1,0,0.3076656944764545
0,0,0.2266321730915558
0,0,0.2754227407510086
0,0,0.2678177385197091
90,3,0.5167811491543656
0,0,0.27450092238805
1,0,0.36783377863220884
0,0,0.27961519534649537
0,0,0.26640282517203284
0,0,0.2999170687518374
0,0,0.2889775545114617
0,0,0.2717747767102314
0,0,0.26384297287505293
7,0,0.3990439321465062
1,0,0.3191447017893826
0,0,0.2536940843037105
0,0,0.29339851359771724
0,0,0.23236278491759513
0,0,0.2863492343643369
0,0,0.25323571939565903
0,0,0.2936468653683197
0,0,0.2853234835167121
0,0,0.27911622680770143
0,0,0.24766357658926658
1,0,0.30763802702574733
0,0,0.2485912659564529
11,0,0.3123373626294333
0,0,0.2674109775173543
0,0,0.2745676553906795
0,0,0.2939630013012269
17,2,0.47595523488433644
6,0,0.35646242403896655
0,0,0.2569525795555827
0,0,0.2566532429434361
0,0,0.27842896503974257
0,0,0.2840920001087016
0,0,0.26052935538862293
48,0,0.4413586262574376
0,0,0.24662730317937992
0,0,0.2927970007797985
0,0,0.23912070356452086
41,0,0.39839633777787126
0,0,0.27505864031760324
70,3,0.5775752709418278
0,0,0.29804011209545733
0,0,0.2514094398633235
0,0,0.24802659189810955
0,0,0.2695862222679176
0,0,0.2614972743011008
0,0,0.2818759058147484
0,0,0.2428380046066907
0,0,0.2624872806560112
1,0,0.31907381740616736
0,0,0.26738624546383977
0,0,0.2774990425770151
0,0,0.29713992278091383
0,0,0.26727323511891116
0,0,0.2542616315047182
0,0,0.23791066909035088
0,0,0.25398736662069415
2,0,0.32503549073142124
0,0,0.27730809972320586
0,0,0.27224101051792593
0,0,0.290881803585943
0,0,0.2654894094845394
0,0,0.2777494348334134
1,0,0.30942587188959786
0,0,0.26151592541119856
0,0,0.2801006788456422
7,1,0.4537974898390198
3,0,0.3489624767351633
0,0,0.2836156032585571
6,1,0.4513538097232663
1,0,0.3258950101142112
1,0,0.30325397252640535
0,0,0.27602390200125165
0,0,0.27007475290167887
2,0,0.3016000006218734
17,1,0.4565600751918211
1,0,0.31800047227179723
0,0,0.2745313916672083
0,0,0.2687594371711137
0,0,0.23694361252955431
1,0,0.3016782793748272
0,0,0.2515244126423473
0,0,0.26656209330229175
0,0,0.25610068225669047
0,0,0.2606177828664034
0,0,0.26381736044090115
0,0,0.25268691280914357
0,0,0.27728558263260045
0,0,0.2433620472799879
0,0,0.260546935901871
0,0,0.23237428914159267
0,0,0.233046152676589
0,0,0.2934612896842829
59,0,0.43306547572992177
0,0,0.2361022946622834
0,0,0.28586441223537573
42,0,0.3899756923361079
4,0,0.3951252199616286
0,0,0.2647749779288102
6,0,0.4130211557820164
0,0,0.2561506904031157
0,0,0.2478304131233107
0,0,0.27315389305536375
2,0,0.30868312538699194
0,0,0.28069417554691384
0,0,0.26261713829482525
11,0,0.42837247328308214
0,0,0.23671261936151258
2,0,0.3141359754429596
0,0,0.2970956829537792
0,0,0.2630973092915061
8,0,0.34627815443275134
1,0,0.30035624727459354
0,0,0.2734483675743763
0,0,0.23452655294861213
0,0,0.2769154168263012
0,0,0.26085837352519403
2,0,0.3451068725876275
48,2,0.5103917055640336
4,0,0.3417883840706247
0,0,0.27344487060562206
0,0,0.2683541597779707
0,0,0.2711876872651899
0,0,0.25470314043957687
6,1,0.4588509694220932
0,0,0.2623546743852666
0,0,0.2853312941752765
3,0,0.4212057189182358
0,0,0.2940853695136626
1,0,0.30485476575437176
0,0,0.2585001038162163
1,0,0.3439842204155931
0,0,0.2494286219822158
0,0,0.2585560258376233
0,0,0.23777492997222338
0,0,0.28740752568353867
2,0,0.3197577519519674
0,0,0.25431151968272475
0,0,0.27268742163855975
0,0,0.27814351255644587
0,0,0.27014611479350364
4,0,0.31017203547953304
0,0,0.2999767753994626
3,0,0.30702199290014726
0,0,0.2517945265481881
0,0,0.26123188831394417
5,0,0.3196964268645392
0,0,0.26776657358207795
0,0,0.25907608676174465
1,0,0.3839556526264927
0,0,0.27475777965419224
0,0,0.2448480436276908
0,0,0.2959881752946814
0,0,0.27667400537873743
0,0,0.24386451483125357
1,0,0.35563357764023007
0,0,0.2677601864268618
0,0,0.29249288906209475
0,0,0.25717444016541696
0,0,0.2846976592710455
0,0,0.26341002921467366
0,0,0.29881148865563323
0,0,0.24673968481034256
0,0,0.23655038269872125
1,0,0.30581320854127025
0,0,0.2674736933334616
0,0,0.27658217873251584
4,0,0.4144326399815918
0,0,0.2547459724633586
2,0,0.3163038596013133
0,0,0.2629295816407925
0,0,0.29373254232792384
0,0,0.28275429576011707
0,0,0.23832565798802202
4,0,0.33628247515251486
2,0,0.30682543349912017
0,0,0.2786719239138631
2,0,0.33338774190725057
1,0,0.3003344929767594
0,0,0.2673259467419796
0,0,0.29103049775980244
0,0,0.2618367471918622
0,0,0.2764880388814492
0,0,0.28904182356575536
0,0,0.29198974744308553
0,0,0.24203332087885043
0,0,0.2703180865635488
0,0,0.2584339935318696
0,0,0.28460362641625386
0,0,0.2532611651824655
0,0,0.2550814360501319
0,0,0.24348407762156807
3,0,0.3872989340912919
0,0,0.25251148177382443
2,0,0.30526095611608967
0,0,0.275382042191154
0,0,0.27560055816791973
1,0,0.30476187173128577
0,0,0.2658142750121277
0,0,0.2937405179654615
8,0,0.30757751181282605
0,0,0.2469854183349628
10,2,0.5092088217594354
4,0,0.3971541616822493
3,0,0.37677862917053856
0,0,0.27424502450442834
0,0,0.25674853401677417
0,0,0.2803585881152536
0,0,0.25815491348222286
0,0,0.2848663527666051
0,0,0.2697349161469015
0,0,0.24608206794701942
0,0,0.28981375937081233
0,0,0.2665998375609445
3,0,0.3024485712731464
0,0,0.26502949762015776
0,0,0.2620445209188677
0,0,0.2851993305071788
0,0,0.24612154380804147
0,0,0.2567849577682844
0,0,0.2656697366375269
0,0,0.24043407299706315
0,0,0.2819477870098196
0,0,0.25857569566002514
0,0,0.2633810701006923
0,0,0.23365580912029585
5,0,0.32079884632872285
0,0,0.286105148808546
11,0,0.38962613339442875
0,0,0.2511907474835618
0,0,0.29453271415565424
0,0,0.29705301885345015
0,0,0.2341687664424762
0,0,0.2978856751791987
3,0,0.39819553166076527
0,0,0.20401474871849107
0,0,0.25274567890647814
0,0,0.27698358202190543
0,0,0.24604993787185592
0,0,0.26625397180087235
6,0,0.3616489955440981
0,0,0.23573408985534686
0,0,0.27663353200045837
0,0,0.2426473197415781
0,0,0.27799756846472784
2,0,0.30508222351571107
0,0,0.2487859855322806
60,3,0.48743300742550905
0,0,0.2824829943601262
0,0,0.28919912511249984
1,0,0.3032487865816647
0,0,0.2847423506732004
0,0,0.23471084309000886
0,0,0.24546887556095104
0,0,0.25554644551041894
0,0,0.27141173485046105
3,0,0.3136793821081352
0,0,0.27279454377517964
0,0,0.2529598672961388
3,0,0.316098625707919
5,0,0.3509567665970615
0,0,0.2580234584080623
29,0,0.3363898578198476
0,0,0.27044193033588193
0,0,0.2656107871751906
0,0,0.2520098252909866
0,0,0.2796709494575577
0,0,0.23523150813449278
15,0,0.4081760366439464
0,0,0.2658808066926585
0,0,0.27355584017930257
0,0,0.28042741655881587
0,0,0.21701262822195097
56,0,0.44417170051914934
0,0,0.28966672254459275
0,0,0.2826743255815106
0,0,0.2598056722779716
0,0,0.23084727866706728
0,0,0.27042569357862195
0,0,0.2921374099739556
0,0,0.258986089881957
0,0,0.28165845153777547
0,0,0.28120435948021927
3,0,0.3445682176124024
0,0,0.2779223399425338
0,0,0.285213331925844
0,0,0.25422934086810167
0,0,0.23675560142382018
70,2,0.5265894241685336
0,0,0.2585052323231053
0,0,0.2380595890740008
1,0,0.3049930640456957
0,0,0.2743105092947666
0,0,0.27496652773399843
0,0,0.25688118782409763
0,0,0.26887197028191123
0,0,0.27241353829244996
2,0,0.32343221319516646
6,0,0.4019664422614201
3,0,0.3272706147405746
0,0,0.2875731948370152
0,0,0.259878298321174
0,0,0.28241631217595636
0,0,0.29109734128015735
0,0,0.2517711227384316
0,0,0.27486017139103047
0,0,0.25017291750604403
0,0,0.2904809949093163
0,0,0.2613025914972131
0,0,0.28571691118521225
4,0,0.30978791310825926
1,0,0.38743085679902145
0,0,0.26002709960403636
0,0,0.25560758947835704
1,0,0.30167530497694217
4,0,0.34912444315328295
4,0,0.33806373814364915
0,0,0.27210417443398355
0,0,0.2820381326067204
0,0,0.25310222222280226
0,0,0.2994114493794177
2,0,0.30796239320122354
0,0,0.2711896760509721
0,0,0.291340626437737
12,0,0.36707519340264044
0,0,0.26077761703559993
0,0,0.23929508400953162
0,0,0.2977901274675205
0,0,0.259870939226389
0,0,0.2718243534059265
0,0,0.26678829527127773
0,0,0.26084246871534067
0,0,0.2236629367114289
2,0,0.3067754973228354
0,0,0.27762847339349433
3,0,0.3241038052743114
0,0,0.29332490783393633
1,0,0.3772049046132716
0,0,0.29345091130981826
2,0,0.35250935972454595
0,0,0.279069894961247
1,0,0.3405952414788988
0,0,0.2816794857953361
0,0,0.2880178328195425
0,0,0.2881937033133405
0,0,0.23740394683201732
0,0,0.29168280790535667
1,0,0.31113111917593095
0,0,0.2474850491494168
0,0,0.28535370151145373
0,0,0.25891892333181116
0,0,0.27745296471930486
0,0,0.29255744245053267
1,0,0.3035684780205189
0,0,0.2568036982065037
1,0,0.3912632106057271
45,0,0.3721558231306578
1,0,0.31104408454061844
7,0,0.34606343724505473
3,0,0.33401206689679946
0,0,0.2693289835599286
30,4,0.552186568661621
0,0,0.2777574210656781
0,0,0.2655612951595689
0,0,0.27126340373060676
1,0,0.39998607077926734
0,0,0.2605656962217948
11,0,0.3834178584126682
0,0,0.29169000845176263
0,0,0.2609163069575762
4,0,0.3145428944383564
19,0,0.41213122647299855
4,0,0.3142041574977067
0,0,0.2761921320788921
0,0,0.272981723239008
5,0,0.3498797481120516
0,0,0.23732760429138847
0,0,0.2899240772337283
0,0,0.29312586701600385
0,0,0.26032564171651595
0,0,0.28399346570826334
0,0,0.2631448753592605
11,0,0.38317854719116895
3,0,0.33752212574704643
1,0,0.3015480993176052
1,0,0.33053664453236253
0,0,0.2922459307485987
0,0,0.26478023937659456
1,0,0.35270911223635143
8,2,0.4953850359109184
0,0,0.2638888916547669
5,0,0.4168098711287644
0,0,0.25848950567769974
0,0,0.29105035933885587
0,0,0.2719687395746985
1,0,0.30532112859688854
0,0,0.2833420985546747
1,0,0.31964837946381086
0,0,0.29283567382466275
7,0,0.37105658682660986
0,0,0.2751000060106549
0,0,0.2582728485063647
0,0,0.289285101053828
0,0,0.2804476274120308
0,0,0.24278594478383891
0,0,0.2613913599576999
0,0,0.24620241647304314
0,0,0.2701185734302455
0,0,0.29231622316125355
0,0,0.26069841809317756
0,0,0.25667926223088516
0,0,0.28751355754121927
0,0,0.2215455769784591
0,0,0.26312309194294936
47,0,0.4451527258706367
0,0,0.252192196057308
2,0,0.3046161449431964
4,0,0.3689989373767067
0,0,0.2895444084937998
15,0,0.38877870490867705
0,0,0.275559809957679
0,0,0.26033463646634547
0,0,0.2703006994205539
9,0,0.3852322820934511
0,0,0.2751359483100757
0,0,0.26000067269726074
8,0,0.414025898289973
1,0,0.3234862962441219
0,0,0.2701935999089959
0,0,0.29303939444800264
0,0,0.26112672528500036
0,0,0.2649855906795785
3,0,0.3072131264000706
8,0,0.37805725023545034
1,0,0.3146431188431304
0,0,0.24337680537434017
0,0,0.28683979402542337
0,0,0.27174792022505057
0,0,0.2940569082091796
1,0,0.3368395132309672
0,0,0.2648241941302351
0,0,0.2511825749537446
0,0,0.26552330417669967
0,0,0.26625385064786355
0,0,0.250819131356925
1,0,0.30032813097944766
0,0,0.2708091573723747
0,0,0.2602683293963845
0,0,0.2663969060277061
0,0,0.2811590463702063
0,0,0.2659301008315782
2,0,0.3098186830045417
1,0,0.3371446506100691
0,0,0.27087349598886623
0,0,0.26553881098923343
0,0,0.25531829737696693
0,0,0.26864836860343355
0,0,0.21985387078117027
1,0,0.33349129637194797
0,0,0.296366041856089
1,0,0.31379635175855125
1,0,0.3092841968569522
0,0,0.2465712751985756
1,0,0.30207370805552947
0,0,0.25276285459834064
0,0,0.26908217491873876
33,0,0.40463917611054506
10,0,0.3638509219935181
0,0,0.26505385915285656
1,0,0.3054739866582727
0,0,0.27719228998502327
1,0,0.31872025170509616
0,0,0.2711953022049042
0,0,0.25746653551331244
0,0,0.2633644174630549
0,0,0.2338490008162858
0,0,0.24389510959000918
