n_gt_030,n_gt_045,global_max_absCC
0,0,0.16721896269338918
0,0,0.254569550327926
1,1,0.6612776220150562
1,0,0.3163977161429241
1,0,0.30150874005207867
0,0,0.240098645776413
2,0,0.3577242484806494
0,0,0.2771849984369176
2,0,0.33867904409181293
2,0,0.3439142873178413
0,0,0.17946548895190986
0,0,0.16690005454780543
0,0,0.22516437102793507
0,0,0.23931195920888595
0,0,0.29026167247811385
9,1,0.523200158991604
5,0,0.44204609462735583
2,1,0.6390077287487085
16,4,0.5020456197378123
0,0,0.29862882758068543
0,0,0.27026389317154675
0,0,0.18885644989172737
0,0,0.20856121681134954
2,1,0.4890485631069712
4,2,0.5353433452536359
2,0,0.41151087151042476
0,0,0.25735025043032506
4,0,0.32258926891084144
0,0,0.2538620396800037
1,0,0.30062981417213974
0,0,0.22233721036498574
50,2,0.5260034334302315
0,0,0.18946084059155985
0,0,0.2611199128988785
0,0,0.16251802544303354
8,3,0.4843779002744942
0,0,0.26611121601695903
0,0,0.24938812010610598
6,1,0.5301812775934269
1,0,0.35990987193324625
0,0,0.25652594182517297
0,0,0.2528494310167864
3,0,0.3808106479306867
0,0,0.29932844371385475
0,0,0.15438383642650363
0,0,0.18461771722450063
131,33,0.7476710182383123
23,2,0.5189397908213522
0,0,0.25955794877057675
1,0,0.4245991221322811
0,0,0.22484474017775657
0,0,0.2207593313051667
1,0,0.33694741499036096
0,0,0.28266629111300845
0,0,0.24998949790095254
6,0,0.44094852991042166
0,0,0.24951895800769827
1,0,0.3680582777806172
0,0,0.19912970157753757
0,0,0.19036557089693737
0,0,0.17076428884589012
0,0,0.20217724517371116
2,1,0.5085834825201397
1,0,0.39687204489352945
0,0,0.22152161700204395
0,0,0.19037813755370916
1,0,0.39852017928200056
0,0,0.240085370999626
0,0,0.2317581243887959
13,1,0.46123679671960616
0,0,0.16403832860301418
1,1,0.5516911488760157
0,0,0.2265465793326431
1,0,0.3462129902768333
2,0,0.31285941837382386
1,0,0.3918883249963281
0,0,0.26529692557841206
0,0,0.2302786393018227
0,0,0.24720701400272344
1,0,0.3690312977047642
1,0,0.43935908070558594
0,0,0.1678260732521212
0,0,0.23591321595721346
0,0,0.2128691232484101
0,0,0.22049801024426444
0,0,0.19193743495862955
3,0,0.31453978992494885
0,0,0.21008388170917358
0,0,0.24004708783248996
85,14,0.6794411298549828
0,0,0.24914946146783165
1,0,0.36143282499196927
0,0,0.23640105172806786
1,0,0.4240522230621797
0,0,0.2711296138194941
18,2,0.6474920582214265
0,0,0.2765582395289287
1,0,0.3272837619162751
0,0,0.2569730085093286
0,0,0.265479582943208
5,1,0.5268496246743835
0,0,0.1869254959966329
0,0,0.2669627889511492
0,0,0.19664899529716284
0,0,0.2868229143969955
2,0,0.3131977008700545
1,0,0.316274663788755
24,7,0.7036474346770325
3,1,0.5082751673357803
1,0,0.3704224668798512
0,0,0.21091355685912808
0,0,0.26949433690207647
0,0,0.19536148750488527
0,0,0.19041608566222967
0,0,0.20970318868640495
10,0,0.3480323238483647
1,0,0.31165770386790276
0,0,0.15147907069262592
2,0,0.43177866218950645
0,0,0.19399507479714437
0,0,0.26431606577216127
0,0,0.23676916310608626
0,0,0.16092673586292455
2,0,0.32170987090107045
1,0,0.3243891142466376
0,0,0.27064700690986826
0,0,0.2840697232007751
0,0,0.29752235105984737
0,0,0.27133723480328026
2,1,0.47813819179204076
0,0,0.25266102888226827
6,0,0.420947597067074
0,0,0.28275849542102793
0,0,0.2064325607366897
0,0,0.26366616521830305
0,0,0.1869426914869819
2,0,0.30171325634774865
1,0,0.340947654992183
0,0,0.19620465479359375
0,0,0.21684582410065098
0,0,0.2965052289897969
2,0,0.3103177709637133
6,2,0.7051258731292569
30,0,0.3951770616628344
0,0,0.25251969099751786
0,0,0.1677651497457759
2,0,0.4097530677817391
5,0,0.32566476000372796
0,0,0.2185953590835771
0,0,0.2363076320352317
0,0,0.2888435452688988
30,6,0.5277155859059552
1,0,0.39771463758580755
0,0,0.19820553452552392
0,0,0.16594812412443824
1,0,0.33134464915369344
0,0,0.2179544048209848
0,0,0.23714665062060994
0,0,0.28910835312913574
3,0,0.3489091127028763
0,0,0.20003843835831894
0,0,0.23065748883332965
9,0,0.37492361518088557
0,0,0.28716326806637926
0,0,0.2595590622408009
0,0,0.23553682155576847
0,0,0.1943730078050575
1,0,0.3027884679996454
0,0,0.2711250132798314
0,0,0.29507775877157255
0,0,0.2760611116519885
0,0,0.1919845694003752
0,0,0.2751702901880227
0,0,0.1664847091291517
1,0,0.3279940902662952
0,0,0.2785511223278684
0,0,0.17492429652316593
0,0,0.24398551668342644
1,0,0.3309884416943122
1,0,0.3775886103971952
1,0,0.3527308930528643
2,2,0.7699306587225149
0,0,0.29812709382042357
0,0,0.2025464294904654
0,0,0.236717978839051
0,0,0.25379721736252225
0,0,0.28447294983112986
0,0,0.14272227269950252
2,0,0.38885470894339025
0,0,0.2933360073768483
0,0,0.16951374356831744
0,0,0.2247418862862279
0,0,0.24705756857463299
0,0,0.2567748690970018
1,0,0.3779239750028943
0,0,0.18408283646306497
1,0,0.35213674510471105
0,0,0.17309006255503914
1,0,0.32838505340365975
0,0,0.2763634975215842
0,0,0.2662787206847789
0,0,0.25146499344399253
0,0,0.28542795103918434
54,4,0.5893692398816112
1,0,0.3899124391410357
0,0,0.22273433183759414
4,0,0.3692752731555228
0,0,0.2379320848280722
2,2,0.5241295045533206
0,0,0.2073384048561673
1,0,0.33728153422831536
0,0,0.20406965023521445
0,0,0.1974840706487911
2,0,0.3565907607349287
0,0,0.24358114219717764
1,0,0.3378721679702105
0,0,0.24184232299369132
0,0,0.20791872093092856
1,0,0.33788225257443505
0,0,0.2745772174725665
1,0,0.3557295503558195
1,0,0.30580995227272517
0,0,0.24774975666278382
0,0,0.28020329786078646
36,4,0.5685683501840926
0,0,0.29448330799018557
0,0,0.2556043260487771
1,0,0.43445744761880273
36,2,0.5189612727554059
0,0,0.18449104283442402
0,0,0.29925257446878073
0,0,0.19127982422057876
2,0,0.33541654801361426
0,0,0.20583253062088278
4,0,0.4116558345784123
1,0,0.31005567446278426
1,0,0.354637270219622
0,0,0.18749301439093258
2,1,0.45600026454025144
1,0,0.44850033280807344
0,0,0.23670707454460904
0,0,0.2722626244906862
7,1,0.5213427376653665
0,0,0.15311132650993706
35,0,0.3869264486522507
0,0,0.275732954803873
0,0,0.2665063725301788
0,0,0.2760265799624638
0,0,0.22229934632983225
1,0,0.32670862874633533
4,1,0.5063985340707157
0,0,0.2863355288681138
1,0,0.379738692183189
1,0,0.41607903999548457
0,0,0.2667051077745087
0,0,0.22579196477276983
1,0,0.424692387705378
17,3,0.5536071209031769
0,0,0.20881829600124194
3,0,0.3370073065524794
5,0,0.43338828214337005
1,0,0.38107655704038296
1,0,0.30478645556522976
0,0,0.1589658955476082
0,0,0.2251583195252232
0,0,0.2180557846170823
0,0,0.24270653712796272
1,0,0.38848394361052613
0,0,0.22800922184947844
3,0,0.3231031900162782
0,0,0.22712510224488092
0,0,0.1535508278062735
1,0,0.35835403764947
9,2,0.5113467295133022
0,0,0.18637531538614566
1,0,0.3206578522827182
0,0,0.23821877688302562
0,0,0.16901936394689143
0,0,0.18091939190964215
2,1,0.4933940557587536
9,1,0.5975084924837484
0,0,0.18266926420895732
0,0,0.22756740965976877
0,0,0.26813831779052605
6,0,0.4438753063086146
0,0,0.26395046794131516
0,0,0.23486166387735946
0,0,0.18243283950483272
0,0,0.24331901729701474
0,0,0.2513005087644253
0,0,0.18465206481045837
2,1,0.47113418166186083
0,0,0.26252071956595935
0,0,0.2811721730547565
0,0,0.24567867840475144
0,0,0.22992295282364442
0,0,0.22955292743188527
1,0,0.3055983140161615
1,0,0.30078458293699895
0,0,0.2162370962841202
3,1,0.5294896475228106
0,0,0.278012739200475
0,0,0.21836748876855885
3,0,0.3182395163411377
7,0,0.3723911885369538
2,0,0.42601640502260296
1,0,0.368564555077912
0,0,0.18652501604452476
0,0,0.28014552192838915
7,0,0.44630739560375343
1,0,0.32788504853800565
1,0,0.30498226245805093
0,0,0.23347971626327577
0,0,0.2545674061621528
1,1,0.513782469653906
0,0,0.27778203186745715
1,0,0.30884847758914574
0,0,0.2178446638278266
0,0,0.21533726445978016
0,0,0.1736093014440139
0,0,0.24593752464277524
19,0,0.3792789830001089
0,0,0.27382937214726305
1,0,0.3002587843598362
20,2,0.4903585982770551
0,0,0.24752170612979693
0,0,0.20333582721397314
0,0,0.2220330931767497
1,0,0.3015056988210877
6,0,0.44127538591199844
4,0,0.34312224163138966
97,2,0.4983997017299281
0,0,0.20183467502987518
4,0,0.40007796166799836
1,0,0.3212367030142002
0,0,0.18835956319125038
0,0,0.2852215788568803
0,0,0.18191783010084248
0,0,0.1739098384073954
2,0,0.4357446523687882
0,0,0.28271474230488025
2,0,0.4246531692481294
0,0,0.25834080743689425
0,0,0.24895747979439872
0,0,0.20629714162378135
5,0,0.37666778703066245
12,6,0.7101832851372996
2,0,0.36390537141152235
2,0,0.34226548873337753
1,0,0.32913838934004447
1,0,0.334466214728842
0,0,0.24361444466529356
14,2,0.615530562914316
1,0,0.3422074816433751
1,0,0.31477907186918974
0,0,0.1718401753369091
0,0,0.253604518713793
0,0,0.19010572784146054
7,0,0.4186909353186823
4,0,0.3544087710639933
0,0,0.21027217792564773
0,0,0.237682965912659
1,0,0.30925407076091516
2,0,0.31795638689164435
0,0,0.251827853194233
0,0,0.2313448451412678
2,0,0.32730547969686763
0,0,0.2914726255936325
1,0,0.36410798871282346
0,0,0.2737417776264076
0,0,0.25088026683037984
0,0,0.25620606653719985
0,0,0.2683914364604233
16,4,0.6738236990383761
3,1,0.46893913419595923
0,0,0.23647734353926347
1,0,0.342689327091171
0,0,0.2937635329760245
0,0,0.15620670792354424
6,1,0.5710305025934911
4,0,0.374838659727524
0,0,0.22962008862563144
0,0,0.19485439155690687
7,0,0.38846064017299564
0,0,0.22457219296003791
6,1,0.5112223919817763
0,0,0.22552303816011052
0,0,0.1974179314515765
0,0,0.22040672452657037
0,0,0.26436131148756425
0,0,0.27616688968218184
0,0,0.20340762256304784
62,4,0.5827275708129456
4,0,0.3228465171049564
0,0,0.2708698731660278
3,0,0.3582131784461969
0,0,0.16374023496228385
1,0,0.35161068319420247
1,0,0.3631014805033026
0,0,0.2536003051126358
3,0,0.34497890795012
2,0,0.30066892062286055
1,0,0.387196565167767
2,0,0.37988921449683494
2,1,0.6562335095062187
1,0,0.3025575816405644
1,0,0.3520602303112176
0,0,0.19006686964596078
3,1,0.4811409884084597
0,0,0.26019259044936205
1,0,0.3059219369544996
0,0,0.23824438423890174
0,0,0.26606926009261883
0,0,0.2912217250823554
0,0,0.29955443783834995
0,0,0.2590183172497511
1,0,0.34508821462470773
1,0,0.33326417509651546
0,0,0.2495044178635343
0,0,0.2699411380897992
0,0,0.282884883061975
0,0,0.29418467133222687
1,0,0.3324303482940914
3,0,0.3492468815609448
6,1,0.4672273951655744
0,0,0.21571882208474638
0,0,0.19751013402885653
0,0,0.21359265153565615
0,0,0.27575904835949483
1,0,0.3106700280593583
1,0,0.3644905950243509
1,0,0.30951990481026453
1,0,0.43968186989751523
1,0,0.30840858506278646
0,0,0.2789550349942729
0,0,0.17937841660746598
1,0,0.3065673625623228
0,0,0.22980555520721666
1,0,0.3072469726736608
0,0,0.2862814401504328
0,0,0.17258164203055953
0,0,0.2630273665338638
0,0,0.2752255059254063
1,0,0.3077697911138383
0,0,0.2854711222305716
0,0,0.27280143709584287
8,0,0.4207486471233186
0,0,0.23064924493329927
0,0,0.28585041831767866
1,0,0.37270973412528957
0,0,0.2765229098307498
0,0,0.25351897048479133
2,0,0.3144296423584185
0,0,0.27214862088275243
0,0,0.2574211705633266
4,0,0.3616316042718169
0,0,0.2551026721002196
0,0,0.211186952262762
0,0,0.2990028978696153
0,0,0.2545890713820719
7,0,0.39505266019988794
0,0,0.29525890572583063
1,0,0.3192630019955503
0,0,0.27772097104244436
0,0,0.2529959627713841
0,0,0.2818931852467931
1,1,0.47645703424047603
3,0,0.40790926343833395
2,0,0.3897063317857035
0,0,0.19022675676648626
2,0,0.41952289673424675
0,0,0.2139894741268429
0,0,0.25763075073733804
0,0,0.20734697744454778
0,0,0.1477709603524258
0,0,0.27063928816319877
0,0,0.18195980876779452
0,0,0.2086757973618665
0,0,0.19852171107090805
6,0,0.4139085191507319
0,0,0.21553584943843324
0,0,0.2045184159412415
0,0,0.2243630382524333
0,0,0.24353061121541894
16,0,0.43974379323083607
0,0,0.263739883388998
4,0,0.37783057412044907
2,0,0.3782395991540114
0,0,0.29934927169193903
1,0,0.4117836810204104
0,0,0.2564836251271339
2,0,0.32330676944904996
0,0,0.2372316220361551
6,0,0.440675138707307
0,0,0.21660172676958644
0,0,0.17318473080188992
0,0,0.23482120734741974
1,0,0.3059682721841562
0,0,0.26535719164130395
0,0,0.238033795030165
0,0,0.2622659161263989
0,0,0.2826194932577337
0,0,0.25242902012237817
1,0,0.3177377653755365
0,0,0.25977482983885236
0,0,0.2585649054877175
0,0,0.17508640321503954
0,0,0.2654437948477447
1,0,0.3016947394445165
1,0,0.3048892949929462
0,0,0.22092766098508526
0,0,0.19315638046359224
2,0,0.3238943929126227
3,0,0.34760027662291537
1,0,0.34363956109684385
0,0,0.25179533808317556
0,0,0.2730859954678185
2,0,0.3622688026214605
0,0,0.2871025097047564
1,0,0.3674647558946267
0,0,0.23796166570083815
0,0,0.28378051189484965
0,0,0.17682868086613507
2,0,0.40078227435188973
0,0,0.18829025247005202
0,0,0.2841222369966297
2,0,0.3491394397877581
1,1,0.47039172816753655
0,0,0.287746923116717
0,0,0.2758609258269287
0,0,0.26948389610160434
0,0,0.16655790112072633
0,0,0.18138296313957825
16,5,0.7870599535954516
10,2,0.5977040207680626
12,3,0.5713456777147351
0,0,0.15550035550389052
4,1,0.46578137002190256
0,0,0.28908340358521556
0,0,0.2462750464160899
8,0,0.4016480925580563
0,0,0.24109594430770778
3,0,0.37262049752114196
0,0,0.2592446573677104
7,1,0.49637038244879356
0,0,0.21218173731275208
0,0,0.16785528154192758
3,0,0.37038750307268414
2,0,0.3163987411753371
0,0,0.22896852473772736
3,0,0.3736057229479052
3,0,0.34865148344801555
1,1,0.6354688207052078
0,0,0.2554724479390919
1,0,0.3891429876118112
0,0,0.16918163990497995
28,2,0.5476660004057008
0,0,0.17857449096737713
35,2,0.5311007327931475
3,0,0.3504886995145179
0,0,0.19598848820237713
0,0,0.16887393358042044
1,0,0.323006793239875
0,0,0.2974754657407101
2,0,0.34128376589366044
0,0,0.23525877658710148
0,0,0.21385862580341825
1,0,0.35291334633448107
1,0,0.32263562429210957
2,0,0.42043727765222333
0,0,0.27448040484643044
0,0,0.21381024426404055
14,2,0.5217489126160517
1,0,0.3240621077757206
0,0,0.20273505946140322
0,0,0.25403947725741266
2,0,0.3601364823268551
3,0,0.33234513261126725
0,0,0.2258837648308006
5,0,0.35355839786183835
0,0,0.23021212838012062
0,0,0.2698906784915
0,0,0.24803195359581168
0,0,0.2017485074723513
5,0,0.387925311414152
0,0,0.18643199558727033
3,0,0.35263357271434503
40,8,0.8951708625591881
1,0,0.3222295428784189
0,0,0.2630874016772563
0,0,0.2306018964474273
0,0,0.2244996187144125
0,0,0.2086578581123055
0,0,0.2243681401614793
0,0,0.27004045852170694
1,0,0.3111955086926046
0,0,0.2124426743892528
1,0,0.306891047527817
0,0,0.29192145488401167
0,0,0.21578145090417153
0,0,0.2881997852893917
0,0,0.24863617566485113
0,0,0.2964281734726464
1,0,0.3624168192348962
0,0,0.19215438760404469
0,0,0.22476935111454974
0,0,0.24627733273709343
0,0,0.21319014427008265
0,0,0.22835733893048488
0,0,0.19569429519842174
1,0,0.3170502297422852
0,0,0.23827818289472485
1,1,0.581120988835126
0,0,0.18199983098216918
0,0,0.2218532650802533
0,0,0.2251905464030849
2,0,0.3373882680244065
1,0,0.3007060028799612
0,0,0.16699413436037733
11,1,0.4809559595557122
1,0,0.30070576300837737
0,0,0.1808503615752089
0,0,0.22402957634692622
0,0,0.23315273898885325
0,0,0.23440988101124813
2,0,0.3318177438677187
0,0,0.2971776743124816
2,0,0.43485871152943184
21,0,0.4219141108001496
9,0,0.4141518355495853
0,0,0.25435148192640816
1,0,0.3733271737018861
0,0,0.29355974225464404
1,0,0.3139944100904023
0,0,0.24772693837047388
4,0,0.40372264911466976
0,0,0.23643532485154206
0,0,0.2014765942345217
3,1,0.4716526863521259
0,0,0.18735073019561174
0,0,0.2702565968446775
0,0,0.25047679716631116
7,2,0.5045531801805929
0,0,0.21970942767820334
0,0,0.2644704782043899
0,0,0.2091360522109299
1,0,0.3529492494042948
0,0,0.2521464589295554
0,0,0.22782806593825522
21,6,0.6749306076490021
0,0,0.18720469839153056
1,0,0.3156335471248351
0,0,0.17979860886165855
9,2,0.5704439257926953
0,0,0.2636585445134988
2,0,0.3411802511642821
0,0,0.207649598958668
0,0,0.15973741079427858
2,0,0.3322453333676732
128,66,0.7430192829544455
0,0,0.2074426413909091
2,0,0.34927588093475376
0,0,0.25400586885458937
0,0,0.17260491303967898
0,0,0.2141957156211912
0,0,0.29006114012950046
0,0,0.24645398330365909
0,0,0.17802304820113382
0,0,0.22323677819401982
0,0,0.20201130333630335
0,0,0.2593374029984997
0,0,0.2671938229369171
0,0,0.265739641802204
0,0,0.212604028994501
0,0,0.2836714922085154
5,0,0.4380591323279722
0,0,0.29528048229564957
0,0,0.18418297299118525
4,0,0.4273599016641275
0,0,0.2513236347686017
0,0,0.1758309607242356
0,0,0.2696672694600011
0,0,0.24276830289480536
0,0,0.2203549812829631
1,0,0.30143440531600785
0,0,0.18512497966779665
0,0,0.2419367126139156
4,0,0.35651604728023
0,0,0.2502462366537337
0,0,0.27412934380031034
0,0,0.22670519736601122
0,0,0.2500076091323349
8,1,0.613376017809615
0,0,0.22853002191690552
1,0,0.3226990502320756
2,0,0.3687620210283455
20,3,0.5595488840528304
0,0,0.25609846475969783
0,0,0.26112411824038173
2,0,0.33143062709269994
55,4,0.5663210220165925
0,0,0.17807258231238882
5,0,0.36747867141835155
0,0,0.19708082178215003
1,0,0.30344793218849436
2,0,0.39596710685173503
36,2,0.45854470465522723
0,0,0.16981506859346646
3,0,0.4102698060427141
0,0,0.1705717097191332
2,0,0.31963282936419307
0,0,0.2594508525630567
0,0,0.28338731053095023
6,0,0.3928922615699343
82,5,0.5705799782414797
0,0,0.2032202509694542
0,0,0.2778066057777672
0,0,0.2743822183140792
7,1,0.5211218429335905
3,1,0.563240328636181
0,0,0.16709930273626397
1,0,0.3410060062726204
1,0,0.3659348152427511
0,0,0.2094188111589803
20,2,0.4744094435736276
3,0,0.3406934539228159
3,0,0.39772804049064525
0,0,0.16187867228429761
2,0,0.3525868009655544
0,0,0.21721276476504808
0,0,0.2188643208196751
0,0,0.2234294716452217
1,0,0.32867702198152554
67,3,0.5456254981880488
4,1,0.46263719396040026
1,0,0.3312711661894831
1,0,0.34456894007181205
0,0,0.2406509264621961
0,0,0.22726398768237038
0,0,0.19475512027691608
0,0,0.22237257841140995
0,0,0.21450392309099098
3,0,0.33894301814660804
0,0,0.22263688625517056
0,0,0.22563759367470002
0,0,0.20722376865919065
5,0,0.39523463624984184
0,0,0.2665940532352567
0,0,0.28119584833187705
0,0,0.287635212824088
4,2,0.585873098361871
0,0,0.29060108498611437
0,0,0.28753810075786534
1,0,0.3212686901913181
0,0,0.17972263181458248
0,0,0.24947310023823702
0,0,0.29243806445756326
8,0,0.39375617507254546
1,0,0.3665405983116932
0,0,0.2957485117742293
0,0,0.23267982319320235
0,0,0.2239476842806565
1,0,0.33397185708806026
5,1,0.5061897651733809
0,0,0.28468874132067445
0,0,0.19704430246212262
0,0,0.19303331220653655
1,1,0.507724216274201
5,0,0.438723228595963
3,0,0.3629252900366819
2,0,0.44179401535114066
2,0,0.4237288283193204
1,0,0.3023618558605966
1,0,0.4377944248845674
24,3,0.5019402407358945
0,0,0.18245211382758822
0,0,0.29982809311121733
3,0,0.4090797366510213
1,1,0.49958421626160276
0,0,0.21632032613483287
1,0,0.3130702339965895
19,1,0.4651163579606354
1,0,0.3255969469806769
0,0,0.26845546527972824
0,0,0.25150070313307515
0,0,0.27769615316213864
0,0,0.2089098340565568
11,0,0.437190515911968
1,0,0.4243784270480588
0,0,0.18749850273171098
0,0,0.18226891186899744
0,0,0.2171016258853302
1,0,0.31238873990696997
0,0,0.19067124591350704
0,0,0.25453939586592195
0,0,0.23800421976016128
1,0,0.3128207893663681
1,0,0.3101600366301422
7,0,0.36889986151209037
0,0,0.2260673239553139
0,0,0.20121916981531113
0,0,0.22986061337848104
0,0,0.21523212284813656
2,0,0.3905574067058312
0,0,0.20855215890307463
1,1,0.6249486131743565
2,1,0.48217951083819655
3,0,0.3617587537703083
0,0,0.15561423768414603
3,1,0.47877940371221434
54,2,0.5331471258426249
133,44,0.7673776318235965
2,0,0.3120275674036152
0,0,0.18758559757973922
0,0,0.19285276360604858
0,0,0.2174062002859419
0,0,0.18646057799845256
0,0,0.269692115122361
0,0,0.18787440291760352
7,0,0.3969649624551442
0,0,0.18961863866837625
2,0,0.3985467116996018
0,0,0.2953311986397292
0,0,0.176617108897018
54,3,0.550288360739926
2,0,0.3597743423524627
9,0,0.37398494827277273
0,0,0.2678907344623838
0,0,0.2880177983783588
0,0,0.2768619104135502
0,0,0.265805333473751
0,0,0.1992695610230424
1,0,0.3687112933173201
0,0,0.2985690548304608
2,0,0.32049254803501337
0,0,0.1990447516169589
0,0,0.1996193264466659
0,0,0.25235709581745364
0,0,0.21937731783818412
4,0,0.4436421134789587
0,0,0.21590625368954228
0,0,0.1862440070876943
0,0,0.24578579739698161
2,0,0.320539507774505
4,1,0.47289127799775843
2,0,0.38967896466082624
0,0,0.27905550818899144
0,0,0.2597861498714523
0,0,0.2918960220814978
15,4,0.6032985951306465
0,0,0.22344708674599492
0,0,0.2416715112059493
0,0,0.22455250501644503
2,0,0.3899840109991226
0,0,0.19620266518195556
1,0,0.42095467090341104
1,0,0.3579297109004842
2,0,0.32392195336709295
40,0,0.4395877665474993
0,0,0.20962714251608439
0,0,0.1702924935114962
1,0,0.308689419748034
2,0,0.44060071459706057
1,0,0.31817457648489395
2,0,0.3412951724331623
0,0,0.23290070323244336
0,0,0.24759555873949515
0,0,0.22962019526109292
21,3,0.5798083027436036
0,0,0.28292061628339615
0,0,0.16212466520008473
0,0,0.19077459777030953
0,0,0.18059433579278808
0,0,0.28049095610738717
0,0,0.28578731397171997
0,0,0.15843842555870166
2,0,0.3247524872413183
1,0,0.30327145392503174
4,0,0.384766351280174
0,0,0.17894943550778147
5,1,0.4744579739074355
0,0,0.24221006434360512
5,0,0.37078626466066866
0,0,0.24197658938075656
0,0,0.26540575602113853
3,0,0.3669852906427919
0,0,0.24948945495565458
0,0,0.2838764661922304
9,0,0.3797036190292479
1,0,0.30055728861172465
1,0,0.3415921005795728
0,0,0.22362454991765798
0,0,0.2547298238061764
0,0,0.23571032138724654
2,1,0.5559825047492324
7,0,0.36480225637492875
0,0,0.24886849079955742
0,0,0.21333554543024968
1,1,0.8944684282291794
0,0,0.22080875028785543
3,0,0.43410621016713397
0,0,0.2916586463305131
0,0,0.24413800369802857
0,0,0.2511536454027207
0,0,0.2388865526440272
0,0,0.1507572753710832
0,0,0.2917097786812009
0,0,0.24500588670335882
0,0,0.24364994100434337
0,0,0.24677620797757055
0,0,0.19697060748201087
0,0,0.16997285598830786
0,0,0.21140210813620594
0,0,0.18731277049299366
3,0,0.3215186431618238
0,0,0.25074120813611334
0,0,0.17230327306905968
1,0,0.3343374636439377
8,1,0.49927399598089833
0,0,0.2658625211915948
0,0,0.21158483192122907
0,0,0.20019897834581762
1,0,0.40662586129120765
14,2,0.6249973737554075
1,0,0.3843887359541935
0,0,0.2091134997609108
1,0,0.31432216499203425
0,0,0.24321572475441428
0,0,0.2368180216489431
0,0,0.20375737952759376
5,0,0.3675767086009596
5,0,0.37688189396861144
9,0,0.4212651471281165
1,1,0.49878722220616306
0,0,0.18046219247765719
0,0,0.24680733207966818
0,0,0.2083960985207076
0,0,0.24120763491132355
0,0,0.23304187964742487
1,0,0.3053589724015986
0,0,0.265029762095561
2,0,0.37076469585463256
1,0,0.3546770513451162
0,0,0.2965949548234518
0,0,0.2253088187680687
0,0,0.19475428954451532
0,0,0.25339716281075786
1,0,0.3852287122719751
1,0,0.31678139657293825
5,0,0.44602999966272094
10,1,0.6385241794737436
7,0,0.3889952276115223
0,0,0.22864498095132915
3,0,0.34395661794344806
1,0,0.30566472197707245
2,2,0.48821861782846343
0,0,0.1706516534450594
5,0,0.4201596636103397
4,0,0.39823214844974036
0,0,0.1675943937393672
0,0,0.23392225028297617
0,0,0.24754147356611503
2,0,0.30771201036857393
2,0,0.3129427253432655
0,0,0.29957969162873377
4,0,0.3804153928500524
0,0,0.2531070906660898
0,0,0.2024456912380883
58,3,0.5604017557911302
2,0,0.3184505659987318
0,0,0.2812029759116875
0,0,0.17702538785238806
2,0,0.3445244254758975
1,0,0.32685646003509
34,1,0.45666628096980455
1,0,0.4019635490509889
0,0,0.1573496146838433
0,0,0.282066755615799
0,0,0.22615476227646292
0,0,0.27224779074791156
0,0,0.2309812246598517
0,0,0.20223786508326436
0,0,0.15029951946180808
1,0,0.3533932582746344
0,0,0.20951568490953199
0,0,0.2697423919319329
0,0,0.2555290974898707
0,0,0.23115501698411364
0,0,0.2063305997777526
0,0,0.2831974035327202
0,0,0.2752488403871456
0,0,0.2505989364035205
0,0,0.2556691288008677
0,0,0.22618955064636245
4,0,0.337219525571656
0,0,0.25262410216771625
1,0,0.3638164817781647
0,0,0.18600342092999345
10,0,0.393819259847041
2,0,0.3530758377752847
1,0,0.3312376196651625
0,0,0.29037602895841835
0,0,0.17298825882589325
0,0,0.2920502596419175
0,0,0.19093499245014672
0,0,0.20365948070911713
1,0,0.35529707908286356
0,0,0.28779391837961305
0,0,0.27652497795005176
1,0,0.3762987232967425
0,0,0.24997134998569487
0,0,0.27225292469383344
0,0,0.2586950505538187
0,0,0.22239695657369157
1,0,0.34102232952762823
0,0,0.2432893777444855
1,0,0.3347852581624161
0,0,0.1936963019160817
1,0,0.39402889025630833
0,0,0.21602715362362102
3,0,0.30379044515200265
0,0,0.26814583998763986
0,0,0.21247200781114
1,0,0.31914308291258603
0,0,0.17659577118942357
0,0,0.26455510014415556
4,0,0.3365887341118991
0,0,0.27491838151995474
0,0,0.2539959399488718
1,1,0.4959639450719784
0,0,0.21219353124646848
0,0,0.24660189543093694
0,0,0.18152413692193378
5,0,0.38146610879110704
0,0,0.28013653009593315
4,0,0.3654506002331415
14,1,0.45703334448177185
1,0,0.3340862500538265
0,0,0.21784342952154834
0,0,0.250585237248186
0,0,0.18088728783783303
1,0,0.3716711057657969
6,1,0.5328726323607118
0,0,0.15676918003010107
0,0,0.18594128726596715
1,0,0.4044507577350587
0,0,0.19695466598992134
0,0,0.2349057497069493
0,0,0.2053421075360202
1,0,0.3203839686117515
0,0,0.23486365605892123
1,0,0.3019755600190264
3,0,0.3454891208797817
0,0,0.23841931948464629
0,0,0.24083815383862897
0,0,0.19080568010655577
0,0,0.1913560782575752
1,0,0.39705381338295415
0,0,0.26213691119510596
0,0,0.20943786143562085
1,0,0.311529907492669
0,0,0.1888950680033698
21,0,0.4376821694887959
1,0,0.3650630701716418
0,0,0.2641235176993305
1,0,0.3778440179814815
4,0,0.32851277093464587
1,0,0.41692043384831257
0,0,0.25566057236259826
0,0,0.27294942128140615
2,0,0.32242958461002924
1,0,0.42928074212213196
0,0,0.26155059844644374
0,0,0.24489575205278963
0,0,0.24232326700696036
1,0,0.38178902032326895
1,0,0.30525931540937484
1,0,0.32155790457265243
0,0,0.2840037548307617
0,0,0.2719025605042873
1,1,0.5833691910981291
0,0,0.2918883319933114
0,0,0.261039787015018
0,0,0.24985364110793884
0,0,0.22229372712440362
0,0,0.2384121785481279
0,0,0.28582135742724574
0,0,0.1979779042529957
0,0,0.24504986485797178
2,0,0.3929432539903261
0,0,0.2835117019953422
0,0,0.20947855067921006
1,0,0.36064944976927055
4,1,0.5847606850339547
0,0,0.280750635956526
6,0,0.405244228245218
0,0,0.1562412323151201
3,1,0.5569076643559171
0,0,0.16173622121084455
0,0,0.2899331224381868
0,0,0.21935516473082173
6,1,0.5303810394140945
0,0,0.271260057844946
1,0,0.30597331497377545
0,0,0.20949709088752003
5,0,0.41410070631461093
1,0,0.3586154458653756
6,1,0.46050382323433525
0,0,0.2433393619755571
0,0,0.1820325217065984
0,0,0.28990013971468426
1,0,0.3819769028099947
0,0,0.1883549808881041
3,0,0.40258852529549805
0,0,0.2133074366655839
3,0,0.3549738153278803
1,0,0.32544660471649595
0,0,0.2733055829134816
0,0,0.2199971588368918
0,0,0.23299583420646813
0,0,0.24275947659744873
4,0,0.3578951766206619
0,0,0.186852979049717
0,0,0.1962172468374674
6,0,0.35775315053992107
1,0,0.32484961142535845
0,0,0.24315191930897623
0,0,0.23880638768331713
0,0,0.27221274392952016
0,0,0.2747521736950012
0,0,0.21639661818807376
1,0,0.34149890281438555
1,0,0.3162567804619979
0,0,0.20719476628162134
9,1,0.4903461006161637
2,0,0.37049233818944144
7,1,0.6721209252256984
0,0,0.15317890957627076
0,0,0.20910656060073904
0,0,0.2762334929899277
0,0,0.2420023465804128
0,0,0.27941065553814615
9,1,0.6479300465651473
0,0,0.25376017012315527
0,0,0.19207497196102685
3,0,0.43107838920221686
0,0,0.23172846844525002
1,0,0.3217971644576754
5,0,0.35870246199378353
0,0,0.23983332632950596
2,0,0.36787668959796666
0,0,0.24017859086319598
7,1,0.609971773485762
8,1,0.4880714957373715
0,0,0.19272162028697967
0,0,0.2756975546561716
0,0,0.20152615850335348
27,1,0.45677715843431166
0,0,0.28239819882909245
0,0,0.20363484499884485
0,0,0.23797489037572084
0,0,0.2670686644079491
6,0,0.35024919054817616
0,0,0.22575365162494127
1,0,0.3091808482505449
0,0,0.20522689222683932
0,0,0.1736750299843089
7,1,0.5674324207187339
0,0,0.29060045885145397
1,0,0.31733029946194324
0,0,0.2309736384713772
0,0,0.23771732385264036
126,38,0.7403701389019659
3,0,0.33958211654246534
0,0,0.22778768594890117
8,1,0.5478554844419766
6,1,0.46383236989225507
0,0,0.2560218722609968
1,0,0.3057569568627744
0,0,0.24668446194403013
1,0,0.3432000628225794
0,0,0.2183047469937502
0,0,0.22038751035389204
0,0,0.21461455365715928
0,0,0.27382205942501553
0,0,0.28016281279214245
2,0,0.328573286634591
7,0,0.42395974725059493
1,0,0.3235262479714499
0,0,0.27514151224932615
2,0,0.34836085699983926
18,0,0.42324245438466807
0,0,0.26127971409462375
0,0,0.21204010589605513
0,0,0.25450048101321204
0,0,0.15843684470410538
1,0,0.31455134124542244
0,0,0.24142618133104596
0,0,0.2792399316634274
1,1,0.533771609957532
0,0,0.22677575703773067
0,0,0.2621619726243453
0,0,0.29338638198286815
3,0,0.39172491549832017
0,0,0.2695252273681107
0,0,0.265018014753365
0,0,0.21823942722419454
1,0,0.34865896210678393
1,0,0.3337200020233225
1,0,0.3619955242024128
1,0,0.3031138675919287
1,0,0.3026803649395082
0,0,0.28717986048803346
0,0,0.23427027384312832
6,1,0.5596272859222946
0,0,0.23978640918489677
0,0,0.2407684665392238
0,0,0.2287040199624764
0,0,0.2480734800675258
0,0,0.24839934982159964
0,0,0.17708430306268821
2,0,0.3085714967246184
0,0,0.2253538501321619
0,0,0.2742979159752455
0,0,0.19722560734889286
0,0,0.21235262880200145
3,0,0.35990886364183383
1,0,0.3358606555411028
42,7,0.5850989751019975
0,0,0.2045215893724075
0,0,0.2967129673571241
0,0,0.23354188231591047
6,1,0.5232689725520429
0,0,0.2936856414088958
0,0,0.20369367476727768
0,0,0.18622433849916448
0,0,0.2129218263514032
0,0,0.25395419687574144
3,0,0.4012429087018037
0,0,0.2247312707406048
0,0,0.2936378940905651
2,1,0.46927688905659576
0,0,0.19250161857968304
0,0,0.1853668332209941
0,0,0.28723708568484146
0,0,0.17150177743146444
0,0,0.2364336391902392
1,0,0.31440354261756026
0,0,0.23693422120787988
2,2,0.45519249514624643
12,3,0.6048382354077058
1,0,0.4144948509465215
0,0,0.2892432081070703
1,0,0.32882918907579844
6,0,0.4162495031411836
4,1,0.4814895089485339
0,0,0.28661833030055095
4,0,0.4140028392434011
1,0,0.3188116781877217
4,1,0.48085361632198304
7,1,0.4549033661205304
0,0,0.17739284107152958
4,0,0.372156561905105
4,0,0.37169031717438783
0,0,0.2741473082255757
1,0,0.3241494738410866
14,1,0.4637487365066249
1,0,0.3223125334354375
0,0,0.25601378016198195
7,2,0.8529726686409993
0,0,0.22032623794901363
0,0,0.18505071843879972
0,0,0.27770857346697897
0,0,0.24354216315366492
0,0,0.25273487369841996
2,0,0.3341885195780594
0,0,0.19704444157210765
1,0,0.31795798276331183
6,2,0.7536342242847806
1,0,0.307333715232468
0,0,0.17099788827418594
0,0,0.21209174931718816
3,0,0.3458557766237969
4,0,0.42789933936803964
1,0,0.38727176461191776
0,0,0.21178435766823425
0,0,0.25760760844729874
0,0,0.2597545244269489
0,0,0.21234613005462688
0,0,0.1600262679083182
0,0,0.24267562404324544
0,0,0.2893478124457645
8,0,0.4255730741631222
0,0,0.2603816706521493
0,0,0.21480533211176359
1,0,0.312668659494093
1,0,0.3097677570001623
0,0,0.20104383156605812
1,0,0.31163252305216427
0,0,0.2758086194347287
4,0,0.4184512330672929
2,0,0.35939546875724476
0,0,0.28554900596573984
0,0,0.28905161559932013
0,0,0.26482607020741533
20,1,0.4594215253584243
0,0,0.2555289122826362
0,0,0.25522905687731406
0,0,0.21579870027685116
2,0,0.338116975286162
4,0,0.3216112178529653
0,0,0.20482685583801033
1,0,0.3220475889189689
0,0,0.2914504269840081
0,0,0.25842549211113397
0,0,0.27197657766187433
0,0,0.2813230549083341
0,0,0.20079397449787623
1,0,0.3181031288185987
1,0,0.3038118505656973
0,0,0.2651741726666283
0,0,0.2707812425001982
0,0,0.2774767065918274
29,1,0.4606322698207647
0,0,0.20453559899703974
0,0,0.2751034284077414
5,0,0.3518700808128505
1,0,0.37471909572200474
0,0,0.24526512752287405
0,0,0.24265194712689872
0,0,0.2816834570452094
0,0,0.20979681291836275
1,1,0.4511301794906391
0,0,0.2402536069345398
0,0,0.24114854294040713
0,0,0.29522313964000674
0,0,0.20025147230470428
0,0,0.27766584430613184
0,0,0.17413317632646694
0,0,0.22626378635960714
0,0,0.27398419206034447
1,0,0.340960646975651
0,0,0.21204248519654575
0,0,0.20319319345365286
3,0,0.35799202813791675
1,1,0.4812077839525569
0,0,0.16433433620748994
4,0,0.3405036611915325
0,0,0.16881340957933003
3,0,0.3707454680832174
0,0,0.2951883371027685
0,0,0.17613319758498738
0,0,0.20287375635682922
25,9,0.7411434841696927
6,0,0.4258036489720784
0,0,0.17794965293273252
0,0,0.2693190506190956
0,0,0.20916041682554332
3,0,0.41403434505562164
0,0,0.21202692897504177
0,0,0.24518094944693045
63,2,0.5550251593728381
53,2,0.5057576516801415
0,0,0.17035457166652002
2,0,0.3227838666192046
7,1,0.48578880028641286
3,0,0.3556893168814685
104,20,0.6511482605041722
1,0,0.3106812478459318
2,0,0.31672762286746337
1,0,0.321434621476988
4,0,0.3786864006134119
0,0,0.25940674859067686
0,0,0.20445793388736913
0,0,0.22914683897825966
0,0,0.26026017931487916
0,0,0.23057463227589137
0,0,0.2965473874040062
0,0,0.19617048551891048
0,0,0.299162827711765
1,0,0.3119396782641979
1,0,0.3108152628615786
1,0,0.34794682818867373
0,0,0.24938742218498391
4,0,0.34202590641153763
0,0,0.29695512283215353
0,0,0.2487000773396287
0,0,0.2822461657544443
3,0,0.41060110617496987
0,0,0.2815347040145234
0,0,0.2423048258713332
2,0,0.4071477602158924
0,0,0.19881668346666256
0,0,0.20885077728740759
0,0,0.17196940095184549
4,1,0.5101285617555144
0,0,0.2600151904826077
2,0,0.3390626923127354
0,0,0.210296058778009
12,2,0.6015283990956202
0,0,0.21176853474462495
0,0,0.24753832057985387
0,0,0.29314274771331816
0,0,0.2919324304410142
6,0,0.4430136390379357
7,1,0.5141751632423216
0,0,0.27145575092381885
0,0,0.1975269212091114
2,0,0.36525961522988654
6,1,0.5043397391009226
1,0,0.35647072359718657
0,0,0.28442977291054944
0,0,0.19807248015987486
0,0,0.13673992266685742
0,0,0.26051764445588477
0,0,0.1671980134785298
0,0,0.1879386244229096
0,0,0.21613114114691118
3,0,0.33405281219788713
2,1,0.5727579750098678
20,1,0.4718228700729873
2,0,0.33621662128064206
6,1,0.4723157160589266
2,0,0.3579780157635883
1,0,0.31616582746354915
0,0,0.18823267441019928
0,0,0.2659224356709615
0,0,0.19902450597756208
0,0,0.189045161649386
0,0,0.26053820649281717
0,0,0.22224767083322475
1,0,0.3046424542553535
0,0,0.2820765808748763
0,0,0.2849335157427145
0,0,0.2719305323292769
6,0,0.42406835807402
1,0,0.35601952246921653
0,0,0.2741271694839241
0,0,0.2167694790453271
0,0,0.2538222130991156
2,0,0.34739889280305636
0,0,0.23939822343526854
0,0,0.24798545312500983
5,0,0.41991325734102775
1,1,0.6782377451899353
0,0,0.18544289047804902
4,0,0.32324772545044894
0,0,0.28520597494526
0,0,0.29326605428891006
0,0,0.1878374492129904
1,0,0.3047276748875044
0,0,0.24865531723586873
0,0,0.27749388275959314
1,0,0.3244700856009395
0,0,0.2047636026427136
0,0,0.20237715328924735
1,0,0.305081164772895
1,0,0.3598458209404316
1,0,0.31283912048610224
0,0,0.2030545108985509
3,0,0.3448637113160099
0,0,0.2206256308177875
21,1,0.5225180844216671
0,0,0.20756427215954337
0,0,0.2928476457025722
6,0,0.3391195417664855
0,0,0.1995986457752971
0,0,0.24613621968853258
2,0,0.33810384904676394
1,0,0.3538196733823525
0,0,0.29963770608032003
0,0,0.2713569328536578
1,1,0.5256829225792434
0,0,0.21462926147968175
1,0,0.3136544333558222
0,0,0.19813583906391302
3,0,0.3873434543749171
2,0,0.33842961843102876
0,0,0.2462758063119586
0,0,0.27557839544550594
0,0,0.1559604675810123
8,0,0.34300879527784023
2,0,0.3359403677834102
0,0,0.18970320528253187
0,0,0.2815371401256653
0,0,0.240985324996847
0,0,0.1780104659736696
0,0,0.2166969160613294
10,3,0.6725759719905029
9,5,0.5595229992940275
0,0,0.27517708104029737
0,0,0.21956424669642385
0,0,0.2275668733514241
11,1,0.4508941947428187
1,0,0.3025714619615545
8,1,0.4977229178289989
0,0,0.17174111912727782
8,0,0.3996310272166031
1,0,0.32601101506262403
1,1,0.5428045120581924
0,0,0.254147773063386
6,1,0.4595840905139656
0,0,0.1973328679478426
0,0,0.21416668083136947
0,0,0.26226957152070535
0,0,0.17162391756259934
0,0,0.27388314368777794
0,0,0.23324072598387097
0,0,0.24808678614412166
0,0,0.2994237246691477
1,0,0.3608667646365147
0,0,0.23506407178774819
0,0,0.2891773007428595
0,0,0.28696159954650946
0,0,0.1775659557459447
0,0,0.22640933312453604
0,0,0.1808478247470465
0,0,0.27944952575380233
0,0,0.22244230260033546
2,0,0.3631438337762813
34,6,0.5870690832176365
0,0,0.2821062900377899
8,0,0.38068953196161687
0,0,0.2682925348478129
0,0,0.18826344011374505
0,0,0.2715501757396691
0,0,0.2333940974204423
2,0,0.36693550228700567
0,0,0.19042700725121883
2,0,0.310279874795089
11,0,0.33722886457228174
0,0,0.1664291423375336
2,1,0.4554171599382797
0,0,0.21796659357522732
3,0,0.44543954130844043
0,0,0.18421927643790154
0,0,0.24458534853519467
1,0,0.33377740282657054
1,1,0.6696565237068466
0,0,0.2925790742363062
0,0,0.23200160158824834
1,0,0.3009437585233385
0,0,0.2219923982192643
0,0,0.19048508560261657
0,0,0.23214251272025127
0,0,0.19736734941526082
7,3,0.6014335819322227
1,0,0.3289241632531567
0,0,0.19362712757751133
8,0,0.35830394636742147
2,0,0.36064682554807265
0,0,0.2373802072697703
0,0,0.26045068133292587
0,0,0.24315918428967612
1,0,0.3079556791410782
0,0,0.2678290144029779
0,0,0.24250669770348268
74,22,0.5453304736514987
6,2,0.5370638317630693
1,0,0.306243862598468
0,0,0.25209447354302267
0,0,0.2517137467797067
0,0,0.29373553926754725
0,0,0.2526791409001346
2,0,0.3202242516101601
0,0,0.20974872782627083
0,0,0.27231736814621965
6,0,0.3892167796059395
4,0,0.3340614550879275
3,0,0.3804704820486397
0,0,0.22087880947189353
0,0,0.17675199778432626
0,0,0.29075258806138343
1,0,0.30920517580380413
2,1,0.5634787241466087
0,0,0.2453459616490284
0,0,0.18562863708209487
0,0,0.19633752101179885
0,0,0.27964758329905604
2,0,0.3339508799909273
1,0,0.33995315538403376
3,0,0.4307883283430234
0,0,0.27268650851683546
0,0,0.2256857773601084
2,0,0.3506134279504495
0,0,0.18002040941360659
0,0,0.2715341319986641
3,0,0.3533445762593851
2,0,0.32931680469643065
0,0,0.20271725099048318
1,0,0.34102203948897536
0,0,0.26446065652452294
2,0,0.32337447959109583
1,0,0.3046415297005553
0,0,0.2611377152318431
2,0,0.3477455132400417
1,0,0.4038973196713519
1,0,0.31135846583499466
0,0,0.1880004409513585
0,0,0.25170760847267
0,0,0.18558720528652398
0,0,0.16776013079346583
0,0,0.21696349684489424
4,2,0.48455068740862095
0,0,0.17483646284898902
0,0,0.23628517514510367
0,0,0.2632269165161989
0,0,0.22402177560580167
0,0,0.2114067538658374
1,0,0.3005531742908127
1,0,0.3265453854328373
0,0,0.21016667063070976
0,0,0.2432644823415786
1,0,0.3024129415637307
0,0,0.28558380457391364
0,0,0.25075888204324803
0,0,0.2170685558289447
1,0,0.32300127239255283
0,0,0.27396031803041493
6,0,0.3543076675743888
0,0,0.2979678246899817
2,0,0.3546705441745838
0,0,0.24187754930927258
0,0,0.19995293424820312
0,0,0.20573779090204863
0,0,0.1662255259930988
2,0,0.31649638766322263
3,1,0.6667882612031065
3,0,0.4087909922959499
4,0,0.38076701466472274
0,0,0.2837411416189093
3,0,0.33138511282560956
1,1,0.6269926024248492
0,0,0.296253686807218
1,0,0.3699702137699567
0,0,0.23715957949332844
1,0,0.3074088626713525
1,0,0.33373712307182657
0,0,0.20761455003925527
0,0,0.2900229101633002
0,0,0.19766864523011995
0,0,0.18348373872202686
2,0,0.33966779481806153
0,0,0.27775055998637876
13,3,0.6891473340605943
8,3,0.5929166059767275
64,5,0.5895535127041462
0,0,0.21576773972965668
0,0,0.16407494510755616
0,0,0.21024281471181652
4,1,0.4835371012785521
4,0,0.4238780177406273
0,0,0.2289240737679477
0,0,0.24906478857347294
2,0,0.4265549357226304
2,0,0.32014185407167206
0,0,0.22560574352891707
0,0,0.17617612912999114
0,0,0.1882379930010153
0,0,0.2208191479954176
0,0,0.24817803752015993
15,0,0.442998881096113
0,0,0.2862856621387589
0,0,0.18907126998219387
6,0,0.3962725397985573
7,0,0.34966130868439327
5,1,0.4962287513709947
2,0,0.401473201403017
3,0,0.3710284098510681
34,1,0.5744109389182751
0,0,0.2940965905466844
0,0,0.21023118310190678
14,1,0.45998868867235704
0,0,0.21398774205298926
0,0,0.19511293202576685
0,0,0.26490917151699395
0,0,0.2691131626831084
1,0,0.3378507483012522
1,1,0.48483187334256395
0,0,0.2870909917256008
0,0,0.2119327797604169
0,0,0.22561070954203388
5,0,0.417429124375444
3,0,0.4022241545788218
0,0,0.25151551900092717
0,0,0.25731950364059947
1,0,0.3004370730589813
0,0,0.20687853668815254
17,5,0.6094107692433766
0,0,0.2596778203605014
6,0,0.36476378092401096
0,0,0.25321216307878053
0,0,0.20928542627729224
0,0,0.19900265056487323
1,0,0.31297203173700433
0,0,0.26389501873325755
0,0,0.18055344707108645
0,0,0.22129268672444796
0,0,0.2647541192143757
0,0,0.1880707362628879
1,0,0.4204942270168128
4,0,0.3567708311659018
21,9,0.7053219668398304
0,0,0.24919491827086065
0,0,0.16930726534315646
0,0,0.18114244893543185
3,0,0.3180781709623602
0,0,0.19357830136298215
0,0,0.26623183790739263
0,0,0.17321879054715847
0,0,0.26061751200243194
0,0,0.2334772870880233
0,0,0.17433139951631088
5,0,0.4332607742801398
0,0,0.23611184899432341
3,2,0.7327945905774335
1,0,0.30585742852627396
0,0,0.22725497538745498
0,0,0.24360245271067152
0,0,0.274200488917329
0,0,0.18768701146958908
0,0,0.256235343690614
1,0,0.30344809271507683
0,0,0.23327648081717217
0,0,0.24284278208233423
0,0,0.18029110597768258
0,0,0.20056409520701707
2,0,0.35637148924158907
2,0,0.3065195592806806
6,1,0.6473048490022812
0,0,0.24285488367298422
0,0,0.1621642751636187
0,0,0.26810203069278954
0,0,0.19590140395759972
14,2,0.4856336797574203
0,0,0.21273754410977258
0,0,0.1943823074344201
1,0,0.3184217812913586
0,0,0.28501390087847256
0,0,0.2652922785376623
3,0,0.3694494103689165
5,0,0.352219164223946
0,0,0.2344769428974014
0,0,0.25956499674165734
0,0,0.2883808577668248
0,0,0.2645081694818002
0,0,0.2897097498011703
2,0,0.39183544425611566
0,0,0.26192110616787206
7,0,0.4400517409200061
0,0,0.18281032214169285
0,0,0.28695372353987786
27,0,0.42637733477818207
0,0,0.2268867188229069
1,0,0.30489451732298983
0,0,0.23588594319303974
4,0,0.3446610615114806
0,0,0.2553713542075199
4,0,0.37186794398493245
1,0,0.39882125299825927
8,0,0.4487253868714046
0,0,0.20652528590814362
0,0,0.20909296357616053
0,0,0.27005195945148863
10,0,0.4110110164535581
0,0,0.2328202431358423
0,0,0.23339507783526878
0,0,0.250944196826513
1,0,0.3012442095619484
3,0,0.35233275135136716
75,6,0.6671824323601132
2,0,0.3232675494516335
0,0,0.1607530797626468
0,0,0.21468806998594486
1,0,0.35392225832399427
0,0,0.26411393510151554
0,0,0.22360188601354747
0,0,0.22789779682763542
1,0,0.33983069006034605
0,0,0.2288207529845742
1,0,0.3298374161915171
0,0,0.18324529803466208
1,0,0.3504242484604975
0,0,0.2194823807219203
0,0,0.27517409310981045
4,0,0.38202246482461405
0,0,0.20863479256953835
0,0,0.22402365576244512
0,0,0.27533073265255004
1,0,0.3433694139005994
0,0,0.15968234336128015
2,0,0.3386302579637179
4,0,0.33609367915134913
0,0,0.27222396062918003
1,0,0.3063359655626712
1,0,0.41288335949440497
0,0,0.23008019689257775
1,0,0.38908331230944054
0,0,0.20051256409950774
0,0,0.2973270977971304
0,0,0.21185543508572371
0,0,0.29529024533084514
0,0,0.2255000953600419
1,0,0.3193840806274975
0,0,0.2675002707743491
0,0,0.2401894715104971
0,0,0.21578155711649152
1,0,0.35341370483026086
1,0,0.3011191680926384
0,0,0.2904596476430549
0,0,0.23174166884185593
38,3,0.4895344368416115
10,0,0.3980516570028788
0,0,0.22501196969693918
0,0,0.1917930791169537
0,0,0.19940731351953536
8,1,0.5332205461802886
0,0,0.2310642705471484
0,0,0.22599861797688842
0,0,0.26204782175752983
0,0,0.2618225878731465
0,0,0.21496228727087777
0,0,0.23307297755342182
0,0,0.23767972187936512
1,0,0.3301806589430525
1,0,0.3623788974830242
3,0,0.3685658827566344
1,0,0.37805053057883664
1,0,0.3034846604173728
30,4,0.6186494068141127
1,0,0.3481968963866268
0,0,0.2510208794460294
3,0,0.3610494843793986
0,0,0.2957806542511045
1,0,0.35985915498830556
0,0,0.19419187199765484
1,0,0.4302364264444586
0,0,0.20011619777132417
0,0,0.26051854004433694
67,0,0.40154683781944134
32,3,0.5596836777538476
1,0,0.3235648863873261
0,0,0.2377592751101074
0,0,0.20540401522189267
1,0,0.3021994861694975
2,0,0.3716567306009553
2,0,0.3617653985617854
36,1,0.46524312959828806
0,0,0.22498534086877967
0,0,0.18643555261187164
14,3,0.5833957246489911
0,0,0.1640087290584954
1,0,0.43429507372958487
0,0,0.2923359523191175
0,0,0.25744829260512664
2,0,0.3259638347465554
3,0,0.37855989281074864
5,0,0.3897350926920781
0,0,0.27348376203011054
0,0,0.21601121020188982
10,4,0.5627470463525645
0,0,0.23165811727541616
0,0,0.22794849518280835
0,0,0.2033030397597635
23,8,0.7466672570260711
0,0,0.25866392079318296
0,0,0.2518986927850224
0,0,0.27461430677761084
0,0,0.2704635307066414
0,0,0.25188074649532555
0,0,0.22187452132001995
0,0,0.19653856683520177
0,0,0.23530445722180254
0,0,0.22201643401118154
2,1,0.46185219310382525
0,0,0.2894394032447563
0,0,0.23348557365394598
0,0,0.2410055365026759
0,0,0.25727171973723195
1,0,0.3842899509384475
0,0,0.25621369800800303
0,0,0.29848658080088875
0,0,0.21195511483126375
0,0,0.2877227203418856
0,0,0.29010653777148127
0,0,0.2643473939083087
0,0,0.1893624239370952
0,0,0.17394548571833857
0,0,0.21866281652064423
1,0,0.400194213287362
1,0,0.4070442670854005
1,0,0.32463614819466263
0,0,0.24486435214568678
0,0,0.18410711247182782
5,0,0.40370656252355197
0,0,0.20934869232662512
57,3,0.563640734631184
0,0,0.20067404336295488
5,0,0.4258452934269097
28,7,0.644979082806896
0,0,0.28882768872367887
5,0,0.4403108534545982
0,0,0.1844931095215748
14,0,0.341453477780404
0,0,0.17518602626296492
0,0,0.217621146305366
0,0,0.22873798302046622
2,0,0.3119472694928098
3,0,0.36193676432721117
0,0,0.1617308228752557
0,0,0.20483317850448732
2,0,0.34087892274309395
0,0,0.26884329365632686
0,0,0.2530882135554806
0,0,0.25690198970392775
1,0,0.3587807529397938
5,3,0.7429943919628023
1,0,0.3486755621030324
2,0,0.3206014670030236
1,0,0.33286454568189017
0,0,0.28142953906367046
2,0,0.43956232081974994
0,0,0.23401660735745541
15,2,0.49246795393824555
5,0,0.37262812415371543
1,0,0.33275482027439546
0,0,0.18011880532501165
0,0,0.2425382031159303
0,0,0.17901490395071118
0,0,0.2766905107276921
1,0,0.3248582490391619
2,0,0.3707047517017417
2,2,0.50021724898383
0,0,0.29466846101719774
1,0,0.43173038156854504
0,0,0.2673632587930325
0,0,0.23277754367295847
2,1,0.493035385701563
2,0,0.42275157089602405
0,0,0.24031465514397612
0,0,0.28111341011961793
0,0,0.22644334301721472
4,0,0.3170680218340549
0,0,0.22184106560479655
5,0,0.35228712528202355
0,0,0.2898461852134851
0,0,0.18391272439296322
0,0,0.2569224670983991
1,0,0.3098536412181541
0,0,0.27785673273509015
0,0,0.2619231601392319
0,0,0.21047213292910738
0,0,0.2908908041279789
1,1,0.6807267271690333
0,0,0.2006938512383742
0,0,0.2510028395350594
0,0,0.2273478352387017
0,0,0.2747037031654233
0,0,0.27822298180249894
45,3,0.5101482864759895
0,0,0.2438503648035369
0,0,0.2537311561324272
0,0,0.23640921491346586
0,0,0.26428399886470694
0,0,0.2320792606581214
1,0,0.30035918016324087
0,0,0.2694710964995493
0,0,0.19998449395772822
3,0,0.35302567118662076
0,0,0.22962777181616664
1,0,0.3926682181580634
0,0,0.294546269914249
1,0,0.30805114812358825
3,0,0.3353713925841841
0,0,0.21030473235526767
1,0,0.3270075678688435
0,0,0.2885386265129079
0,0,0.2525303637801984
2,0,0.37296410522250106
7,0,0.3668147888701012
0,0,0.21232311452586258
2,0,0.33905880023309526
0,0,0.29269750506428455
1,0,0.3175797420647262
0,0,0.1923367735476639
0,0,0.2182211080614609
0,0,0.17735127379169652
2,0,0.4444815832316772
0,0,0.17393796956161278
0,0,0.2731635725440355
4,0,0.3234771112891753
0,0,0.16890710182685295
2,0,0.3141535033283372
0,0,0.20727679394777804
0,0,0.13452795384394386
8,0,0.44746013467534523
0,0,0.16374935069836793
0,0,0.20217630806874926
70,0,0.38307634783062455
4,0,0.3590817371906957
1,0,0.3001558997927376
3,0,0.3979875601010914
0,0,0.23119654243552315
0,0,0.27402261194783206
0,0,0.28141536474380574
0,0,0.23069558122398182
0,0,0.2491532900545903
2,0,0.36986977833238877
0,0,0.29277299550604385
0,0,0.23807517329062225
5,0,0.33797926817607854
0,0,0.21073979753090913
0,0,0.2647092533217813
0,0,0.2246513773835377
0,0,0.17559955178584002
0,0,0.23939382018230126
0,0,0.24073206927982835
0,0,0.23382655039140643
0,0,0.2530377648940277
1,0,0.35049496903683475
1,0,0.306483035191519
0,0,0.22413784122122113
0,0,0.29555594556111703
6,2,0.5199807959771049
0,0,0.28613658701010064
0,0,0.2917174837982223
0,0,0.1892703656651188
0,0,0.21781044207134886
0,0,0.29091134779359484
2,0,0.35909559121351503
0,0,0.2050471013640066
0,0,0.17818967979890726
3,0,0.3969850543921924
0,0,0.281785220385381
1,0,0.35680020118899775
2,0,0.3946169560068364
2,2,0.4873367905230529
9,1,0.4530432366344595
0,0,0.29269249362010824
0,0,0.25626609505825865
1,0,0.3680644674324218
0,0,0.1722034119043321
9,1,0.580689937897285
5,1,0.6381223043326524
20,0,0.4306673420886856
0,0,0.2178975916268441
0,0,0.20526521182743185
1,0,0.35311636523161055
5,4,0.839291342782896
4,0,0.34234945131614797
0,0,0.18419404692659488
0,0,0.25259641085517964
5,1,0.5496832394081596
0,0,0.22444654012141185
0,0,0.2460500555088137
0,0,0.2979593473456628
11,5,0.6890950961009302
0,0,0.27197559087391276
1,0,0.4100871440485296
0,0,0.28086608289526166
0,0,0.21869162165648193
0,0,0.17723601121570692
1,0,0.43197291439989033
2,0,0.32399105390983773
0,0,0.1887935300739937
5,0,0.3326473549380412
0,0,0.20943586398496333
7,0,0.3778047168016537
0,0,0.1687801290984972
0,0,0.28404140006668777
0,0,0.21121023739876887
0,0,0.282406248039153
2,0,0.3067670231682183
5,0,0.3681761266825195
16,0,0.41960830352112044
0,0,0.293233378009087
2,0,0.33142627702848476
3,1,0.4524419946250058
0,0,0.2995356961937212
1,0,0.39724948727484377
6,1,0.5292823385676654
41,1,0.4715376709713259
0,0,0.17298194593199862
0,0,0.208553014400825
4,0,0.4457871913044755
0,0,0.2386061243110667
2,0,0.335627823442858
12,2,0.5209667913234437
0,0,0.2126362065447963
0,0,0.19867172724468862
1,0,0.32420461988939414
0,0,0.2571955568596377
0,0,0.20736663287135096
0,0,0.24779530176421613
0,0,0.2694726164013446
0,0,0.19402630910896113
0,0,0.24057748634529666
1,0,0.3164205426396332
0,0,0.2716384565769324
0,0,0.2607396608893112
0,0,0.20366481971647685
0,0,0.29223219952721147
0,0,0.24490652311284172
0,0,0.2961414353486756
5,0,0.3857361936682044
101,18,0.7097430891074696
0,0,0.20948145939307283
2,0,0.43937848321557643
0,0,0.26950992074491364
0,0,0.22282567327518307
0,0,0.23655477453099624
0,0,0.2746567134823176
2,0,0.34510195609771277
0,0,0.25465009866911137
0,0,0.21043765680320226
0,0,0.2092826695850953
0,0,0.15560020844511865
0,0,0.18288639530200781
0,0,0.2756055619612587
0,0,0.28949337180063944
0,0,0.27017124715415763
0,0,0.22025813875547665
2,0,0.31501751472056555
2,0,0.44320340619132215
3,1,0.7733911684335302
2,1,0.4564259197891819
2,0,0.31454773206580366
1,1,0.4505587809939093
0,0,0.2906554970704876
4,1,0.5348014763869205
0,0,0.1777242791099133
1,0,0.31141663666019925
0,0,0.22247795234243742
3,0,0.3626466100414737
2,0,0.339955873925013
0,0,0.20712841976527935
124,24,0.7165672021970937
1,0,0.33769186460012607
0,0,0.27143108523303566
0,0,0.2813545399275621
90,2,0.49043146360576984
0,0,0.20822601300055216
2,0,0.319178714032944
0,0,0.1487782204479887
1,0,0.3139943261310846
0,0,0.2449171262084716
69,2,0.5092096595989403
0,0,0.2921164563271781
0,0,0.28105593987777727
1,0,0.3478930667271426
0,0,0.1775890009918066
2,0,0.4126066900527812
1,1,0.5064081159548782
2,0,0.3040536768012992
0,0,0.23919006899714945
0,0,0.2913558584110103
0,0,0.26911770664791995
0,0,0.26450691716813923
0,0,0.24257353783562563
0,0,0.22836253821504165
0,0,0.2526416146233526
0,0,0.2205120455097885
0,0,0.22725471695861074
1,0,0.3929902993997969
1,0,0.3165069201035726
0,0,0.2781367397256494
0,0,0.17565069891196797
1,0,0.35877517183410196
0,0,0.19627590266773584
0,0,0.25432544957061215
0,0,0.23204128380643324
1,0,0.3496456645276309
1,0,0.3736493901688109
0,0,0.25687565908199206
2,0,0.3137300508633291
0,0,0.26107098943983664
9,1,0.6319423672396008
1,1,0.46597870442995576
0,0,0.2499803534350072
1,0,0.3534591109464732
1,0,0.4412592965615525
2,0,0.44030340199591006
0,0,0.2530185041084675
3,0,0.31526008897854163
0,0,0.2984370737844302
0,0,0.1981326566618936
0,0,0.2859013002890781
1,0,0.31325200457501473
1,0,0.338444202387265
0,0,0.2678009715592421
0,0,0.19646505476885665
0,0,0.15588953231782152
1,0,0.36119843193421886
0,0,0.2689783036997842
0,0,0.24171575776812543
0,0,0.29208045241151975
0,0,0.2634454129384937
0,0,0.24149193533702984
1,0,0.4251562456140024
0,0,0.21839028397537621
0,0,0.1868405513541863
0,0,0.19564403536445807
0,0,0.259463357862449
1,0,0.3154472250317759
0,0,0.17702433713830365
1,0,0.41361894706261193
2,1,0.6200242994492805
1,0,0.335078899519245
0,0,0.29343556781401725
0,0,0.2874198284491111
3,1,0.45255733013720567
0,0,0.2752233529197351
1,0,0.33477954300809315
0,0,0.19744781488523686
1,0,0.337032729215766
0,0,0.21760653151886963
79,3,0.8340154379074531
0,0,0.21880914263374643
0,0,0.21375441882382082
0,0,0.2810117465556024
1,0,0.3996133604115903
0,0,0.2563831543417193
4,0,0.4451402773140516
0,0,0.21627555467550866
0,0,0.20258946994431154
1,0,0.3469153810621043
4,0,0.3867771538810609
1,0,0.375980318027275
0,0,0.26363464617806104
1,0,0.34993452759344973
9,0,0.41703955406947724
0,0,0.20989022299679466
0,0,0.16253151548979128
0,0,0.2795951420269615
0,0,0.24330053742057461
0,0,0.2673325975065609
0,0,0.1834713735216665
0,0,0.19956601125722753
0,0,0.26985470263532413
1,0,0.44996516043185397
63,4,0.5425968843197945
66,7,0.6475906554570312
1,0,0.30378862154926217
2,0,0.3205246722617492
0,0,0.2853297972785465
0,0,0.22239105115504293
9,0,0.39907949404724113
1,0,0.3008350957027689
0,0,0.260380941069018
38,0,0.4235741914444921
0,0,0.18416005701271776
0,0,0.23901465994596008
0,0,0.19539064992520172
0,0,0.2271485931214532
0,0,0.2398917616589053
18,0,0.3848120615297455
0,0,0.28997073211805907
0,0,0.22580960792588664
0,0,0.17002360743993186
0,0,0.17926185429944183
0,0,0.22907452507449888
1,0,0.3107717212755592
0,0,0.22521473587257573
0,0,0.2078842271744543
0,0,0.2714637989513139
0,0,0.2820701039552848
2,0,0.4388840743629956
3,1,0.45605477908284947
1,0,0.3227718260711058
1,0,0.3064018250411851
1,1,0.6784656069249627
0,0,0.23931825276754423
0,0,0.24904583628319898
0,0,0.28551478310125095
2,2,0.75174342065194
0,0,0.19828969420812143
0,0,0.2834506812098045
0,0,0.23050141079693182
0,0,0.19520543004326255
17,2,0.5427015763997791
0,0,0.1702391885979074
0,0,0.18938293679359056
0,0,0.25132245373500534
0,0,0.2975402947350374
1,0,0.3779363784156179
0,0,0.16685662671671275
0,0,0.2407929518257195
29,2,0.5001170298954708
0,0,0.24520444687027032
1,0,0.32131779598154453
0,0,0.2123881183428902
0,0,0.19291502244248263
0,0,0.22590333164552406
0,0,0.1983967992820558
0,0,0.2933360783279707
6,0,0.3485405579435084
3,0,0.31602087953355606
0,0,0.2368445196261978
0,0,0.1853236397191609
0,0,0.17404862297774296
4,0,0.4102389068922711
1,0,0.3305548073363304
3,0,0.3771156578679529
0,0,0.23578424824736002
0,0,0.2697119417093706
1,0,0.36125296924173067
2,0,0.37309796814587814
0,0,0.28605257473074697
1,0,0.3579869960991518
5,0,0.3584835878116801
0,0,0.23249373447262564
1,0,0.3166586671190256
0,0,0.2956001173944642
7,0,0.4400576777145874
0,0,0.20173524145289398
0,0,0.18680020788144477
1,0,0.340452436329188
120,16,0.6545207342863633
0,0,0.17144750790012755
23,10,0.6730577962420925
0,0,0.24347850442676697
0,0,0.21774444865016787
0,0,0.2952393798585244
0,0,0.2684505557642038
2,0,0.3619190790254616
5,1,0.5187950835124181
7,1,0.5392748603617625
0,0,0.27751943065572754
0,0,0.2507815128597122
3,0,0.39706074550163434
0,0,0.2285338348784818
4,0,0.3374540150787606
0,0,0.22856889387145438
2,0,0.32377546358564
0,0,0.2121720102016082
0,0,0.2823259143993754
2,1,0.4517009511892493
3,0,0.4053735460855458
0,0,0.296016921664348
0,0,0.2558868920823547
0,0,0.2360186697641126
2,0,0.319458429847234
0,0,0.21108708563114323
3,0,0.3897109060612189
0,0,0.2450685376621772
16,5,0.7950928667011153
0,0,0.2573953405000268
5,1,0.47872342000386936
3,0,0.323654433494361
0,0,0.1937633936422673
2,0,0.3325419690722426
0,0,0.23520874393575333
0,0,0.2785961149723318
0,0,0.2902400157661636
1,0,0.3165400822793688
0,0,0.2606102647149799
2,0,0.39236482949488427
0,0,0.26758923574592725
0,0,0.2925240775103994
0,0,0.28429930679503196
0,0,0.2832552499973819
0,0,0.16495801478317934
10,2,0.5308085262322305
0,0,0.19324299199501663
0,0,0.15791735019893713
8,1,0.5640870564137158
0,0,0.26123414408124745
0,0,0.2907852243503505
0,0,0.2551564170909182
1,0,0.30095400409394274
0,0,0.252683080808297
2,0,0.3803346981771419
0,0,0.26632882947886555
0,0,0.2903997316625019
0,0,0.20572659638917337
0,0,0.2903846239570644
6,1,0.5244484921376499
11,0,0.37439270125785146
2,0,0.40742303834749843
2,0,0.3353176869985284
0,0,0.25246673173257833
0,0,0.23841269739467172
0,0,0.1886821782075767
0,0,0.2515151015757548
10,0,0.4370900288685685
1,1,0.4930381760668106
0,0,0.2925977359117429
0,0,0.2530892477075845
5,0,0.40864545873184943
1,0,0.3033836714979957
0,0,0.21619420967192315
1,0,0.30001246406880744
0,0,0.27547040629605957
0,0,0.2709799595864188
1,0,0.3759612069310905
1,0,0.3264704589770761
0,0,0.24511417932491067
0,0,0.21626398041298844
0,0,0.1755754481050721
0,0,0.21767526975550064
3,0,0.36634099606163967
0,0,0.28483562351973074
15,1,0.5705935115743487
0,0,0.16155621564827802
0,0,0.2866706836971173
2,0,0.3622234466644581
2,0,0.42949091253344485
1,0,0.41675997707887463
1,0,0.3140262336836635
0,0,0.17463722872391105
0,0,0.16925510703823404
2,0,0.310613138843402
0,0,0.24673374786520805
0,0,0.21491372463871858
2,0,0.32705681099424805
0,0,0.15715086034086895
0,0,0.2927609491488469
1,0,0.3540766401070483
0,0,0.1868221875149194
4,0,0.3505230451962267
0,0,0.26726898266596416
2,0,0.3325890337770545
0,0,0.2047111503624564
1,0,0.3557732947595173
8,1,0.45624115060475334
0,0,0.2217300236999521
0,0,0.22530701189212823
0,0,0.20169412444170567
3,0,0.31471561508609963
1,0,0.33178289381446713
0,0,0.17432159793869775
1,0,0.30625568885917476
2,0,0.37175263577510964
1,0,0.3580653985066464
2,0,0.38799346482504593
0,0,0.19783841073572975
1,0,0.3172318697980748
0,0,0.2544260291613773
0,0,0.20098069482515632
2,0,0.4152817497623031
2,1,0.5068359530471418
0,0,0.2374942225172643
0,0,0.24964684513573593
9,0,0.36491264250310296
67,3,0.537311642741442
0,0,0.18618140302824732
0,0,0.27124199319035625
0,0,0.2631746475315489
0,0,0.2376565868549967
0,0,0.2203769022079527
9,0,0.39707116164385675
8,1,0.4751952644615384
0,0,0.2940775399666419
2,0,0.32902642369184104
0,0,0.1964312029415125
0,0,0.2246942682745384
4,0,0.4383961615029053
0,0,0.229788038063654
1,1,0.7994546386840061
1,0,0.38148895481768474
0,0,0.2969732945596138
3,0,0.38423855874765367
1,0,0.32848331587522256
1,0,0.30753097104465615
1,0,0.3795447866866506
0,0,0.23517043657230985
7,0,0.4321301221750896
0,0,0.2324435700369147
0,0,0.1971126735556904
0,0,0.293503718834761
38,3,0.5192340037729921
0,0,0.16483445345735237
1,0,0.31073609588866097
0,0,0.2377231436755063
41,4,0.5487585837374538
0,0,0.19731494663353905
0,0,0.25556626034986374
3,0,0.43154577120755677
4,0,0.35503824946730267
0,0,0.16009447229473567
0,0,0.21244166707974876
0,0,0.24053182338478843
0,0,0.19831418726429179
7,1,0.454119733242903
0,0,0.22997166571937913
0,0,0.1910122998390477
0,0,0.292872059104658
0,0,0.2584789349854318
0,0,0.21493411462919393
0,0,0.19418268247186013
0,0,0.21960643508248326
0,0,0.29261046021516496
3,0,0.3361359542452277
0,0,0.21906237197466036
0,0,0.21885837491509602
0,0,0.26313643333811854
3,0,0.3092759441363053
2,2,0.49229598904339417
2,0,0.31098297034115413
0,0,0.17288671399241312
2,0,0.40692370124663835
4,0,0.4328666612501384
1,0,0.30670296625218346
0,0,0.20735842435986498
0,0,0.1823296829207353
1,0,0.4153168538991454
1,0,0.30568353766713724
0,0,0.23134521413374323
0,0,0.17307355106455038
0,0,0.2054985491303007
1,0,0.32766356607344077
0,0,0.1917647797212114
0,0,0.15234687532718208
0,0,0.2551938549227339
0,0,0.23768703569420968
1,1,0.45206064543862606
0,0,0.2702859534825933
0,0,0.20317479118880008
0,0,0.25203123827758533
0,0,0.16419328920425336
0,0,0.22795505700452628
0,0,0.18479547282054676
0,0,0.2805428590491314
0,0,0.2246449558068284
2,0,0.3372050229304855
3,0,0.3377581028313201
3,0,0.34203177878844415
0,0,0.19027351035123286
1,0,0.3364334709663036
0,0,0.23710435607386518
0,0,0.232994303155494
1,0,0.377337213277718
23,3,0.5532000006612473
0,0,0.29800380492817874
0,0,0.17433414977242628
1,0,0.3113885232741035
0,0,0.26181839377806027
1,0,0.38223515013655845
3,0,0.43097121629402085
3,1,0.6381512755222599
0,0,0.22524340267464085
0,0,0.27168722251228233
0,0,0.2981125487258021
126,67,0.727258256234262
70,0,0.37170279684382707
0,0,0.21246155256020482
2,0,0.3987222993886265
0,0,0.17588402506671863
0,0,0.22034582969062153
0,0,0.16842700783030454
4,0,0.4461768478665505
0,0,0.18482038670877654
0,0,0.19954590232750588
0,0,0.20796331875812307
0,0,0.29006152322017353
1,0,0.308296244817185
0,0,0.21108461570792447
3,0,0.40449275806910495
0,0,0.2656449467082984
1,1,0.6190876902576135
1,0,0.34232799606526415
0,0,0.2330391354724867
0,0,0.2737699755679902
0,0,0.2565672720384638
0,0,0.22992474114438383
6,2,0.4780957893379416
6,0,0.42869509362270336
0,0,0.25390956953129123
0,0,0.2901949002730296
4,0,0.39299185544539794
1,1,0.5279709913310211
0,0,0.15153521103253872
0,0,0.2905929673277144
0,0,0.2128097477112185
0,0,0.20754445510902084
1,0,0.3168205603151993
0,0,0.21672686947751021
8,1,0.5855255664287463
5,0,0.44861939197678274
0,0,0.21453109279818613
1,0,0.3166411073976863
0,0,0.25139657985017966
0,0,0.18431653553134134
0,0,0.2257058043249444
4,0,0.37320056274062124
0,0,0.25977891031323835
0,0,0.23355798093060248
0,0,0.22414344372192166
2,0,0.3524966085101279
4,0,0.4494073973852277
0,0,0.22746709656879646
0,0,0.17357714110645422
4,2,0.5089781271218263
1,0,0.34721879039658926
0,0,0.2433517119191529
0,0,0.19633694451372374
0,0,0.2892661983283755
0,0,0.21643575644234447
2,0,0.31230462124120956
0,0,0.24889505551812388
2,0,0.31901751784357146
0,0,0.2899669364720513
0,0,0.24078457331771763
0,0,0.1902098792258678
0,0,0.25333662713941524
0,0,0.292966255736322
1,0,0.31779371129605627
0,0,0.29832067690952035
0,0,0.2819283658338713
1,0,0.31580390287057525
97,21,0.7324847274526947
0,0,0.20747721559118093
1,0,0.4019305325423757
0,0,0.2303645454052685
1,0,0.3007121547222824
3,0,0.3862134115005347
0,0,0.279786697472245
0,0,0.27838876807477986
1,0,0.3523954008655805
0,0,0.20068842005564175
0,0,0.23616669546200356
0,0,0.22547576345625842
0,0,0.25151511266210785
2,0,0.34713405915168766
1,0,0.336979493270174
0,0,0.2856376228582616
2,0,0.37917095022524633
40,0,0.4039029714369444
0,0,0.20587350347106206
2,0,0.3527476148489499
0,0,0.23378909795045766
0,0,0.2668073128232767
0,0,0.28258499564538875
2,0,0.3098504266578401
0,0,0.21032496396640746
50,3,0.4952395814877751
12,3,0.5543027042525607
0,0,0.2615318714149459
1,1,0.5327933745592124
1,0,0.37117459324277907
0,0,0.20884478028682935
6,1,0.4892860388413057
2,0,0.3554374848605311
0,0,0.26192919151910427
0,0,0.27099966379916945
0,0,0.2981019889229696
0,0,0.21843920454301335
0,0,0.28172815783279215
0,0,0.296605008422857
0,0,0.16275999476301223
0,0,0.22138009978676385
0,0,0.21228877589848666
0,0,0.21929400915360261
0,0,0.29298149431247367
1,1,0.5001796681904193
0,0,0.21010198080120127
0,0,0.21632859054088907
5,4,0.8166986760687758
4,1,0.46982023383770083
0,0,0.27953200298393643
4,0,0.3973996898333103
4,0,0.3870090425387023
0,0,0.2612432056182826
0,0,0.2930056825886762
0,0,0.2296349943815528
0,0,0.2540996273192082
1,0,0.3075167139265515
49,5,0.5324587838480341
17,5,0.6608905750426575
0,0,0.22519420286682162
2,1,0.47641266689153017
0,0,0.26588409716890304
0,0,0.2209024486099471
0,0,0.1985135781782171
0,0,0.20219031551060118
0,0,0.1907269753389819
0,0,0.2511024894233668
0,0,0.27378988549452743
0,0,0.2321530006565317
0,0,0.24676785945153662
0,0,0.2032991754168946
0,0,0.21018427370206402
0,0,0.2135634158847974
0,0,0.19181105714474797
2,0,0.37648884141879624
0,0,0.22399969447195822
0,0,0.15242027052270646
2,0,0.3433150327416073
0,0,0.23307652136273682
0,0,0.2415630744151674
0,0,0.21491563287334747
6,2,0.8221945686661135
2,0,0.31230828589795
0,0,0.2506995334173667
0,0,0.24336940945908456
2,0,0.3143883711732201
0,0,0.23634834900007914
62,6,0.5890462233371787
0,0,0.18930827263972358
2,0,0.4288832859003881
0,0,0.23289808252071043
0,0,0.18640425584470433
0,0,0.24972990388520075
0,0,0.21590469675982024
0,0,0.23362962778214652
0,0,0.20422886223391967
0,0,0.2278571428602187
1,1,0.47639005090288583
4,0,0.34454467968289954
7,0,0.3698066803175428
0,0,0.20263796656853708
0,0,0.22101191341469922
0,0,0.2695551209518421
0,0,0.2219896565328877
0,0,0.24019909259664105
1,0,0.31540500555379203
1,0,0.3050364308580977
3,1,0.47285536981645027
0,0,0.29233787723046967
4,1,0.4966414627103875
0,0,0.2991377671785835
0,0,0.27310274068402596
0,0,0.2778234128510363
2,2,0.6113603579707173
2,0,0.3558944919817366
2,0,0.3143265261986439
1,1,0.775209201247458
0,0,0.27701866744997256
2,2,0.5551506527156265
1,1,0.4734062794921353
0,0,0.28479954057263507
1,0,0.3303987274743676
10,1,0.54710179860734
21,1,0.4711832794268702
2,2,0.6428834397222728
0,0,0.23235838819984334
115,18,0.7718074831685435
0,0,0.21358161619283136
0,0,0.26078789584774226
0,0,0.23409722624897095
1,0,0.344693760891788
1,0,0.35188013539827256
1,0,0.3811090436386668
1,0,0.3566262022814951
0,0,0.21562498212557188
0,0,0.2272947722645743
5,2,0.5980137936494606
0,0,0.16580285001078263
0,0,0.20033702446186868
0,0,0.17170722237192027
0,0,0.19117485432540196
0,0,0.16505065867031385
0,0,0.18609925372677683
0,0,0.24656481440994996
7,0,0.37963424664042317
0,0,0.2808361895083686
0,0,0.2781317158649067
62,1,0.503213649358007
0,0,0.2970064829476565
60,0,0.4390054886491545
0,0,0.1955810237030506
0,0,0.29389241824933743
0,0,0.25572645550670164
1,1,0.46097825711000523
0,0,0.2174216769984569
1,0,0.40830316415582874
0,0,0.28197555370795574
0,0,0.20827591403564674
0,0,0.24856310774718063
0,0,0.2506396921188614
2,0,0.3207555061803572
0,0,0.27255514891176674
0,0,0.18087995554479155
4,0,0.33957886672486487
5,1,0.5179765091773983
0,0,0.29828974821323495
0,0,0.21766806894791738
1,0,0.317943932308562
0,0,0.2407778047498699
0,0,0.2263510019651595
2,1,0.5349981442320507
0,0,0.18304633014234933
2,0,0.3066540321870093
0,0,0.17677455453880178
0,0,0.2392675889735658
0,0,0.15379641357111315
0,0,0.2439871417705497
0,0,0.23596493890543196
0,0,0.276075730780578
5,2,0.6087315684923498
6,1,0.5155148265909916
0,0,0.17643785433267717
0,0,0.2889211499914648
1,0,0.3329318252694116
0,0,0.27629370910078777
0,0,0.28803432107476745
1,1,0.5318555620912051
5,1,0.5550355167718823
0,0,0.2343177029286588
1,0,0.3235680862846384
1,1,0.4764916871647073
0,0,0.2680407821004649
0,0,0.20472220220806467
0,0,0.2394788241788064
0,0,0.26798568324421745
1,0,0.316022757134438
0,0,0.25992813171240886
2,1,0.45404499549038807
0,0,0.22634188680489958
85,18,0.6455622962710649
1,0,0.3682678409934763
0,0,0.2962530410090533
5,0,0.33488941499028596
0,0,0.20211552407485164
9,1,0.520707972161436
2,0,0.4092191288514164
0,0,0.24230213709891305
0,0,0.195999483862594
0,0,0.26946009970724893
0,0,0.25793868137183484
0,0,0.262886634346603
0,0,0.19047386587447257
1,0,0.3219241248397401
0,0,0.22950193260310234
1,0,0.36773384370052514
1,0,0.34958121755582816
0,0,0.2512677788925886
13,2,0.4978885130822236
1,0,0.36543123234541597
25,1,0.45517314219165733
0,0,0.18360269765494977
0,0,0.24720228201793615
0,0,0.18204214297615748
0,0,0.26990320000728035
0,0,0.23333076606799227
0,0,0.25298833618445427
2,0,0.30298005913361514
0,0,0.24354844271361428
6,0,0.43208391535585733
0,0,0.2674891258689521
0,0,0.18471896364045387
0,0,0.2619366082014229
1,0,0.35081300433563495
1,0,0.3924236950687682
0,0,0.18114743241301848
0,0,0.28331950595558186
1,0,0.30018213861263554
0,0,0.2327728302839463
0,0,0.2947190518589654
0,0,0.2408801392896828
0,0,0.24077867077639054
0,0,0.27206686704818817
0,0,0.2954377427859505
0,0,0.25915400184749954
0,0,0.1763524302271487
0,0,0.2147381641193738
0,0,0.2833494300410108
2,0,0.32082323515255856
26,7,0.89066084290266
0,0,0.25687161275716275
0,0,0.25487969946902733
0,0,0.18636929242051714
1,1,0.45363145042071373
1,0,0.3501914421276171
0,0,0.27093178068841733
1,0,0.30578505000073775
0,0,0.2510096619552671
16,4,0.640476700329917
0,0,0.23727716656207543
0,0,0.27252840842521464
0,0,0.2073830550155327
0,0,0.17289684358468396
0,0,0.26603154998268497
0,0,0.20561863046812737
42,15,0.8979096079424592
2,0,0.3381792007984731
7,1,0.5436543541693768
8,0,0.36926188430293494
0,0,0.22273817404633003
3,0,0.3473819934100758
0,0,0.19321993940022103
0,0,0.21849653748367415
0,0,0.1901804455632557
5,0,0.4174141593420075
7,1,0.5313889626794063
0,0,0.22659170217908614
1,0,0.33251729194030943
0,0,0.2848434183487911
0,0,0.21293404890740436
0,0,0.1840621699769172
6,2,0.478183633229245
0,0,0.20068132772921998
1,0,0.3375128148049535
0,0,0.28043526985940265
2,0,0.3301881065572677
0,0,0.21089320069219933
9,0,0.37864968462834353
0,0,0.24849959139500227
1,0,0.38373128076115515
14,0,0.3365835349257222
0,0,0.29227867892297965
0,0,0.2936294195837006
0,0,0.2517336468830244
0,0,0.27821974213491985
0,0,0.21088803009398116
2,0,0.3320553504873361
2,0,0.30355140432052014
0,0,0.21117260742984256
0,0,0.1964485347945173
1,0,0.33836754086069704
0,0,0.1911585805567202
1,1,0.5031888041039239
0,0,0.19279663824568338
0,0,0.2729293770240378
0,0,0.2875822036979486
2,0,0.42100107961265293
1,0,0.36710352388023604
0,0,0.19631501769063606
0,0,0.2216473115120924
0,0,0.18812620038990385
0,0,0.16925586222913336
0,0,0.21418028156607424
1,0,0.4063059159557551
0,0,0.23664198751005605
0,0,0.2748790348596531
0,0,0.19329243462140583
0,0,0.29036555474774195
0,0,0.2493570410992235
2,1,0.5164427779318869
1,0,0.32541921882033836
0,0,0.2450691648720665
1,0,0.3263039204795646
2,0,0.3451291717352336
0,0,0.21905220845722898
6,0,0.3856119701716551
1,0,0.35710237735253963
0,0,0.17454530820419767
0,0,0.2990642357563214
1,0,0.32934136806033143
0,0,0.26646145641154645
0,0,0.18318604995490154
0,0,0.21058780482297768
5,0,0.3957933755934519
0,0,0.22532059347375613
1,1,0.6699340448371297
0,0,0.2918449637012489
15,1,0.47309689089776225
0,0,0.20813698238992634
4,1,0.48542548632342064
19,7,0.6660527886164022
2,0,0.3113375914618375
4,0,0.36734278713033713
0,0,0.24321786353438385
0,0,0.20055508556195986
0,0,0.2485998665325715
0,0,0.2239140390801508
6,1,0.4542740298573303
0,0,0.1979014348590947
0,0,0.2169940239269987
0,0,0.21104654588405294
0,0,0.19721483045123353
0,0,0.2668500316088399
1,0,0.42844217650146654
0,0,0.27221094574804566
0,0,0.22794929010480103
2,0,0.3552371719756962
0,0,0.20393149871501243
7,1,0.4990036902658129
0,0,0.17743860642368323
0,0,0.20192159154811468
6,1,0.516694046406698
0,0,0.22430970649346313
1,0,0.353308921483328
0,0,0.19275200832360803
1,0,0.30812822957133407
17,0,0.39599432921385086
0,0,0.22726823942939786
3,0,0.36734863020511466
0,0,0.19047204789587224
0,0,0.19269240433631463
0,0,0.256990492342273
0,0,0.20769951172550852
0,0,0.20298659595060944
4,0,0.3388899228056925
0,0,0.2351808313473136
0,0,0.294485158345581
0,0,0.2304910608980014
0,0,0.2504255381753429
9,1,0.5843522754232519
0,0,0.276920235063268
0,0,0.2700621064773231
0,0,0.29909501069260475
7,1,0.5031077338401346
1,0,0.3928592475618747
90,15,0.6770620612086211
0,0,0.19457231499543962
0,0,0.21482731100082206
0,0,0.1972698005778227
1,0,0.32560227895170285
9,0,0.37750390489009356
4,1,0.45254508704510127
0,0,0.254259133980636
0,0,0.24316802377588262
71,6,0.6595319100569862
0,0,0.2173575713429206
1,0,0.3139845758567978
0,0,0.16950930889320504
2,0,0.35264931104844494
0,0,0.2970132050596292
0,0,0.19143373549724224
0,0,0.25907396091604207
4,0,0.36581102756841716
57,3,0.5338033698993949
0,0,0.20018126983767007
0,0,0.23454904507734617
2,0,0.3263488859305411
2,2,0.513130768099256
26,5,0.6171626819528694
0,0,0.19797204028577675
0,0,0.18922560710493713
0,0,0.21098666206902691
0,0,0.27994408692809025
0,0,0.20142347338806493
2,0,0.3280514700264132
0,0,0.2927822876372173
88,2,0.49641759385338713
3,0,0.3458846091716521
2,0,0.32322422097089115
0,0,0.18679918934090134
0,0,0.2403407188212296
0,0,0.28208720611298205
0,0,0.20337204396590006
1,0,0.3161639804445487
0,0,0.20031328018621203
0,0,0.18957754865773369
65,0,0.41917120921545953
0,0,0.19120438814520893
0,0,0.2955933748883999
0,0,0.22064471239563457
14,4,0.6166067576630425
2,0,0.36601955178363577
0,0,0.18520261966349483
0,0,0.2911537323376841
2,1,0.47909630421999794
0,0,0.2132713469338898
0,0,0.18818553984795625
2,0,0.313725130228222
0,0,0.2517988224103143
7,0,0.3888658816774179
1,0,0.3412070060816613
13,1,0.47445707572380214
0,0,0.17139853428997978
0,0,0.27235489875496965
0,0,0.253118480350384
0,0,0.2200970859160097
0,0,0.25210818287573644
0,0,0.2518420397484355
0,0,0.2832584193636395
0,0,0.23044102241225548
0,0,0.2384508653167039
0,0,0.2170747474739972
1,0,0.30475400661294966
22,2,0.5169195214380886
2,0,0.3458537930421246
9,1,0.4680480675038157
0,0,0.20800191064106102
0,0,0.27913652361942115
0,0,0.23846321016549824
0,0,0.2771956286214221
0,0,0.19401433953251018
0,0,0.2934543810006684
0,0,0.26778135476007453
6,2,0.7412992309899773
0,0,0.2636155706403272
0,0,0.2962868061416686
4,1,0.49613101205040666
0,0,0.20443791454933855
1,0,0.3467430456931146
0,0,0.22055640977194885
3,0,0.3195253800022322
0,0,0.21032087352304005
1,0,0.3346607753017429
3,2,0.6998579271705455
0,0,0.2925897264096027
0,0,0.2007770736261689
1,0,0.31258089318572446
0,0,0.16404924793106995
3,0,0.3249086053783393
1,0,0.31255633047327336
0,0,0.19202479870463665
1,0,0.3497066139657397
0,0,0.23266121091504333
0,0,0.22659876274752286
3,0,0.3291933387265459
0,0,0.29575411942069463
4,0,0.4269475560749834
18,0,0.4312892454442985
0,0,0.15816648867333868
58,1,0.4631833105343651
1,0,0.31862512863786124
0,0,0.20393851083574502
0,0,0.2878107881153653
7,1,0.4766313569809719
0,0,0.1955177110137441
0,0,0.2522719222804288
0,0,0.2693563389681351
0,0,0.29508677829363644
0,0,0.25780310899256864
0,0,0.23567955936699003
70,2,0.47992656166716136
0,0,0.2872183906736787
0,0,0.25096690008260963
0,0,0.17786857330671274
0,0,0.25374945475594035
2,0,0.34407139886885973
1,0,0.30145261331544004
0,0,0.2850047416859525
2,0,0.3316822114693191
0,0,0.2487873918916769
0,0,0.1949868663811862
3,0,0.34093591267991247
6,0,0.42961021835245244
8,1,0.5659577941527988
0,0,0.27680221872472793
1,0,0.39790500517000477
2,0,0.36904557687207507
0,0,0.17736237621857207
0,0,0.21619126751089746
0,0,0.18618237179172814
0,0,0.16865646499064046
0,0,0.2769559754544781
0,0,0.2843245421822269
2,1,0.5201547936183385
0,0,0.1543679683250357
8,1,0.5796966572083626
0,0,0.2657482724566882
0,0,0.2807264397798933
0,0,0.19423574517710301
2,0,0.34766517873759084
4,0,0.40485725678446516
0,0,0.17905383513293233
1,0,0.43291859157878776
0,0,0.298534193968208
0,0,0.20627140926515827
5,0,0.4063759101723739
0,0,0.22336601925475155
0,0,0.22948096386425987
0,0,0.21894466566277504
0,0,0.29185290893757576
0,0,0.23791778965241492
2,0,0.43650542693077776
0,0,0.21726073615124092
0,0,0.21886765750414686
0,0,0.26867811861095126
3,1,0.47376930703836434
0,0,0.18082902096776002
0,0,0.23853112298975815
1,0,0.3262822134346535
0,0,0.200642527570308
0,0,0.29831189442632866
0,0,0.2833862467297356
0,0,0.2806675663450331
0,0,0.21993406466447024
7,0,0.4264718677904006
0,0,0.29944666687223404
8,0,0.4487021809405922
0,0,0.26626657229521417
0,0,0.21315664698428188
6,0,0.38810666438914504
0,0,0.2850644069497027
3,1,0.46224306471267723
3,0,0.36022530348264203
0,0,0.2354346839570825
0,0,0.16606085334283818
3,0,0.421334122850606
1,0,0.33134813638951666
0,0,0.24323404984169505
0,0,0.17627691176760238
17,4,0.5779405577081743
0,0,0.2659923015381025
0,0,0.26889778952429455
3,0,0.3652100416499974
0,0,0.2674655891329479
1,0,0.34132394271190053
0,0,0.2261075014492033
5,0,0.3752443078568063
0,0,0.27359040379227834
3,2,0.7514933877142093
0,0,0.22501775712125535
0,0,0.25423799810455855
1,0,0.3261880114854823
0,0,0.28256783844875216
3,0,0.44040469538385885
3,1,0.5423690574609752
0,0,0.2389005013600194
0,0,0.25658174933347533
0,0,0.23614256208315418
0,0,0.29722359399991266
0,0,0.29538954039197846
1,0,0.39972529191012
0,0,0.16563034065875157
2,0,0.3194452950475983
0,0,0.24712509469067043
0,0,0.21011660748554417
0,0,0.18070776301583374
0,0,0.2104542884667055
0,0,0.28239172185207473
2,0,0.3417945083463616
3,0,0.4496830151839077
0,0,0.2885485241173126
2,0,0.34123404956746956
4,0,0.4208454139631304
2,0,0.33019570920862196
0,0,0.26850663587157214
0,0,0.2271028303586788
4,1,0.7471621724307365
1,0,0.3463523132030705
0,0,0.2012583913237311
3,0,0.36149165063969
0,0,0.24143954694220515
0,0,0.2836072473395957
0,0,0.23572717882895597
1,0,0.3162845941535118
1,0,0.4267713813735248
0,0,0.21542378824762956
2,0,0.3255437199543112
0,0,0.2780642345052694
1,1,0.6639912183861786
0,0,0.24095329348390446
0,0,0.20116287484644058
5,0,0.37292765634465574
2,0,0.3053577742505333
1,0,0.3492082049686948
0,0,0.262182607613742
0,0,0.20802679923962406
0,0,0.29449873331662035
0,0,0.2995595908961642
0,0,0.24780359671380625
0,0,0.29612356839072745
0,0,0.2308985946821067
0,0,0.2851852655739076
0,0,0.2810554202525222
4,0,0.33090025126237477
1,0,0.30372982904924156
1,0,0.41289551405923114
0,0,0.27458213793176195
2,1,0.4705992066821193
1,0,0.3881434100594842
1,1,0.8389138809706871
1,0,0.32872248583082436
0,0,0.22846615553420793
0,0,0.24366845929931835
0,0,0.2673002900427763
0,0,0.26821093877699875
0,0,0.1989576411615944
0,0,0.20085419233620602
1,0,0.3896229135825882
2,0,0.31959567439082254
3,0,0.3385252922201507
2,0,0.4118727113525804
9,1,0.5287487702218672
0,0,0.29683920086556803
14,0,0.3569218308856923
0,0,0.1986595831401929
0,0,0.24502731734555785
0,0,0.18279480537504444
27,2,0.49429535794511503
0,0,0.19103103825339238
2,0,0.39432239051619355
0,0,0.16581286601350534
0,0,0.19940649537545352
0,0,0.21387961674857522
0,0,0.2181050917332881
1,0,0.436138271723095
1,0,0.3877820341329926
0,0,0.29539409882168827
1,0,0.40294630793137304
0,0,0.2911207781636237
0,0,0.28047111679059217
2,0,0.3398002415945218
0,0,0.2437428780250756
0,0,0.27836240502295984
14,3,0.5368924549420728
3,0,0.33853702556671095
3,0,0.3735397044379993
0,0,0.2493120990471752
0,0,0.1524254584259422
0,0,0.15930972773742025
0,0,0.18996833582746056
1,0,0.30526166099718277
0,0,0.2931590537640655
23,7,0.7197055393982413
3,0,0.37228611451422544
2,0,0.34913511009811465
0,0,0.2146112405026402
0,0,0.29141089472207393
3,1,0.4772018370059616
0,0,0.27048158016157786
0,0,0.23399475535308398
0,0,0.22260558055328916
0,0,0.21740896287416023
0,0,0.24492363070413722
1,0,0.3476044517196488
0,0,0.2678632363611606
3,0,0.3482322227686
0,0,0.25634589570804184
0,0,0.15697832827637295
7,0,0.39632445648781844
2,0,0.3694692377200851
64,0,0.43396313660392366
0,0,0.16468132250261341
0,0,0.23865861392788168
12,5,0.7106030307367396
0,0,0.19754853120728608
0,0,0.2872779066929401
0,0,0.2440964289926431
1,0,0.31866862386121686
13,1,0.4648896077161737
2,0,0.31843859804030494
0,0,0.18220042349977236
3,0,0.4393122438718706
0,0,0.20242467416743615
0,0,0.2693774618486497
2,0,0.3286057439465276
0,0,0.22497234910446076
0,0,0.26300147548163316
0,0,0.24812809310762104
0,0,0.27810332027119233
4,0,0.38526667796230096
0,0,0.27526357748735003
0,0,0.253710955341499
0,0,0.18274636733958416
0,0,0.24284458409819065
6,0,0.4037361090241815
5,2,0.46015057839735196
1,0,0.30334477180109093
0,0,0.15428358998889236
0,0,0.19422745582720138
0,0,0.26814865222640955
4,0,0.3664080975421157
0,0,0.28910208589087816
0,0,0.23782900953787728
3,0,0.4241341720214833
0,0,0.2405572509926284
1,0,0.30433130842472295
2,0,0.3198177398652019
9,3,0.7451741814964893
2,0,0.34306802416228394
4,0,0.3951176066570009
1,0,0.32488132997873725
0,0,0.1732884285958948
0,0,0.19772095323022912
0,0,0.23918377851408631
0,0,0.25871829320597967
0,0,0.2444899258598757
0,0,0.21140896560692407
0,0,0.19761666402144057
0,0,0.22673443818482011
2,0,0.30082648350588254
0,0,0.23058014807712024
2,0,0.31769162606290224
3,0,0.34296251855879367
0,0,0.2352948981549102
0,0,0.16661258387790653
5,0,0.3897289575708827
0,0,0.22225526130758705
7,0,0.36006720553575455
2,0,0.32751045010882096
1,0,0.37289784339143944
3,0,0.37606525682311753
5,0,0.3362948920853068
2,1,0.6093330384896782
0,0,0.24858411252574145
0,0,0.29236889961679857
0,0,0.20902956316461516
0,0,0.16528722050877734
2,0,0.3805004613601738
1,0,0.32225795531629653
0,0,0.23856288636504322
13,6,0.710720640470104
0,0,0.20957233789284985
0,0,0.2338635342683969
0,0,0.2890481576857037
0,0,0.2162953928703742
0,0,0.2529481226984955
1,0,0.38192177876899946
1,0,0.3089470283442662
0,0,0.22053730952516762
3,0,0.3492915276405706
0,0,0.26253977480274526
0,0,0.2541739642653064
0,0,0.2561941827610591
4,0,0.3529206151119351
0,0,0.20324326077057492
0,0,0.2199635139424889
0,0,0.2034388053521902
1,0,0.3196181904016672
1,0,0.32247282279167633
7,0,0.3647905860179014
7,1,0.4920233288478167
0,0,0.2530852680711134
1,0,0.3023701221051932
6,1,0.47464521803863025
0,0,0.2431651797214016
6,1,0.5781988305942156
14,0,0.42005249763435104
2,1,0.4511641033913458
0,0,0.2419277353877976
15,6,0.7241102679430503
0,0,0.20764614482563065
0,0,0.21489245397088075
0,0,0.1899982020308922
16,0,0.34602498108750024
0,0,0.2625015863240003
0,0,0.21305033513584185
4,0,0.3698781905901447
0,0,0.27512925362021845
0,0,0.16076792691563702
18,8,0.8576488365296279
0,0,0.24838895347585596
0,0,0.2025298079531686
0,0,0.20001939106759878
0,0,0.27881939673741063
0,0,0.20421937649171684
0,0,0.2247346880424213
3,1,0.46236587336718665
0,0,0.23254291366586557
0,0,0.18400807397094734
0,0,0.2819428769221042
0,0,0.19263797864622348
0,0,0.1691710777891534
0,0,0.23406354154304296
4,0,0.3489719106538157
0,0,0.25172874273286994
9,1,0.4743149560620156
2,0,0.34093448227475315
0,0,0.18251318690634494
0,0,0.1603713229620318
119,20,0.6834010374736864
0,0,0.17861087119335675
1,0,0.3872753061268829
0,0,0.2536340376196161
0,0,0.27433790521660406
0,0,0.18863509001051496
0,0,0.2837328983183966
0,0,0.26989170252223815
0,0,0.23544517800162038
0,0,0.2363825527172324
0,0,0.26464907656015757
1,0,0.3064394124102639
11,0,0.42610492921356435
0,0,0.21516986181548692
1,0,0.30337066085348413
2,0,0.3225065069238945
2,0,0.3235596683126383
0,0,0.2431884321585734
0,0,0.2731287316139032
0,0,0.2895939827257071
0,0,0.29085731222640926
0,0,0.2171432983741936
0,0,0.24363193458884408
0,0,0.2953956876932691
2,0,0.34651292823624136
0,0,0.2988211926845526
0,0,0.1885047830170611
0,0,0.19361929515477908
0,0,0.279237088473685
2,0,0.34723337477123567
0,0,0.21470091497251453
0,0,0.2850964104599837
0,0,0.28692227178379687
0,0,0.2739970095695103
28,2,0.4853130887304963
0,0,0.2922337517421349
0,0,0.21096725750855386
0,0,0.2651466826137724
10,2,0.473382394992587
7,2,0.48478311156847326
0,0,0.17632930832200386
2,0,0.3702184791536754
0,0,0.2606791635801104
0,0,0.25253618458011906
0,0,0.2520908847002392
1,0,0.31129658972558394
0,0,0.23770482395222034
0,0,0.21580200177354308
1,0,0.4129274050027456
0,0,0.2817920097600704
0,0,0.24449772349923363
1,0,0.3993691249412414
0,0,0.19978294016061093
1,0,0.31377488893307265
2,1,0.48489328731078596
0,0,0.22439188984787128
0,0,0.22358127977107822
0,0,0.21359878984033
0,0,0.23188220304099164
0,0,0.17944477320460492
0,0,0.2134695406736432
39,3,0.6565803654587691
0,0,0.22077123266386386
0,0,0.20353705990056922
1,0,0.3267843505427566
44,15,0.918667109502825
5,0,0.32487988676108237
1,0,0.33847817557063054
0,0,0.2382517597027908
3,0,0.3801367729995728
0,0,0.2316454999669225
0,0,0.2501017952956114
44,15,0.9028403747773323
0,0,0.24389269091889992
1,1,0.4886234422712689
2,0,0.3379335664273244
6,0,0.37038203525718755
1,0,0.3443840406075073
0,0,0.20350374454641235
0,0,0.20916280390201764
0,0,0.28553446512029956
38,0,0.4110808704260376
1,0,0.3190208200884346
5,1,0.5623280174058859
2,0,0.4453846982009716
0,0,0.1551570706777398
2,0,0.4484902710763185
0,0,0.2506870276065388
0,0,0.2897413057766734
0,0,0.21630474718729364
3,0,0.33599719115920734
6,0,0.4499221809846998
1,0,0.3699337133574022
0,0,0.2832176122962046
0,0,0.1662101729180219
0,0,0.27980847624185734
9,1,0.4584011773341188
0,0,0.2205097709928521
2,0,0.3746509085320687
0,0,0.21380417293911053
0,0,0.2212197589071127
0,0,0.19145751869349276
40,2,0.4697258060740344
0,0,0.2868878205035451
2,0,0.3331171160066573
0,0,0.22663790679276533
1,0,0.3730430477840283
0,0,0.20483083208717684
34,3,0.5482255110183266
4,0,0.3852849188935755
0,0,0.2327138700960669
9,1,0.5220455024179064
0,0,0.29872066561034977
0,0,0.28613303373700505
2,0,0.33479418581064097
0,0,0.23212051848430193
0,0,0.21264017770177404
2,0,0.33267559962892396
4,0,0.44780947846222025
0,0,0.21468960934016942
3,0,0.4351864171849186
0,0,0.28682982600351054
5,0,0.4054810989294768
6,0,0.39164402323589104
0,0,0.1950506300315201
1,0,0.3430974746590028
0,0,0.2881768967112397
2,0,0.40780084070722056
0,0,0.21982271625378175
0,0,0.1706185634541312
0,0,0.23728805425448596
0,0,0.18001196634449496
1,0,0.30071835126751084
0,0,0.20940017857741847
71,7,0.6304518548359341
0,0,0.25142772458471935
0,0,0.24809376596239385
1,0,0.3837443417667153
1,1,0.47099819837027396
0,0,0.28958557973191595
2,0,0.3054300573101677
14,0,0.44312367239519956
1,0,0.3170451988604428
4,0,0.37411758360877295
0,0,0.22493065288086095
3,0,0.3488833131970673
0,0,0.17103527517934847
0,0,0.20765289631108574
153,99,0.7718816800430515
0,0,0.2861397503385465
6,0,0.3436290614719841
0,0,0.1784160136255168
2,0,0.31387107429279115
7,1,0.4854007198097544
2,1,0.5939374083551594
0,0,0.29565378222323097
0,0,0.18944205727870292
0,0,0.2398794938088344
0,0,0.22860932650607962
0,0,0.28824908052306375
0,0,0.20216913449254612
0,0,0.20963009184990805
0,0,0.24316089925181258
0,0,0.2686265545716072
0,0,0.20644267141982608
0,0,0.26930311622296726
0,0,0.23686927066708
0,0,0.21483849058636664
0,0,0.2518981675735477
131,7,0.592387269766914
0,0,0.28375735463522117
0,0,0.2524516779620989
3,0,0.3281300788160259
2,0,0.3750459837341403
0,0,0.18060845868448078
0,0,0.22666930606601357
0,0,0.20082462897204784
0,0,0.2034432986593415
83,10,0.617104957022781
1,0,0.3554004028573348
1,0,0.3294834920725983
0,0,0.21286301680950523
0,0,0.28372838855157617
1,0,0.3231252225573004
17,6,0.6806222984762212
0,0,0.20279709227884812
6,0,0.3594073064983552
0,0,0.27316864624128273
2,0,0.4108095406676868
0,0,0.28615346023996
0,0,0.2873327516454657
0,0,0.18182918792310657
0,0,0.2531039568381854
0,0,0.2361980949440344
0,0,0.2708789013469538
0,0,0.18684216166692574
2,1,0.4877282080836467
0,0,0.22759834479520222
0,0,0.18423966133434527
1,0,0.3823170048008181
1,0,0.38782441583487515
0,0,0.2263860613826038
1,0,0.36668401029287295
0,0,0.24611979361707248
0,0,0.28086164861275903
2,1,0.47502820660332373
2,0,0.3201436975197719
0,0,0.28165497359228947
0,0,0.2856177066375585
0,0,0.25542076391680685
0,0,0.23133936336157016
0,0,0.25172792517757175
0,0,0.20037132384530865
0,0,0.1959217747869519
0,0,0.21604691541450166
19,4,0.5098321676496584
3,0,0.3705173725352325
0,0,0.19206927042717806
0,0,0.1871410168715194
0,0,0.1705079952602952
1,0,0.3054428333430093
0,0,0.21924729833531817
2,0,0.3093276532637267
0,0,0.21283438687571615
0,0,0.26632670207192
0,0,0.2448624858739966
0,0,0.26326699084818617
2,0,0.37579836790741644
0,0,0.19344687676431727
5,0,0.39389828159561513
0,0,0.2170195435555267
0,0,0.24682315871671742
0,0,0.2900292402927976
0,0,0.2426021249494678
2,0,0.35366299950509344
0,0,0.2899808400899044
0,0,0.22268652386147866
0,0,0.25556945291946354
5,1,0.6427066091617551
2,0,0.3956580813824464
0,0,0.2103190809038297
0,0,0.24072400144889944
0,0,0.2270982317721331
0,0,0.26893400892349456
1,0,0.3019719624273202
0,0,0.21676782318573087
0,0,0.20989368993743812
0,0,0.2272947096562527
0,0,0.2691760490875957
7,0,0.38444990023410885
102,5,0.6253636941878198
0,0,0.2577387416050555
0,0,0.19978548717477349
0,0,0.2729918593750134
4,0,0.30470649883341455
0,0,0.26131218896424646
0,0,0.26520821045360643
0,0,0.21339443064847535
0,0,0.2080724861264196
3,0,0.36533030345478684
0,0,0.2149747451949225
0,0,0.2125275646282844
0,0,0.2355868083385472
1,0,0.32865494507879334
1,0,0.39408398738768313
3,0,0.34565776930341985
0,0,0.2728139476754907
1,0,0.3383092053368232
0,0,0.2195298822255484
0,0,0.277241755191593
0,0,0.2231862587034108
0,0,0.29570719221066005
0,0,0.29614946210684906
0,0,0.15817145806632002
0,0,0.17672610322234655
0,0,0.29846689698314416
5,0,0.39675362203791686
1,0,0.37055586581436056
0,0,0.2758907419592258
0,0,0.2742212826096759
26,0,0.4034912127405045
0,0,0.27829607314028665
9,1,0.5723425138470902
0,0,0.2877718253721125
0,0,0.2947607081440769
0,0,0.19793663245243442
0,0,0.2099283916531961
0,0,0.21216744093585319
4,0,0.3948847001461403
0,0,0.1847449799887461
0,0,0.24489683786169514
0,0,0.19885776510071396
0,0,0.19271372540387624
1,1,0.527321239552368
0,0,0.28179521254320855
1,0,0.3227211759145453
0,0,0.22516467741004226
0,0,0.29901761074079564
0,0,0.23590285570983627
0,0,0.17425365654275363
0,0,0.22888232792630697
1,0,0.30595390322327215
0,0,0.2126337441629701
0,0,0.21802432361994462
0,0,0.20141474393448416
0,0,0.26454293405003415
11,1,0.4603229994727422
0,0,0.17160830151540166
10,0,0.41228829500592734
0,0,0.19356112240080173
2,1,0.5968625362836026
1,0,0.32856283034300204
0,0,0.22192617489539745
0,0,0.2773691250138716
2,0,0.3980601303802507
0,0,0.16067384338393387
0,0,0.2558239171602379
3,0,0.37110029971077485
0,0,0.22033361487214334
6,0,0.44895471444613355
1,1,0.5294164973304011
4,0,0.3367741209110937
0,0,0.2341225602876362
0,0,0.25489923253135155
1,0,0.3064973714853879
15,4,0.6189632151718281
0,0,0.2455337274868895
0,0,0.16925395188629502
3,0,0.3190608693161718
1,0,0.43643973020619237
4,0,0.3339368398725404
18,5,0.6399068826776813
5,0,0.4192377894217512
0,0,0.28630382031828744
0,0,0.2499270338240638
9,6,0.6899743615943144
0,0,0.2733229442328653
0,0,0.2273264735188917
0,0,0.202418693074022
4,0,0.35626362868702854
0,0,0.2096814533115567
4,0,0.3215520720728749
1,0,0.3432199132670568
0,0,0.21127322119530742
3,0,0.3322509268539052
1,0,0.3253796379252233
0,0,0.27497259651155437
0,0,0.16561748428453626
0,0,0.25202454743624103
5,0,0.35388249649341097
0,0,0.25299319832203476
1,0,0.43892043153113247
1,0,0.30040735788383455
0,0,0.2064591121878512
0,0,0.22109230971483765
0,0,0.1681774629234422
0,0,0.16774833972549205
4,0,0.32883752931400767
3,0,0.391202969932195
0,0,0.22824597967615462
0,0,0.21606732490538738
57,0,0.4184134268132236
0,0,0.26809434233424334
0,0,0.26299930648579123
0,0,0.2972364021975905
0,0,0.294813890115362
9,2,0.5590691309385096
1,0,0.3280057856272522
0,0,0.16685502970907695
0,0,0.2309954765549394
1,0,0.30316256863823127
0,0,0.22359567606638323
0,0,0.1819869913462445
1,0,0.3259612585989781
0,0,0.16648358202244695
0,0,0.22503971242374834
2,0,0.37855066664063375
1,0,0.3059825650977149
0,0,0.24024969211620023
2,0,0.4337239867375399
2,0,0.36322279313938566
2,2,0.5075323032301956
0,0,0.25649602074044947
7,0,0.40146941803433617
1,1,0.8597071219323935
2,0,0.32029047047081854
0,0,0.2715134531308758
2,0,0.318632707864661
2,0,0.31092086454635204
0,0,0.20883015079218406
0,0,0.2641972961881087
0,0,0.29468330602281084
2,0,0.3358885110376272
0,0,0.18491888607957194
0,0,0.23648371104134594
14,0,0.32785976211599854
0,0,0.27849093388691243
2,0,0.3308831136259736
0,0,0.2623928182365785
2,0,0.34032591802591367
29,10,0.7872445873853142
10,4,0.6151766305082368
1,0,0.3380386385365531
0,0,0.19072817070445802
0,0,0.2537021150926161
2,0,0.33409892481307085
0,0,0.28587448735527576
0,0,0.16203953524000733
0,0,0.29792898155565206
1,0,0.303226861297942
0,0,0.23010381004434086
2,1,0.4703926914463364
7,1,0.573645223503792
0,0,0.2800778349289384
6,0,0.4247280865025372
0,0,0.1827610798914503
1,0,0.30030503370896133
0,0,0.22720538138892718
4,0,0.39006077744634626
1,0,0.3294279336738951
0,0,0.2415349075701016
0,0,0.19030965092061522
2,0,0.3293332002728679
4,0,0.43034530479646393
1,0,0.3535662945841963
7,0,0.43086447641952447
0,0,0.2589472644256144
0,0,0.2642088080050222
2,0,0.4167192729235401
5,0,0.3855296510109154
0,0,0.21619793957923847
0,0,0.2143639721307601
0,0,0.29641242523702016
77,4,0.542337710574613
0,0,0.29824696620158436
6,1,0.5290476326395863
0,0,0.2451093713884613
1,0,0.30561432658247134
0,0,0.24345781991501536
0,0,0.2134372388062852
0,0,0.24048671047083275
0,0,0.2582412566381462
0,0,0.271459437201223
2,0,0.3414256282521451
74,6,0.6677672082605681
0,0,0.2886848781277262
1,0,0.3202700304766484
0,0,0.22801835539992085
0,0,0.2652619927104557
0,0,0.168578175892259
0,0,0.17738468479201389
0,0,0.21322499021733207
0,0,0.20100977310860169
1,0,0.30549640040328535
2,0,0.3949364522258009
0,0,0.26305760705458997
3,0,0.339332623665739
0,0,0.23031257095944077
0,0,0.26259713583672745
1,0,0.3950478474719816
2,0,0.4059435092041321
7,1,0.5584818657447956
2,2,0.4818901748941465
4,0,0.3693976313179581
0,0,0.2167357495459816
0,0,0.2614625933093911
0,0,0.233946957902139
3,0,0.33076494712430554
5,0,0.39934792772379485
2,0,0.38585243350859755
0,0,0.22619094225456926
4,2,0.49181368160453653
2,0,0.38043525178014065
0,0,0.24814164148399998
0,0,0.23366467480037814
0,0,0.28079819167475867
0,0,0.2348582992440308
1,0,0.3175264585051046
19,6,0.628344974940513
0,0,0.24780914371786109
1,0,0.3319099380454098
0,0,0.2813734375617814
0,0,0.18928028022558951
6,1,0.5335798882944691
0,0,0.19137912541194818
34,3,0.4932164826447835
0,0,0.19686520454165643
0,0,0.287956010427327
0,0,0.17821416029376097
0,0,0.2609886723246054
0,0,0.239092371372582
1,0,0.31754199564239394
0,0,0.28682650962979767
2,0,0.37684253449931493
0,0,0.2980264694785491
0,0,0.2816168379198382
13,7,0.6020288917047609
0,0,0.16129444016452882
12,4,0.6291614113695329
0,0,0.23375021346474018
0,0,0.2415858997748975
4,0,0.3727589312770953
0,0,0.19596981688877596
0,0,0.2683130816209163
3,0,0.4413472187044384
0,0,0.21231997734337135
0,0,0.2933612782964738
0,0,0.2957046105300133
0,0,0.2669885352132399
0,0,0.21769574474037734
0,0,0.229987894358009
0,0,0.1809159824271412
0,0,0.250659331878774
2,0,0.3892019370486861
0,0,0.2375257395787951
0,0,0.27597230213631163
0,0,0.21941242949015258
1,0,0.31219589614961674
0,0,0.25434779389286066
4,2,0.5671996014243799
0,0,0.232377738012413
3,0,0.40592387694836096
2,1,0.4562904737032792
1,0,0.32400399235546007
1,0,0.3061088311601973
40,10,0.7140414651526619
7,0,0.42420910455571925
1,0,0.32040550059366163
1,0,0.3097170579667324
1,0,0.33376999045816447
0,0,0.2790907006656892
0,0,0.27181462201140477
1,0,0.33734248023712865
1,0,0.36824861540098497
69,4,0.5634189763079159
2,0,0.31050139439555946
2,0,0.37916824238678903
0,0,0.24948093128332438
2,0,0.372001862558898
4,1,0.4869058655882167
0,0,0.2675965062490531
0,0,0.2092666867982868
11,2,0.4807555118849972
0,0,0.22104687725543865
0,0,0.23974890907748841
1,0,0.37493338981743224
1,0,0.33474780424169115
4,0,0.41335869367832645
2,0,0.33074631203255545
3,0,0.3066957515182176
0,0,0.22292626866283807
0,0,0.28731021334915613
6,0,0.33760478575447
0,0,0.2574680460918777
0,0,0.22011166705578286
5,0,0.32722769895566794
2,0,0.35134188849670256
0,0,0.19387435954222035
0,0,0.25890195402298116
0,0,0.25045183872007687
0,0,0.18102793529617447
0,0,0.22676273705749023
0,0,0.22043168167627994
0,0,0.1908745442944244
1,0,0.3835317306268543
0,0,0.29229902395979895
1,0,0.35058305611467033
0,0,0.26529750831396337
5,1,0.4984590784507454
107,8,0.5981479981852955
0,0,0.26823734189812815
5,0,0.35049971241148403
0,0,0.253543032325603
0,0,0.25156597215129145
0,0,0.19380339308405944
0,0,0.29026531344887907
0,0,0.2333965644841144
0,0,0.20020937803681663
0,0,0.20717390108011632
0,0,0.1940652893915611
0,0,0.27255969718873785
109,18,0.6508688805528546
0,0,0.22043151615608322
2,0,0.32417083856487017
0,0,0.261387808240127
0,0,0.2757291123657542
0,0,0.20394212427893504
0,0,0.2203929964426338
2,0,0.32791393528390583
1,0,0.3196769234497844
0,0,0.21705291592373907
10,5,0.6423993705529389
2,0,0.37229103097029514
0,0,0.22854647964432007
2,0,0.37716143296892507
1,0,0.30441528420116576
0,0,0.29789464137067456
0,0,0.23629780754885904
6,0,0.41805856790266743
1,0,0.4428504421878148
0,0,0.22942436188018064
3,0,0.379849282063553
2,0,0.330642577725613
0,0,0.2996873898744729
0,0,0.20678026837183877
6,0,0.33816623299341525
6,0,0.395309916630541
0,0,0.28909767968747446
2,0,0.3369868736637619
0,0,0.21683803938919713
0,0,0.2604410180535097
0,0,0.2013820791507562
4,1,0.49878092161241383
0,0,0.26893025282226524
0,0,0.2334953872469639
0,0,0.2670515219101082
7,2,0.500025445585564
0,0,0.2563743376195348
0,0,0.1854129194600427
1,0,0.3815681965624127
75,5,0.6116574541388405
0,0,0.2182149542599957
1,0,0.3668049280991708
0,0,0.22182441023148441
0,0,0.2141096136530498
0,0,0.14099006132575365
8,1,0.4512930594436618
1,0,0.3015721458475038
0,0,0.29862423016638096
0,0,0.1901950511563456
0,0,0.27023074771141814
79,5,0.5475083465954088
0,0,0.19274463048079254
0,0,0.271450395963802
0,0,0.22974256885738517
0,0,0.25968480266499916
0,0,0.2323567886898075
0,0,0.24594498253397995
2,0,0.3195516049008671
1,0,0.36873190552912555
0,0,0.19826303017443198
1,0,0.3116071449603237
0,0,0.2696578160567135
0,0,0.25515233179770175
0,0,0.1771631011118685
0,0,0.23884583713645102
0,0,0.24175269420168866
1,0,0.4101739930160817
32,6,0.6440703472467443
0,0,0.23701975643852757
0,0,0.2545001408777984
0,0,0.2670965578127258
0,0,0.22456034290852392
0,0,0.26618727870300907
1,0,0.3711159575655955
0,0,0.2786074827049928
0,0,0.22510939478100433
0,0,0.2822925247085353
4,0,0.381436818946324
1,0,0.3702368107655823
0,0,0.20428803341325522
0,0,0.2021661466453766
31,2,0.48901753856372154
2,1,0.5296222196427978
0,0,0.21424472502881858
0,0,0.24311940153400902
0,0,0.2821233649136387
20,0,0.3383391737529521
0,0,0.24187666352823015
0,0,0.22544984895814998
0,0,0.19423138808730292
0,0,0.20341533152439753
0,0,0.24556745059365795
0,0,0.2257099395294882
5,1,0.649664118045171
0,0,0.23909428325526627
0,0,0.2221236473298647
23,1,0.4741476764357654
6,0,0.4099607039937822
0,0,0.18635329045100885
0,0,0.20778239822708205
3,2,0.7394010885421025
1,0,0.33924463265988747
0,0,0.2530650001836263
0,0,0.19479215296514707
0,0,0.22457629589595887
0,0,0.22977811450387292
1,1,0.46271173978030467
52,3,0.5998498631692938
5,1,0.5333475933187742
0,0,0.28337877204100387
0,0,0.2051575835825856
0,0,0.23110768510118182
0,0,0.2687777819864819
15,4,0.6098750892467809
1,0,0.3276518166920907
0,0,0.19516520164308737
7,0,0.44647022761984717
1,0,0.3682777158924838
1,0,0.3240238267138985
0,0,0.2847585435401753
1,0,0.3125949865127027
0,0,0.29869605852939496
0,0,0.26481394335804737
2,2,0.4893519705605478
1,0,0.3482940984830762
0,0,0.22790147614301431
2,0,0.345793060663243
0,0,0.182737880520206
1,1,0.4931744465515597
0,0,0.29243746081107114
0,0,0.2874376872612731
0,0,0.28697499902325524
0,0,0.17123562313369473
0,0,0.23905217942426366
1,0,0.385091375254814
0,0,0.20602277679218642
0,0,0.28473992920324703
0,0,0.24969707735023294
1,0,0.30106072265793865
0,0,0.2907269062871477
1,0,0.3231487744673785
15,0,0.4029812805899631
0,0,0.25873399399118496
1,1,0.6214919991328651
0,0,0.17388619129501012
2,0,0.32330432629781675
0,0,0.19875990034110755
1,0,0.3080369846759069
0,0,0.2982547497605547
0,0,0.144263629428887
2,0,0.4050985080648044
0,0,0.23935501746387136
0,0,0.28426458104247
0,0,0.24221403139772718
1,0,0.31129214000688615
0,0,0.1853224398394457
0,0,0.17408428536166226
0,0,0.2911367511541498
0,0,0.28982902280640765
5,0,0.39104327433759545
0,0,0.29021493438379226
0,0,0.2828545082787619
0,0,0.2764609517640026
1,0,0.3017692480072513
2,0,0.37094204918653817
0,0,0.2918114966859068
0,0,0.1779651185880865
0,0,0.20798345573256483
0,0,0.16386588154940693
8,0,0.39416638333422227
0,0,0.26165241698761005
2,0,0.41206106859925234
0,0,0.27197586283531033
0,0,0.20437099585785184
0,0,0.26446266990532785
3,0,0.3640835589622401
0,0,0.21964990259013006
0,0,0.22377374431930402
0,0,0.21488385034801205
0,0,0.16310339352160225
1,0,0.3159358497282557
0,0,0.2135899157034402
0,0,0.2896309813723905
1,0,0.34984535312377646
1,1,0.46806440240941016
0,0,0.21940508619811647
0,0,0.17667692891644668
4,0,0.39682414656735987
0,0,0.21079799281668535
0,0,0.2996945961331607
1,0,0.3157754863724612
0,0,0.28180613324476317
6,1,0.5524871004872638
0,0,0.19153934439517653
0,0,0.20457168989653246
1,0,0.3554102451893221
0,0,0.1967312335353088
66,9,0.6067551014336436
0,0,0.2201905811986235
50,0,0.4394112717651892
106,21,0.6318221061255308
0,0,0.211454639263866
0,0,0.28325007594382445
0,0,0.18833328471476082
10,0,0.4319577613872618
5,0,0.3827526970898073
1,0,0.30560214601061775
1,0,0.3073574984459117
8,2,0.4740920702354725
0,0,0.21515484540426894
3,0,0.32891712265462175
8,0,0.3889405842530496
0,0,0.20890062566864326
0,0,0.2995762313539845
1,0,0.38039283993209566
0,0,0.22472427109455448
0,0,0.24567031160213665
0,0,0.23981015278263407
0,0,0.28485122566764276
0,0,0.2968186977232061
0,0,0.28836460784621054
6,2,0.5573777269784975
0,0,0.25360953143283066
0,0,0.2231554779187785
4,0,0.41866548697185296
0,0,0.1667680094002342
0,0,0.234238960441959
0,0,0.19179853196448451
0,0,0.20550266319503296
0,0,0.2918381536847256
0,0,0.25445279513279395
0,0,0.20545791370036873
0,0,0.24080992857772812
28,0,0.37251518342946827
0,0,0.23881134446003
8,0,0.39408705840137537
0,0,0.2664335843564406
0,0,0.18461937197545553
23,3,0.5180129001501086
0,0,0.2482830431038704
0,0,0.1777260120018558
0,0,0.28327594465561085
29,2,0.6856809711971649
0,0,0.21354824855864787
0,0,0.25241584828370867
0,0,0.22782781105983319
1,0,0.30975991271684866
6,0,0.4233360614232486
0,0,0.1602133516988873
3,0,0.39291877604173814
1,0,0.32992662921550775
0,0,0.2074666480208515
2,0,0.3100896875656414
0,0,0.1909733121727483
0,0,0.20752185293637088
0,0,0.20871636574870306
0,0,0.2367721310524412
1,0,0.30145882448299155
2,0,0.36151036861984787
0,0,0.16754669213757709
0,0,0.2136495422794637
0,0,0.23142699132417602
0,0,0.2827744609914448
1,0,0.31427930884587363
2,0,0.37086898395618795
2,0,0.3569048411754896
3,0,0.3588697824755468
1,0,0.38761427214090893
1,0,0.41108502768935773
1,0,0.316131175398608
0,0,0.23449432314244523
0,0,0.20876099979595408
1,1,0.73916323557154
1,1,0.8386865143059966
0,0,0.1992300119029958
2,0,0.32351483737191883
0,0,0.24530018515659166
0,0,0.24471472080922813
10,3,0.6531026142752936
0,0,0.2099162146051021
1,1,0.523899532479566
0,0,0.26583775298209483
21,0,0.3512427271283522
1,0,0.3522105578136361
0,0,0.19430164482127985
0,0,0.2422301268780022
0,0,0.2762811204624361
2,0,0.312158804217424
0,0,0.2864241258091851
6,0,0.4061187487170043
2,0,0.3403005145268488
59,0,0.44936389709350827
0,0,0.24790352071267144
6,0,0.38339223187265276
4,0,0.44349383399121206
1,0,0.39544680394622367
0,0,0.21478653759650979
0,0,0.2659205998724157
4,0,0.3192994786366861
1,0,0.377025086627725
0,0,0.2574870702752253
0,0,0.23047274080880667
0,0,0.21765654531069886
54,3,0.5158799073257496
0,0,0.2164674845238937
0,0,0.18636901687094237
30,3,0.5451392481220615
3,0,0.35950735220175517
1,0,0.31675522112429644
2,0,0.320114455655
1,0,0.35081686907965914
0,0,0.18088578869949337
0,0,0.2643234179973335
0,0,0.2955925163997717
2,0,0.32154350584364966
0,0,0.22237979267455224
0,0,0.18443409849021783
1,0,0.34461701831181596
0,0,0.2882357159406756
2,0,0.3657318518569211
0,0,0.22931488629026317
0,0,0.1895363773625329
1,0,0.36248875358344806
0,0,0.2447370391183948
0,0,0.20492737594708935
0,0,0.2670424222660977
1,0,0.3571026465627168
0,0,0.26352585605571444
0,0,0.22287137854756955
0,0,0.27265747428261494
0,0,0.17287133445208294
5,0,0.3380738740852122
0,0,0.2627150421509487
0,0,0.27122533353093814
3,0,0.30826422193458136
3,0,0.3767333187900522
23,7,0.5576541849121155
1,0,0.3748849926959756
0,0,0.21637126416765906
0,0,0.2387800683392608
1,0,0.3044748694638824
0,0,0.21089127686227893
0,0,0.24225952827211816
5,0,0.3670657686035743
16,0,0.3773763265233306
0,0,0.18512166038080946
0,0,0.24813464945082764
0,0,0.18566036074354894
3,0,0.3919468646674393
5,3,0.7396027131248057
0,0,0.18557913652328908
131,79,0.7880783226201166
0,0,0.24574660968523426
0,0,0.21830163865019808
0,0,0.270159104987271
0,0,0.20289932659578538
2,0,0.33684623897567445
0,0,0.2561974142861361
0,0,0.18287357881269045
1,0,0.3442053092688601
5,0,0.4240539257586397
0,0,0.238677292943133
0,0,0.2734651206989727
0,0,0.1875883883785679
0,0,0.24520201402098768
2,0,0.38236696314749935
2,0,0.3324236611914495
0,0,0.22990411966292396
0,0,0.2403202892348064
5,1,0.4508580567236496
0,0,0.23173677781244506
0,0,0.2582694864656873
1,0,0.3191605923185216
0,0,0.2517663442056146
0,0,0.2838532915300392
0,0,0.2900502800580702
31,2,0.4937973027209708
1,0,0.4013681836111318
1,0,0.3306128880041403
1,1,0.459177049607771
0,0,0.2661100275235826
5,0,0.3642666134350765
0,0,0.231695990231338
0,0,0.28214344464927654
0,0,0.2621597466106442
0,0,0.25259161454111
2,0,0.3405148912811512
1,0,0.30378971691297463
0,0,0.24577243999046394
0,0,0.28905896548922944
0,0,0.22348251503068506
1,1,0.49956325254266576
0,0,0.2016232586693409
9,3,0.6522758470157568
7,1,0.4621787154567165
7,0,0.3950868274965662
0,0,0.265713357381545
0,0,0.2994589282511778
0,0,0.27801477816823084
0,0,0.24618818638413945
4,0,0.41885946976653854
0,0,0.1960138912054295
0,0,0.18179319954414455
0,0,0.20565977090412252
0,0,0.21724600436284636
0,0,0.17423156130958148
0,0,0.2531673427033637
2,0,0.43062726154048797
0,0,0.2250807569979951
1,0,0.3216242992127014
0,0,0.18431521816517693
0,0,0.1967547903597293
0,0,0.1980270398791832
0,0,0.17849618316708124
5,1,0.6153543985707964
0,0,0.240660125667723
0,0,0.19653956761779606
0,0,0.2263320999855164
0,0,0.29548561683711144
1,0,0.3013663713133324
0,0,0.28760680772221736
0,0,0.21339589697187636
90,9,0.6788561839255438
0,0,0.25611409701866944
0,0,0.22925033137925402
0,0,0.282267062405166
1,0,0.39218853477394866
1,0,0.3358966936467925
0,0,0.20361670154583927
0,0,0.2240712913113353
0,0,0.162950571552602
0,0,0.2862232241828241
2,0,0.4267862512536256
0,0,0.17759695539612894
3,0,0.38271468260859326
0,0,0.2552905287562177
0,0,0.25394096503321417
0,0,0.24787962567341523
0,0,0.23620190734524088
60,1,0.45105505741636315
0,0,0.27271536984005484
0,0,0.22507824180981262
1,0,0.41974693467677454
0,0,0.1648750675853814
32,2,0.4586874092032892
1,0,0.39246685261984116
1,0,0.3525770616381384
0,0,0.28325644074910145
1,0,0.30728652980985505
0,0,0.23732562167070145
0,0,0.27777002537679
1,0,0.3087709047809773
1,0,0.3094842050904179
0,0,0.2480259383912568
0,0,0.2557410158769353
1,0,0.3052271782604217
0,0,0.20617366501005832
1,0,0.3814592808652221
0,0,0.19767695677699257
0,0,0.27411254024708526
4,0,0.4483659243814783
2,0,0.33637565978339773
1,0,0.30671478243283684
1,0,0.41596082892013997
0,0,0.2587471367284186
0,0,0.2511275199379697
18,8,0.8338322354878095
2,0,0.3570657068986426
1,0,0.32510913933569063
62,4,0.5371525443909362
0,0,0.2595966632716507
0,0,0.20947868754040144
1,0,0.34754526593293444
0,0,0.29722191707922657
0,0,0.24453682581880898
0,0,0.26548278399573155
1,0,0.3665634879679587
0,0,0.19208792048571102
3,0,0.402753970703287
7,1,0.47327011089783205
1,0,0.30340341830791745
22,2,0.47682013155601594
0,0,0.21487421330595896
4,0,0.4106788489104453
0,0,0.21165483635698518
1,0,0.3273339094359442
0,0,0.20779350232923077
0,0,0.25088394991080387
0,0,0.2220881496761237
1,0,0.39551298267257506
1,0,0.30990305635547705
2,0,0.31962059829223693
0,0,0.22521701696688465
0,0,0.28492696093581504
1,0,0.38625261218934714
0,0,0.15618332124172712
0,0,0.14688281045860027
0,0,0.24795979302352905
4,1,0.4836096605739726
0,0,0.24905066133744144
1,0,0.30397216216095696
0,0,0.2911877693491016
0,0,0.23298212527431708
0,0,0.17848936333530843
0,0,0.245714249279369
0,0,0.23438875961464506
0,0,0.2084761328756762
0,0,0.23037013762118583
3,0,0.44802566768818713
6,0,0.3833840151230933
0,0,0.22202217099401939
0,0,0.20364883420029778
0,0,0.1712675157636563
0,0,0.29050196212790447
0,0,0.23915196289795881
5,0,0.3648324283750211
3,0,0.35316570335281766
0,0,0.1789457980596312
0,0,0.2679308744101624
0,0,0.21145375770781075
2,0,0.3324375785375262
0,0,0.22547064224248034
0,0,0.26473937321038776
0,0,0.17989101297711435
84,17,0.6272003874335834
0,0,0.2093035363416661
0,0,0.18942652730386805
0,0,0.2761589359472988
0,0,0.19412702287141193
0,0,0.2777670074736906
0,0,0.21860416168889135
0,0,0.19500397923141713
2,0,0.35733250878310346
2,0,0.33289643625892207
0,0,0.20490514047144315
0,0,0.261008309717692
0,0,0.20073789031363076
0,0,0.2764389119214716
0,0,0.20605187329021263
0,0,0.2996698132649812
0,0,0.19117374243343302
0,0,0.2945682977929821
0,0,0.1941144714258447
0,0,0.22705839520518273
0,0,0.20973250842098295
0,0,0.20797079528133555
0,0,0.259233043830832
0,0,0.17911919926884162
2,0,0.34447853768908415
0,0,0.2590280739710351
18,3,0.5915884140729425
1,0,0.4184318549530062
0,0,0.27259056277156735
0,0,0.29320214690438035
0,0,0.22315985705099772
0,0,0.2216244960028578
4,0,0.39119563890075343
1,0,0.30430046107246067
2,0,0.39478486421216064
0,0,0.19386380289265953
0,0,0.24912699177591954
1,0,0.32544649890830224
3,0,0.4263416454821478
0,0,0.22642949818615543
7,1,0.4506538601526632
3,0,0.350273275353905
0,0,0.21245027625509633
1,0,0.30959477582822753
0,0,0.17833877704589288
0,0,0.271950890584473
0,0,0.20632012281508486
2,0,0.3565244625046872
1,0,0.30884947794416695
0,0,0.21829568526337848
4,0,0.3905157257014482
0,0,0.2860358729160503
7,2,0.732368528993961
0,0,0.28690312088847175
12,3,0.5916983185195485
0,0,0.21301596726398517
4,0,0.3666003468796768
6,1,0.45806951522736883
13,5,0.6958403114989067
8,1,0.47038193783462234
7,2,0.5040912491620605
0,0,0.22637936712166606
0,0,0.26853779866922683
1,0,0.300309068892747
0,0,0.24842626792420433
3,0,0.3493675653417615
2,0,0.4482835692866271
1,0,0.41808718043267185
0,0,0.2243665501703603
2,0,0.31309081530813476
3,1,0.7461156205698122
0,0,0.2013907825861253
0,0,0.20663657313782516
0,0,0.2434116059058905
2,0,0.3846450614262646
0,0,0.2667874439174115
0,0,0.20961687183871
1,0,0.3446783248868091
0,0,0.1748130137817492
3,0,0.4366863714903547
0,0,0.16224139503763213
2,0,0.34771543560516305
4,1,0.48101901293444244
1,0,0.34092939881541534
1,0,0.31201205546728655
0,0,0.19168199331942284
0,0,0.2541350448967621
0,0,0.21361915965283557
2,0,0.4098241928055806
1,0,0.3250613087096667
0,0,0.20488026871426337
0,0,0.2982653645636284
0,0,0.22454894307623988
14,2,0.56366781088246
0,0,0.24618629345873702
1,0,0.3202872408894232
0,0,0.21901064536358977
0,0,0.24476641190701975
0,0,0.2805670479064659
0,0,0.19013510003098738
3,1,0.5110606395775917
0,0,0.15562438256432343
0,0,0.19951849610254613
1,0,0.31952582860037965
0,0,0.2657041295964123
0,0,0.21252586015271235
1,0,0.4063425752595904
0,0,0.18668396745340024
3,0,0.34466852633683215
0,0,0.256028245786797
0,0,0.23683333789885352
4,0,0.3767887004043676
1,0,0.3899833147515034
2,0,0.34566987523494563
0,0,0.2843064182021196
0,0,0.16317009980086972
0,0,0.17957144413643575
1,0,0.316098813436764
0,0,0.1998019115458808
0,0,0.2706121181913807
1,1,0.4776052582301478
0,0,0.27623766428578755
0,0,0.20204575340899322
0,0,0.22395597412067952
7,0,0.3573980133725273
0,0,0.21022680635236793
0,0,0.24102022211477928
0,0,0.2642837590323414
0,0,0.23344664257159253
0,0,0.22408760835793326
0,0,0.22471176406935078
1,0,0.3013133414475162
0,0,0.29335924127470153
2,0,0.34298347618869013
0,0,0.17491537462404266
0,0,0.2871628265764548
0,0,0.23545724329405077
0,0,0.19612852512665285
0,0,0.15947460066051786
0,0,0.2853147235760642
56,0,0.4317416058929154
0,0,0.2961083386304469
0,0,0.2778920912791146
0,0,0.15782933269999266
1,0,0.30199965988568234
0,0,0.24153946065370865
0,0,0.2724418128789496
3,0,0.44883281356989185
1,0,0.318892087079044
1,0,0.3549832615403476
0,0,0.2035760752364106
0,0,0.23792807612390066
0,0,0.27052726871941923
45,3,0.5384971228923628
0,0,0.294624288955107
0,0,0.2862785049584698
1,0,0.3499274175710528
1,0,0.44603827497425313
81,3,0.48552234912669084
0,0,0.23897947573843897
1,0,0.3076649158536059
3,0,0.32569311981402294
1,0,0.36763849907762286
0,0,0.22543346309522444
6,0,0.34361910505308385
0,0,0.2968828390502792
1,0,0.3616369343581935
1,0,0.3365577454497967
0,0,0.2900504342654155
0,0,0.19980035748810168
1,0,0.34973056611924436
1,0,0.4021346746970238
0,0,0.2529040671948632
3,0,0.3089282258325649
0,0,0.267935577274386
13,3,0.5861756864518001
6,0,0.3805366238720407
1,0,0.34161295483025794
0,0,0.2955425161064687
0,0,0.29917683053579414
1,0,0.36485389028719434
0,0,0.19253948588158845
1,0,0.3175294619621169
0,0,0.1981509643232404
14,7,0.724423999260793
2,1,0.4513082453558067
1,0,0.30864375272114425
0,0,0.17934211228385316
1,0,0.39671862658908014
13,3,0.5107942122214578
1,0,0.31168930571845643
0,0,0.1985821921080425
6,0,0.42838197494662233
8,1,0.5590345698005117
1,0,0.33746944150211716
0,0,0.21275955319633333
0,0,0.2535935961349045
1,0,0.3522595539242397
0,0,0.23844821506863298
0,0,0.1779652146192412
0,0,0.1950776858792583
3,0,0.4370556416434705
1,0,0.4228292237814467
0,0,0.1966210186005963
0,0,0.20436918289724812
0,0,0.20045083382953657
0,0,0.23332932842619708
0,0,0.1984806157834104
0,0,0.28030226787567775
5,1,0.5263168113314782
1,0,0.4244926183495526
0,0,0.19106405881438177
1,0,0.33704813632313374
0,0,0.18523766904209435
0,0,0.17850000282774842
0,0,0.1856679178905528
0,0,0.23945055820692915
1,0,0.339884756768542
0,0,0.24890622772348556
0,0,0.21336005129683086
4,0,0.41604941170723386
0,0,0.20569520981597586
0,0,0.25556662967301547
0,0,0.28789377602804117
4,0,0.3812615705061389
0,0,0.24878973520478118
1,0,0.32347077438367033
0,0,0.23134627086042742
0,0,0.20132026309533405
0,0,0.21779652734080923
0,0,0.27113315764324014
0,0,0.27335546850550496
0,0,0.225737352175537
0,0,0.27592276212434974
3,0,0.3724299550266117
0,0,0.20850586575483793
0,0,0.24876461670019104
4,0,0.38761329546375584
0,0,0.18209654311130963
5,0,0.4191940488097131
4,0,0.4278548979826429
1,0,0.3181262121211784
0,0,0.20196880007447623
0,0,0.19126229041919623
0,0,0.259391621743691
1,1,0.5054616560676188
0,0,0.20726684215609
0,0,0.1554400124048141
0,0,0.24481735110759778
94,9,0.7489627996624508
0,0,0.23731756094015535
0,0,0.18468002331058847
0,0,0.24883643865181154
0,0,0.23494383512436584
3,0,0.38895315829941196
0,0,0.26297558785199865
1,0,0.30853054196642643
1,0,0.3384014599553514
20,0,0.4014896710801433
0,0,0.22411178808442908
0,0,0.17307026953770369
0,0,0.23236338260080813
1,0,0.40861373362016634
0,0,0.23609222612614852
76,0,0.42169149684576446
0,0,0.24277089011889078
0,0,0.18820490774296347
15,1,0.5280474600758556
0,0,0.25359407198966094
4,1,0.4743236285141347
1,0,0.41089148941684395
0,0,0.20835118489414642
0,0,0.2845408714748554
3,0,0.3666837170643192
0,0,0.19085680171082742
0,0,0.22346645962758557
0,0,0.16227536792731498
4,0,0.32427616448450747
2,0,0.42440126495001296
0,0,0.20786129233070244
0,0,0.2812798990138431
2,0,0.37898144788350213
2,0,0.3173194617575288
7,1,0.5291759067192543
0,0,0.22302830136594723
2,0,0.340408900322562
0,0,0.24715796105561916
0,0,0.20462325610558832
5,0,0.3530547274785685
0,0,0.2941639690512538
3,2,0.5286731519589741
0,0,0.21871077136459802
0,0,0.17660894654650058
5,1,0.5095166920711311
0,0,0.21780107271659677
0,0,0.257078809382357
2,1,0.6095698034236785
3,0,0.33891496177763764
0,0,0.2791235436184447
0,0,0.1974601755193798
0,0,0.2933046618398632
0,0,0.2629301745114465
0,0,0.29989651691383823
0,0,0.249076377673114
0,0,0.2900131171631104
1,0,0.334045048498129
3,0,0.3747654863832123
1,0,0.3251697392230495
10,0,0.40796742631939836
1,0,0.3444171761931065
0,0,0.2530174666130311
1,1,0.45470384690095256
0,0,0.2928040552771514
0,0,0.23342453680833758
0,0,0.16745013471209128
0,0,0.22680080392849092
0,0,0.22664233416589438
0,0,0.22715394341371553
0,0,0.16706826806409733
6,1,0.6882467317065153
2,0,0.3716201505952282
0,0,0.2396675508735807
0,0,0.1509651029908145
3,0,0.3788725420573085
0,0,0.18550886720032447
0,0,0.2677764923975742
0,0,0.2044310826425603
0,0,0.22708499419358386
0,0,0.28055884534826664
1,0,0.3022421559932244
0,0,0.22777942454538377
1,0,0.3594413840863677
0,0,0.23596472004706753
0,0,0.24415401655464997
1,1,0.8347115885927692
0,0,0.185857256083774
52,5,0.5604964661932286
3,0,0.34899280817611583
1,0,0.32879725855130776
0,0,0.184291834723157
0,0,0.17780842669432573
0,0,0.29185460051800016
0,0,0.23110185153019336
0,0,0.25685967903293866
0,0,0.20065992164484966
2,0,0.44942575913891464
9,0,0.359717067961461
2,2,0.7815016002414747
12,2,0.4823963734215311
0,0,0.18786254754323972
6,0,0.3681799850058555
0,0,0.2767247716518657
1,0,0.3646954402478034
1,0,0.3472254600833553
1,0,0.3373901071914325
0,0,0.26537641791125044
0,0,0.1694060498003877
0,0,0.19639267027361648
0,0,0.23575508402096637
11,1,0.4722903331238598
1,0,0.30824260351148913
0,0,0.22921529688943854
0,0,0.2831844950770047
0,0,0.15928567464355167
1,0,0.30506685936933703
2,0,0.3818834574232353
0,0,0.23537057568283204
0,0,0.17818979154721143
0,0,0.23786324187018423
2,0,0.3721365402669568
0,0,0.27208592453365876
0,0,0.2720706782056834
3,0,0.3523771886294752
3,1,0.6332004458314568
1,0,0.31991362835869447
0,0,0.24129235054055792
0,0,0.22761424176992137
15,0,0.3515526391676207
0,0,0.2097180182370977
2,0,0.3037954064450153
1,0,0.31262528823431424
2,0,0.38353446149243603
0,0,0.25235022398575924
8,0,0.42296179386728744
0,0,0.29987747922825886
2,0,0.37587212630763606
0,0,0.18423407756025492
0,0,0.2410629141262514
0,0,0.2701450436601805
0,0,0.18174445897170424
0,0,0.19459717187286446
4,0,0.3344487594096469
0,0,0.24702796365848237
0,0,0.1354296692941672
0,0,0.22825455617220147
0,0,0.24780138808724406
0,0,0.2634543184313667
0,0,0.24560074498155818
0,0,0.2083891295456561
0,0,0.2704293753003296
0,0,0.24205240477033166
0,0,0.24475677630860773
5,0,0.33621316425964615
0,0,0.28785369245277437
7,1,0.46192126439414766
0,0,0.2514423557399352
0,0,0.2084801770730487
0,0,0.21053535424102215
0,0,0.231494275573602
2,0,0.3983420842853646
0,0,0.26118090157726076
0,0,0.1664989720863953
0,0,0.19936889714153186
0,0,0.23729125151465905
0,0,0.18637948745498017
0,0,0.29955591243483676
19,6,0.730824937889324
0,0,0.21144488029970107
4,0,0.3695689892364236
0,0,0.2798988900892372
81,0,0.4445554183639179
2,0,0.38694822744124974
0,0,0.2257943028043555
0,0,0.2303000587685364
1,0,0.31069814020921077
3,0,0.3274434595046082
0,0,0.22381945935453054
0,0,0.15050364986499293
0,0,0.23016086591657012
0,0,0.21936591354249538
3,0,0.41928906704978686
3,0,0.38055385984389495
1,0,0.301675073066494
1,0,0.3098278569226791
0,0,0.20622932839759536
7,1,0.5478580530423588
0,0,0.15659192200669242
0,0,0.25548101081494423
0,0,0.22524771490771897
0,0,0.28163573480829257
0,0,0.2282552802925021
0,0,0.17342805257816063
0,0,0.17642534618020955
0,0,0.22755024074100363
21,0,0.4043369189912495
3,0,0.3572032630292986
0,0,0.24932233673220586
0,0,0.22340949165248328
0,0,0.23031850876357773
0,0,0.2968604838472679
0,0,0.2129342275914786
2,0,0.4035510880700865
10,2,0.8307815496501075
0,0,0.17622316553603842
0,0,0.2121209576780291
0,0,0.2417648015014879
2,0,0.41105823851544476
0,0,0.18723930632061672
62,1,0.4590256704028427
19,2,0.5189357646973731
7,0,0.41070924232697353
60,0,0.4132350597428041
2,0,0.3057355429189178
7,0,0.39791700918174044
0,0,0.18218176291173432
2,1,0.6630351831061037
13,3,0.7368377049352294
3,0,0.4455843909244133
2,1,0.5227654005849179
2,0,0.43161662308074245
1,0,0.37529058285178085
1,0,0.3698602107228741
3,0,0.3732017384147786
1,0,0.36435173101943785
0,0,0.2572941372940399
3,0,0.3713335702996472
0,0,0.22095834747116766
1,1,0.5177752505244513
5,0,0.43855470399014995
0,0,0.1886996189901949
0,0,0.18064489407729256
0,0,0.29073907248936653
0,0,0.24729796637936205
0,0,0.2603033958402641
2,0,0.3070985554676789
4,0,0.3805844903310065
5,0,0.36522186933374357
3,0,0.330290980412571
1,0,0.34302886462558574
0,0,0.2341761974718299
1,0,0.36195976829172194
2,0,0.3350446369316561
0,0,0.22575907563355138
0,0,0.23977043325473374
0,0,0.19681015491222303
1,0,0.3470904102326922
0,0,0.29238514269440186
0,0,0.24843632157330642
0,0,0.20773749084320975
0,0,0.22051988503586417
0,0,0.18267322374930062
0,0,0.18164961820277567
10,3,0.5019918777269777
0,0,0.16712482004932153
7,1,0.4512808975422926
1,0,0.30398430086635697
5,0,0.4076941408426624
5,1,0.5053628209053336
1,0,0.3040394392785558
0,0,0.2237386630003558
0,0,0.17872958829258637
0,0,0.25918236566673136
0,0,0.2278127528366698
0,0,0.2252135182265832
0,0,0.21460163734781024
0,0,0.21606976464275157
0,0,0.1989806334462571
0,0,0.2682443392368226
0,0,0.2957816022745081
0,0,0.27341417184646327
1,0,0.3313582363662348
3,0,0.3547889713185688
0,0,0.24564892614492245
8,0,0.4470986627970038
0,0,0.18110566414209384
0,0,0.2070888316350258
1,0,0.3259084519946789
0,0,0.25544348620435064
0,0,0.21091003137650163
12,0,0.4094509280511677
1,0,0.30653261111185903
0,0,0.23871004534093287
0,0,0.1996838837977096
0,0,0.2098737025792458
0,0,0.23495127961581164
0,0,0.2375290734787303
1,0,0.3640855980450742
0,0,0.23706900759544633
0,0,0.26092413913139406
0,0,0.27791546088665364
1,0,0.3428803011814722
0,0,0.22198087384366938
0,0,0.2076245268890634
0,0,0.2903800006230106
0,0,0.19501740198727446
0,0,0.20802420713127565
1,0,0.3695206108804224
0,0,0.17381476807613538
0,0,0.18436902871906533
2,0,0.30433543628507786
0,0,0.25506883387702306
0,0,0.2284561968486536
0,0,0.17526313669733107
68,4,0.5922180473127266
17,4,0.5121446725014213
31,2,0.5263616387879233
0,0,0.2683725994161363
0,0,0.22839141504484659
1,0,0.34327334512385116
1,0,0.3233568153707604
0,0,0.17571067326003528
0,0,0.2417253257861904
18,4,0.5887754715607869
1,1,0.452612985756821
0,0,0.254303462923196
0,0,0.22116510827292354
0,0,0.18770789959257855
8,1,0.45710471293749233
1,0,0.3512423583180341
0,0,0.2657521880686365
1,0,0.303194527823475
0,0,0.24882381088088654
0,0,0.2574701767064014
0,0,0.19606713954357902
0,0,0.2538887530722888
0,0,0.27149209488069037
0,0,0.25992031242027996
0,0,0.19568814023213915
0,0,0.29242970334894364
0,0,0.2347381619640715
4,0,0.37659839319931576
1,0,0.31383041522773264
79,2,0.5065366117570221
1,0,0.3591563049406449
1,0,0.3100250465783313
3,0,0.37374329818138086
72,8,0.607489709716299
3,0,0.3173191303528833
0,0,0.22807099030401748
0,0,0.18984652827136567
0,0,0.2876902220825457
8,1,0.5650243388050739
1,0,0.3150321318428152
0,0,0.20971250206548853
0,0,0.19380254849569378
0,0,0.2275656816536745
1,0,0.3018839361325866
0,0,0.2785959099056936
2,0,0.3527636467424584
0,0,0.28452611093107755
0,0,0.20676676494282664
1,0,0.3023366322135155
0,0,0.25377226075784076
0,0,0.26909552151971183
0,0,0.2083798610180671
2,0,0.313483743228779
1,0,0.31103526535756154
0,0,0.22466943067165926
0,0,0.27371697809413575
0,0,0.1983726258142012
0,0,0.18674567094125752
7,0,0.4491780427690843
2,0,0.3971905829282804
0,0,0.2733267875464326
2,0,0.43476073442435487
0,0,0.23706215358193108
0,0,0.19633138742599507
0,0,0.25835976972742536
2,0,0.44185772793853023
5,1,0.46212198563168155
2,2,0.5130924468376115
0,0,0.2666788493206411
3,0,0.3441341666252273
0,0,0.2805830412063461
0,0,0.20057509521220682
0,0,0.27391772936728104
0,0,0.23058318517919896
0,0,0.22102311270976005
0,0,0.22859271638719006
0,0,0.21758344555714285
0,0,0.2288329476466851
0,0,0.2073392917501071
1,0,0.3170211167345209
0,0,0.2760453667479992
2,0,0.31329494116947826
1,0,0.402845710482381
0,0,0.27449210820015923
0,0,0.27164791327119453
0,0,0.19495213944582235
0,0,0.22518776761031153
0,0,0.14855277521868346
0,0,0.22485139727349074
11,1,0.7387998982471938
0,0,0.1962319698363996
2,0,0.4003880098359046
1,0,0.3086434371987612
1,0,0.3056600243211045
1,0,0.3964544034981117
0,0,0.2423077242520898
0,0,0.2769775844860022
0,0,0.27414805568075706
0,0,0.22739478069459818
0,0,0.2600746969874595
3,0,0.43813775603098937
1,0,0.37777742033577116
0,0,0.25077612683544814
0,0,0.27932116833760234
7,2,0.7720441980102712
0,0,0.1813302709477012
0,0,0.2536021610580653
0,0,0.2582691228450917
4,0,0.40973507208568233
0,0,0.16054392171637383
0,0,0.22089402130892416
0,0,0.2581322901098922
0,0,0.22204382053763252
2,0,0.3014238821689977
0,0,0.27251734098359687
0,0,0.23199198976354632
0,0,0.22763229115291175
0,0,0.24554696944940668
0,0,0.2795914908956171
2,0,0.3465603586943643
0,0,0.1840801904156415
0,0,0.27020654074673306
0,0,0.24252418404886317
0,0,0.2416576697660287
0,0,0.27919473507685405
0,0,0.24266313060946873
1,0,0.31338238743309466
0,0,0.2849701970112377
3,0,0.4368371960601168
0,0,0.23600001732121406
0,0,0.25199776900517273
0,0,0.20222707450614263
11,3,0.6833920667123337
0,0,0.2338862574234612
8,1,0.5638855000447707
0,0,0.14039166892900862
1,0,0.35599307531846325
0,0,0.2537996619577137
1,0,0.35607699087722533
8,1,0.45156023407626467
0,0,0.193510758539743
0,0,0.24781455912383968
0,0,0.1977519519307667
0,0,0.19276044747707496
0,0,0.206477496499287
1,0,0.30317325591138866
0,0,0.19871455073981614
0,0,0.21517492460325566
2,0,0.35603426332991617
0,0,0.23396922876913404
4,0,0.37894334396163865
8,0,0.39819073981446185
0,0,0.22203346263424525
2,0,0.3817171000565502
0,0,0.23234179777711209
1,0,0.3790561601146701
1,0,0.30745223670092053
0,0,0.24755517598493393
61,5,0.6105668903611889
1,0,0.39186027045208865
0,0,0.26049746966182075
0,0,0.25952319909660787
130,67,0.6834545604796844
0,0,0.17922696216228912
0,0,0.16691228956297277
0,0,0.2603815825150815
0,0,0.2453062757099889
0,0,0.2848536345208163
4,1,0.46709301368731476
0,0,0.22834843006243966
0,0,0.2609889704831489
1,0,0.30743441028138696
1,0,0.3391846690371085
8,1,0.5092857537063539
0,0,0.23546410024959724
1,0,0.32278823480174845
1,0,0.3804137120098261
0,0,0.2955103748638487
1,0,0.30358713349674005
2,0,0.3364330445224731
0,0,0.2477748406009504
2,0,0.4186867512591918
0,0,0.26320014867544583
0,0,0.18267739020289073
0,0,0.2449713320356612
16,4,0.632234685720311
0,0,0.20784747513861274
2,0,0.40736529858880927
1,0,0.4246427062682844
0,0,0.2956851811919286
0,0,0.284769642838911
0,0,0.21016403358309987
0,0,0.24959544130035602
0,0,0.23043881338127198
0,0,0.18827596176941463
72,1,0.48301417993200274
1,1,0.7966452790084615
2,0,0.38379707189668133
0,0,0.26539850563155987
0,0,0.2632334274620966
18,2,0.5042777254323191
2,0,0.35478499566940674
1,0,0.3031292411589393
0,0,0.23867180631273685
8,0,0.36635635644520953
3,0,0.37707578632990707
2,0,0.4417823263308006
1,0,0.3080401356311581
0,0,0.21829586090654704
1,1,0.5210445288378294
1,0,0.39204707007275996
1,0,0.309975271215978
0,0,0.23726590241792106
0,0,0.22490010699857313
0,0,0.24245758345311552
0,0,0.24475967229039677
0,0,0.2874789599598245
1,0,0.36958682820892397
108,21,0.7185879982129533
1,0,0.3560461796083549
4,0,0.4019880976006966
1,0,0.3426908545250511
0,0,0.29362555178447475
0,0,0.23115557722291827
0,0,0.19171568822810325
2,0,0.4047901890453099
14,3,0.5063637344243601
0,0,0.2247111554908226
1,0,0.30399291164184367
0,0,0.29625086517850635
0,0,0.240463628639736
0,0,0.27421656749370227
0,0,0.22812756923017877
0,0,0.18808867841230362
0,0,0.20436499848818696
0,0,0.15925421168754
19,2,0.5052156769185916
0,0,0.2521221261107076
0,0,0.21307232899467748
0,0,0.25613764151051976
0,0,0.2782145621975507
4,0,0.3751493598026336
2,0,0.3133918189711833
0,0,0.2088244028235543
0,0,0.20541087884907064
0,0,0.2240344429414314
0,0,0.19478643027716674
0,0,0.2824305873237143
0,0,0.20463855551370203
1,0,0.3072104473796201
12,0,0.3654874110763992
2,0,0.3194508039911166
3,0,0.335553403960136
0,0,0.24573820533078497
0,0,0.18874053623927453
5,1,0.5700057018829031
7,1,0.4583546946269529
0,0,0.20989816703421332
0,0,0.2623618067676504
0,0,0.27982087015609675
0,0,0.21923167305805474
9,5,0.6571882095012886
0,0,0.25794427577697293
0,0,0.2637829313023126
0,0,0.14180215060149298
0,0,0.17800973682639273
2,0,0.3030875562151452
0,0,0.28128803701649346
0,0,0.28746530600899217
4,0,0.35691608227399285
0,0,0.2181747927356
0,0,0.2418702216511191
3,0,0.3118976037590584
19,1,0.4657036549354565
0,0,0.25716011599351424
4,0,0.35275016305507373
0,0,0.23545211735826785
0,0,0.2329079777765137
8,1,0.5084935143566031
1,0,0.44268521933656185
0,0,0.2943203218912258
0,0,0.2513721669132792
0,0,0.2068618163448708
1,0,0.36092768563859023
1,0,0.31056626691588307
0,0,0.26503219391255034
1,0,0.3000351726606364
2,0,0.352138614707482
0,0,0.22299148722381193
0,0,0.19795518681221116
1,0,0.3351295312000629
0,0,0.22554698406285437
1,0,0.30280494855541845
0,0,0.19182698633540154
1,0,0.33862976859752
0,0,0.2333961617532408
0,0,0.17811166042719628
0,0,0.266965148605703
0,0,0.2159226324653747
0,0,0.2263625369033596
0,0,0.20740853286757213
0,0,0.17507277646278985
0,0,0.20999634303633025
0,0,0.19692813803864853
5,2,0.47080785323161495
1,0,0.3453986638400052
3,0,0.44942040859151877
1,0,0.441229032794963
0,0,0.22097676381849757
0,0,0.24212590075604354
2,1,0.4888746673634603
1,0,0.33763258606096175
0,0,0.2368186593020977
0,0,0.17257875363329253
0,0,0.29763540354611095
1,0,0.3045125970548475
0,0,0.2875682688613207
0,0,0.2637895827735763
12,6,0.7084729276803982
0,0,0.23533518189095404
1,0,0.34097531605917236
0,0,0.2169850341688902
9,1,0.5636064884318407
0,0,0.2218604938534071
1,0,0.3006967086198816
2,0,0.4161882832751513
1,0,0.3021175802985857
0,0,0.21799129242637047
1,0,0.3256441555131744
1,1,0.5716891729973206
0,0,0.20085129069905713
2,0,0.41820867141606355
0,0,0.2293407880970361
2,0,0.41606800256653204
0,0,0.2565708945447106
2,0,0.42777524588594756
0,0,0.25718219143550336
2,2,0.6229335865777981
5,0,0.3843750262620267
0,0,0.22762865083758266
0,0,0.23678864554470452
1,0,0.31811452764470294
0,0,0.15893205380126457
0,0,0.14798596535924266
0,0,0.2511753638168294
0,0,0.26693676700791974
0,0,0.2792944206424031
0,0,0.24188701908337035
0,0,0.19964635605172468
0,0,0.2650839249905448
0,0,0.24168371384690204
2,0,0.3375277466016656
0,0,0.2074976660590378
0,0,0.25994928474429085
3,0,0.41084602586009256
1,0,0.3022278589694853
0,0,0.21373617871686926
0,0,0.27668322089189495
3,0,0.36174099037968965
0,0,0.22479668782309845
0,0,0.27815716624361453
0,0,0.18922380658424848
0,0,0.18841164966028703
0,0,0.23681989306798684
0,0,0.21255647409120237
0,0,0.18303512426180743
1,0,0.3078386325537926
0,0,0.17550288941381617
1,0,0.31610604735556286
0,0,0.2589691999877037
0,0,0.2995528890564127
0,0,0.26808524532142625
1,0,0.3094885106139403
1,0,0.4087790728126166
3,1,0.5498851015006561
0,0,0.28817870876218593
3,1,0.5474432155420175
0,0,0.17434179905236852
0,0,0.1777423331980978
0,0,0.2301953239300282
1,1,0.4654923093479468
1,0,0.3030421788937131
127,76,0.7907585616033875
3,0,0.3783178979298609
0,0,0.29993723782293696
0,0,0.27403845295684764
0,0,0.2050839758101874
61,0,0.4291696671400349
1,0,0.33695260819992356
1,0,0.3014953302012008
2,0,0.3175569978146817
1,0,0.3626331274662196
0,0,0.2512526932097188
0,0,0.29524725362925097
10,1,0.6211720113264643
1,1,0.4636158508459655
0,0,0.17475849564751994
0,0,0.2337449912156991
0,0,0.26353662061473154
0,0,0.24369912093672189
0,0,0.2082763623425024
1,0,0.41595767369812425
0,0,0.2343475019315945
0,0,0.2528801151931366
0,0,0.26110733832104926
0,0,0.20035175108597583
0,0,0.22201249006086587
0,0,0.22542527492054643
0,0,0.2397133256637237
0,0,0.25950198653316575
1,0,0.3389522409398097
0,0,0.27624412410246324
0,0,0.1720007993649057
0,0,0.19006186290944502
0,0,0.19544386189085544
2,0,0.39909991620419966
0,0,0.2413415775621721
0,0,0.17994234412688614
0,0,0.2815769797364322
0,0,0.24039863726906044
1,1,0.4650449588467173
2,0,0.32308319580717965
0,0,0.28365031508733773
0,0,0.2847829972348328
0,0,0.28642655266453
50,4,0.4999388856314999
27,2,0.5279658534024598
1,0,0.32407934678717765
0,0,0.270293942558286
1,1,0.8053912404334769
1,0,0.32607781186592016
3,0,0.42725481603576543
5,0,0.4495593126143692
7,2,0.8607057659962107
0,0,0.21329464457593303
0,0,0.2504846862779023
5,0,0.3616936803838653
0,0,0.27584816641786725
0,0,0.17152711717656802
3,0,0.43615376920406507
7,1,0.49793207467723666
4,2,0.5029685526824909
0,0,0.17631146403182252
0,0,0.1811021371109169
0,0,0.19587846279625035
0,0,0.28141116850601827
0,0,0.2340727742837965
1,0,0.32761542246108105
0,0,0.22671729380798925
3,0,0.38845600562956056
0,0,0.16865480210659398
8,1,0.534607887481244
0,0,0.21208870878658656
3,0,0.35119627497093
0,0,0.19592782799158656
0,0,0.29663919535256356
0,0,0.21680223976903032
0,0,0.279521412427739
0,0,0.1854439081614086
0,0,0.26636355319059807
8,1,0.49074018336827147
5,1,0.4692387232953363
0,0,0.2386894043463999
0,0,0.25115614150561644
0,0,0.24858060196075799
1,0,0.35073711911679406
1,0,0.35074649773588457
0,0,0.17706206581314232
0,0,0.2963377040812274
0,0,0.20316031153827158
0,0,0.22511732832980721
1,0,0.35369984288374784
0,0,0.2538865505773334
2,2,0.5211617331913152
0,0,0.28120228802998787
0,0,0.21774517671045676
0,0,0.2840069332363829
0,0,0.28331425469724186
0,0,0.19009402458074703
0,0,0.2183074868839969
0,0,0.16195152470918026
0,0,0.2794059999910237
9,0,0.4305582523168965
2,1,0.45654197015654213
0,0,0.2274427912950145
2,0,0.3444551210885847
0,0,0.2463772594281078
6,0,0.37055942610917186
0,0,0.18084357648462313
0,0,0.2546184978688755
56,2,0.4878126819217384
58,3,0.5315088297980965
0,0,0.26359767277430596
0,0,0.23401092451158176
0,0,0.27941401565052015
0,0,0.24425789681491303
0,0,0.22545620672052108
2,0,0.35653589831375626
0,0,0.16783732329336307
11,0,0.3897035120418041
2,0,0.3476898695580637
32,2,0.49050610361939856
0,0,0.23441189056780679
0,0,0.2664606518036265
0,0,0.2242066431422182
0,0,0.2233662028799886
1,0,0.316362575324592
0,0,0.16885693129928261
1,0,0.3058717282994873
3,0,0.35834145504253095
0,0,0.20359143556721562
0,0,0.25625505155127676
1,0,0.3072531840872796
4,2,0.4744066891738521
6,0,0.370115354609751
0,0,0.16784124959750807
0,0,0.16831004036426864
0,0,0.15924386047153236
0,0,0.16120575742253732
0,0,0.23472718124677433
3,2,0.4693508280279584
0,0,0.22306964143887292
0,0,0.13211747840194182
0,0,0.23557454967967917
1,0,0.30724688999960664
3,0,0.33204544936000824
0,0,0.18026227103742354
3,0,0.3328961463374771
0,0,0.15691897338500138
0,0,0.1781933024580089
0,0,0.28463364193213314
0,0,0.2854277892269431
0,0,0.2062841066554334
0,0,0.18142931414452004
0,0,0.24040843969636055
0,0,0.23988175517676275
0,0,0.20480313681600296
4,0,0.3850870625156025
0,0,0.18654453513171596
0,0,0.24265672529155788
0,0,0.2656624704421202
0,0,0.29615301241734343
52,0,0.40742195604351517
0,0,0.2498819481214358
0,0,0.20048734588663503
3,0,0.3807950458455431
0,0,0.2612796827819636
0,0,0.17680961267610157
1,0,0.3166088383661691
90,11,0.6629247319810669
0,0,0.20218082491981207
2,0,0.3276814507868703
17,2,0.5470736822601506
0,0,0.2774416844012928
0,0,0.27637066853467773
0,0,0.22331689523389436
0,0,0.20299768891603498
0,0,0.2779347777031978
0,0,0.2222519616114359
14,6,0.7463160300099544
3,0,0.34740986990485656
0,0,0.18555845742291477
1,1,0.5409901892865283
2,0,0.3232929194478549
0,0,0.2761862486150161
0,0,0.20113977746703476
0,0,0.2104730195392446
2,0,0.3344663241294295
0,0,0.2821321483508727
0,0,0.17236880967015078
0,0,0.2957693802915552
7,0,0.3500537969787618
2,0,0.3050813260301944
56,1,0.5551023438922645
0,0,0.29201564112924616
0,0,0.20180542210135452
1,0,0.300358009690643
0,0,0.20767430150595617
0,0,0.185692807299387
7,0,0.40133277527981603
0,0,0.19273586579601043
1,0,0.3298123383651982
20,0,0.3870025265209968
1,0,0.3527832355333794
0,0,0.27523066129645785
0,0,0.24699523758787537
0,0,0.18241401355059955
0,0,0.2991384401211535
8,0,0.35778742490462273
0,0,0.20349180383408338
1,0,0.3425225317329846
0,0,0.18356773079063055
0,0,0.22347974521779093
0,0,0.1886139417859943
0,0,0.2082028050789848
0,0,0.2544806691362816
0,0,0.18996299315337
0,0,0.2882276347942195
1,0,0.41859788718071206
0,0,0.19322215151180147
0,0,0.191313536790901
0,0,0.208256616015042
1,0,0.4063298865679214
3,0,0.3631176646350104
0,0,0.2616749579910878
0,0,0.2823427634100591
0,0,0.1908578231672179
0,0,0.20354399026132988
0,0,0.17819205673142868
0,0,0.2705662246626922
0,0,0.2110570785773855
0,0,0.17380729586082228
3,0,0.38281511121415984
0,0,0.2546525120341965
1,0,0.35098594684951184
0,0,0.24538296746016316
0,0,0.2930691794152156
1,1,0.45740637979927
0,0,0.1739506113038954
0,0,0.2655467731516713
3,0,0.36057811546403906
6,0,0.4195309608262639
2,0,0.42202186420094007
0,0,0.2867010880180489
0,0,0.24944844452054132
0,0,0.2861511453104032
0,0,0.27069418374916365
0,0,0.1883434493475995
12,5,0.7179726560613952
0,0,0.2357102910946499
0,0,0.2371889180145697
19,0,0.4389955125178938
0,0,0.1936804755111485
0,0,0.26359063413363976
1,0,0.39781548832304847
4,0,0.40981364235298817
0,0,0.258498722172906
2,0,0.4091894920387674
0,0,0.2626287814458117
1,0,0.35758584473071336
0,0,0.1897438016245963
1,0,0.3476483780695791
0,0,0.29793779580245583
1,0,0.3010113935010309
6,0,0.38454208889946656
58,0,0.44898409010364676
0,0,0.201608000295288
11,0,0.4247458384053088
0,0,0.24802195025802265
2,0,0.3301370323148997
27,4,0.5490074135441196
0,0,0.17353882628296247
0,0,0.28505698614910185
1,0,0.31801334755876143
0,0,0.18019321725368062
0,0,0.240034225944841
0,0,0.15476176813166617
0,0,0.24357509704768698
0,0,0.29903938807242547
0,0,0.23470080050017647
0,0,0.23200029178173343
0,0,0.24605220762765806
0,0,0.25765203424691085
0,0,0.2156813147254393
0,0,0.2733658964104191
0,0,0.22021336213685408
0,0,0.2465810996608856
1,0,0.30529334107568773
0,0,0.21406044117859985
3,0,0.37497055069339336
1,0,0.3133024036320337
0,0,0.18509243796048783
0,0,0.26362923302986335
0,0,0.21763766309215718
0,0,0.2901252018237264
1,0,0.3409305078902492
0,0,0.1735769703899667
3,0,0.39671997578242973
1,0,0.3134944728072847
0,0,0.288918971614379
0,0,0.1974177863675965
0,0,0.24215502744995657
0,0,0.2737792757690808
2,0,0.33097831357453816
0,0,0.20710905540728397
2,0,0.35146565106560135
0,0,0.2743684468274163
1,0,0.3114485328679302
4,0,0.3786236363517558
0,0,0.26456055095077063
0,0,0.22951040062269756
0,0,0.1446910845119832
6,1,0.4868819671811488
0,0,0.23805759423568046
1,0,0.3021003703191896
0,0,0.1988192826888148
2,0,0.3312081916980743
1,0,0.31979446994009475
0,0,0.2446688833621188
15,1,0.4734797705572753
0,0,0.2952297250923939
0,0,0.1834892504005984
0,0,0.25319762327427214
0,0,0.23582008605880597
147,77,0.6810268760463829
0,0,0.24184306266337913
0,0,0.24385364235666268
4,1,0.476129632457832
8,1,0.558431083524002
0,0,0.15477679460788638
0,0,0.16153441497867913
0,0,0.24066323163512887
2,1,0.45635233684629845
1,1,0.6684286731072399
1,0,0.3402767871612968
0,0,0.2998789861578675
5,1,0.4692617822511774
0,0,0.28824327630799895
1,0,0.39647025108814654
0,0,0.278234649459307
0,0,0.19041062323689964
0,0,0.17989837823973576
0,0,0.19432179262247348
0,0,0.22111020613038826
0,0,0.21323342247879232
3,0,0.3324436418762295
0,0,0.26289025152785084
0,0,0.2108388483610975
2,0,0.40164666885737277
1,0,0.3137091955370816
0,0,0.271537952714073
0,0,0.21727017007879373
0,0,0.1743248996595615
10,1,0.5333505822870056
0,0,0.22215395896699522
0,0,0.2753176623021487
0,0,0.18588005972247706
0,0,0.2527356450624753
0,0,0.2585000513126739
2,0,0.3690144778677408
0,0,0.21553536131606035
13,3,0.6600449750236834
0,0,0.28232934268152965
4,0,0.4368581234530688
88,13,0.6185405715017128
4,0,0.3591156409077828
0,0,0.2543235063224778
0,0,0.22805519731979304
1,0,0.35257322171622035
0,0,0.28935854769830244
0,0,0.24627678273283715
61,0,0.4296703440445594
0,0,0.286083359276493
75,0,0.4457750031521193
6,0,0.3478496966049682
1,0,0.3169781564702301
1,0,0.35872515675562416
0,0,0.29692848299740826
0,0,0.26207855542698205
0,0,0.2624652893333453
1,0,0.3200079186948186
0,0,0.2622635253500413
0,0,0.2467394900552492
0,0,0.2835069838472887
24,8,0.754794834360162
2,0,0.39669969410126316
0,0,0.2129532710846884
1,0,0.3150812808746379
0,0,0.17810843600996365
1,0,0.36833504810280365
1,0,0.4184457358847019
0,0,0.20935276955293158
0,0,0.23920734463440904
0,0,0.2600793577531838
0,0,0.18592622429309824
0,0,0.23855794042496434
1,0,0.35779866365437485
0,0,0.2151485094858692
1,0,0.30869706943453773
4,1,0.6180496796824778
0,0,0.19210675431041047
0,0,0.18499683871251385
0,0,0.1925329478873362
0,0,0.2807127456976245
0,0,0.21583881584828501
3,0,0.32365707894694706
1,0,0.3691101495592675
0,0,0.20258224422310284
0,0,0.2833832692427305
0,0,0.2587369810253876
0,0,0.2295205126759007
5,1,0.5187434361449985
3,0,0.36362813374072606
8,0,0.41090216964369813
1,0,0.342323743006079
7,2,0.855511224148698
0,0,0.24932218993836458
0,0,0.2285294893267488
0,0,0.19855992869311023
1,0,0.3321071509851408
5,0,0.39037758813943885
0,0,0.23852100762316944
4,0,0.39924616836517596
0,0,0.2530306241643875
0,0,0.2714001689323095
2,2,0.49092527523951596
0,0,0.20577742616712055
0,0,0.2805364555529125
0,0,0.26693458758999394
0,0,0.17799427251631272
0,0,0.23411465090009667
0,0,0.2725068104823324
1,0,0.3577395496392265
2,0,0.3235566491457714
1,0,0.3006777814358328
4,0,0.37492251928532977
0,0,0.26824456652988554
6,1,0.6989504429662858
6,0,0.39633510177354564
4,0,0.3598814324127233
4,1,0.4801622677694289
4,0,0.40913552722929303
0,0,0.20144982021445912
0,0,0.19668719089459313
1,0,0.44692232490183115
3,0,0.3153596954738749
0,0,0.25564978655134823
0,0,0.29722886878504556
0,0,0.24820274876709622
0,0,0.24507361365337843
3,2,0.5192672054286914
0,0,0.19570659875633292
0,0,0.22415409909704448
0,0,0.23428319613584486
6,0,0.3661928076885943
3,0,0.3192331112025471
1,0,0.3836575366412449
7,0,0.38089607896462035
4,0,0.33284070515220976
11,4,0.6848309157471145
38,0,0.44424705188185704
0,0,0.23055567563552656
0,0,0.24899876136064583
0,0,0.26021184704761424
6,1,0.48722859524664563
0,0,0.2638278676407967
1,0,0.322318020860931
0,0,0.29280015515135654
1,0,0.3200208907019023
0,0,0.2990792939753382
2,0,0.3323543106424981
68,7,0.563445682114736
2,0,0.4491227299406703
0,0,0.28740892007460256
2,0,0.3183360610220992
1,0,0.30222888817206656
0,0,0.22451943046885706
0,0,0.24583160213741778
8,1,0.6101608861233142
0,0,0.2720232933196714
4,1,0.4585405124270627
0,0,0.1891748841652592
0,0,0.25824861545543387
0,0,0.2603001176763351
0,0,0.28107942139928416
0,0,0.25496022928257756
9,0,0.422179772674373
0,0,0.22794269068248885
6,1,0.6380146900063118
79,7,0.5722321839203108
3,0,0.3137157691064823
0,0,0.2263455668695768
0,0,0.20829629489866427
8,0,0.3836174729166931
1,0,0.32579680272253275
0,0,0.29115677490706005
0,0,0.24568677009323162
2,0,0.33580954102790256
3,0,0.425917633559424
0,0,0.24163165652251306
0,0,0.25840678078211776
0,0,0.2979679260124871
0,0,0.2581780761969728
0,0,0.2421606666583625
0,0,0.18776887013909896
0,0,0.20541139593470867
0,0,0.2524146531275097
85,15,0.7061506031530612
9,2,0.47121016067709043
1,0,0.34022644766306004
0,0,0.21162286555502655
0,0,0.23109945665887419
6,1,0.4946444901102708
1,0,0.31876283612263817
1,0,0.33149901164012263
0,0,0.21819129793494027
5,0,0.4367118984419609
0,0,0.24628502358476922
16,4,0.5741593605049986
0,0,0.23817431008013873
2,0,0.34969001598991284
0,0,0.28345238337169204
0,0,0.2634265060441396
0,0,0.17052669622216146
0,0,0.27437207284526793
5,0,0.42451952000477644
0,0,0.2842110915222779
1,0,0.31563841960682665
0,0,0.20889340770576
0,0,0.21300624959935646
0,0,0.21271939534939277
0,0,0.20188224463022672
0,0,0.23272953131117816
0,0,0.20816821163855703
0,0,0.2549534932197645
0,0,0.2999204802816843
1,0,0.31066742266629066
0,0,0.22446403507280602
0,0,0.2010534090682392
3,0,0.3398740567350174
0,0,0.27205793588099403
0,0,0.23312838212622683
0,0,0.19004902008659497
20,3,0.5277688684743655
59,2,0.48459061934225095
0,0,0.22269751836969198
0,0,0.2844009975356834
2,2,0.47255454756963555
0,0,0.2831432508056977
0,0,0.2827772445983438
0,0,0.29430739503173214
5,1,0.47024726269646455
0,0,0.2485911753568473
0,0,0.2521536220239135
66,3,0.5161098441076375
0,0,0.21830896442933523
0,0,0.196643456674671
0,0,0.23504954155192226
0,0,0.2283007197293913
1,0,0.335950834119185
1,0,0.3029054811751555
0,0,0.2113749399940721
0,0,0.2257387551648038
0,0,0.22952017016019916
10,2,0.6043400442674607
1,1,0.45330482385925513
0,0,0.2207861009265412
0,0,0.2977124543758271
0,0,0.23655046734877747
0,0,0.26959436000956144
3,0,0.39412474691532634
0,0,0.233212023561412
6,0,0.4166346739405428
0,0,0.21510091141606633
0,0,0.18914886340452663
5,0,0.38793030658586874
0,0,0.1993869741887883
7,1,0.7498741109537862
0,0,0.169927236029454
2,0,0.3283318916584937
0,0,0.17882077078631078
6,0,0.36969731258425337
0,0,0.23290812297387134
0,0,0.2096207358722684
1,1,0.48682291611700945
34,12,0.8361758735425607
1,0,0.3064471989204117
0,0,0.1584416765504781
0,0,0.19976828769837005
0,0,0.18491922721932855
0,0,0.2881316947245173
0,0,0.21152631291342192
3,0,0.33531135684925506
0,0,0.2404913187908104
6,0,0.4231899968578206
2,0,0.3455422411146395
3,0,0.3555382856718037
0,0,0.21230728478774424
1,0,0.3451748569902317
2,0,0.34255864037324574
1,0,0.3827234004179385
0,0,0.2458169889514123
1,0,0.3771636091391766
0,0,0.25514374531621314
4,0,0.3259794077788022
15,1,0.5784727209759556
0,0,0.25209256267561464
0,0,0.29910092190274934
1,0,0.35059882962260375
0,0,0.1811091881820602
3,0,0.349539175967847
1,1,0.4681866768193267
0,0,0.21225079466299415
1,0,0.3780064430053667
0,0,0.23523578439891282
0,0,0.24333400712257003
0,0,0.20970398145446587
1,0,0.31780309647568633
4,1,0.46000674457741203
0,0,0.28630681917664785
0,0,0.20638054107791265
0,0,0.19788483063659928
0,0,0.24673921168976892
6,0,0.39647282468524997
0,0,0.2645905312198828
0,0,0.17478850201958593
1,0,0.362739925984988
0,0,0.20968135413012454
0,0,0.27079703231777297
0,0,0.2943921281808737
0,0,0.2588052765857071
1,0,0.32082376949855135
0,0,0.22168526775397476
0,0,0.20486448750881475
0,0,0.2580056895620664
0,0,0.2015257430471665
0,0,0.27909630171159916
0,0,0.2751626697329619
0,0,0.25824834848219763
0,0,0.23686678748308804
8,0,0.4430170628526455
0,0,0.22280283376588125
3,0,0.35715731724102
10,4,0.5564776051779885
0,0,0.2332782119816839
3,0,0.3518622928106927
0,0,0.1834780645886911
4,0,0.39509138728035
15,2,0.6002135183006286
3,0,0.3914751361931541
7,0,0.4169114718169037
2,0,0.3265524555343937
0,0,0.2214124391215165
1,0,0.3359884295701358
11,1,0.45425615608059483
4,0,0.3225202798306508
0,0,0.2552146449423199
0,0,0.20723439700107135
6,0,0.403605723067994
1,0,0.30407669295461404
0,0,0.2466155873741241
0,0,0.22835453069543268
0,0,0.2286600389788374
5,1,0.4551595984916889
2,1,0.6049943946506465
0,0,0.2509515438564572
0,0,0.24412015982240765
1,0,0.3850490927740457
0,0,0.2086810339544925
0,0,0.15018467559094742
19,6,0.6533431893208543
1,0,0.40807706377654684
17,0,0.3808823946517916
0,0,0.23754407791325197
0,0,0.26077513385624956
0,0,0.29028979173353897
5,0,0.3831918185385915
1,0,0.30032631407229304
5,3,0.638552862978051
2,0,0.4007965541736913
0,0,0.1957258735338213
1,0,0.31391960395577434
0,0,0.1922889404776695
4,2,0.7484828281564211
0,0,0.24559714835880042
0,0,0.26250973343490536
0,0,0.23167323123789593
0,0,0.22190296938511966
9,2,0.45461650321793007
0,0,0.22277337233478992
0,0,0.20694864175798197
0,0,0.2612980976013901
0,0,0.2255076363450118
0,0,0.20529045395472134
2,0,0.4452415308778525
0,0,0.25748887745983456
0,0,0.2669764308320126
0,0,0.1755608950013824
1,0,0.3382862361836182
0,0,0.15718283649823922
1,1,0.46581999667763846
0,0,0.16108979044243
0,0,0.2505722765864027
0,0,0.20016107920697943
0,0,0.13837029285271354
5,0,0.3637823594660081
5,0,0.4072036327597913
64,1,0.45737252356157077
0,0,0.21579290695538636
6,0,0.3699283569362199
13,2,0.6018888652818497
0,0,0.21467132825414156
0,0,0.20929206288061042
1,0,0.40636093409544916
7,1,0.5762601018059599
0,0,0.29494084108004065
0,0,0.2519754540780222
0,0,0.17730258277912736
1,0,0.3214184123175103
0,0,0.25784541211871187
0,0,0.2661086059184289
0,0,0.1480732321996605
1,0,0.30800524523691813
6,0,0.3723452890955607
5,1,0.4850407488457506
0,0,0.262132299058743
2,0,0.37620851688786083
0,0,0.2807912931344101
0,0,0.22795573546751735
0,0,0.28478476893576093
0,0,0.17745750460465223
5,0,0.4078955695845637
0,0,0.27556603411919606
0,0,0.25333574402107023
5,0,0.39516756077909954
2,0,0.35742500084337636
0,0,0.1994779402957291
0,0,0.29756357588550886
2,0,0.4071379474652522
0,0,0.213173883308982
0,0,0.19180946101528454
1,0,0.33586963355044036
21,7,0.7118043536850341
3,0,0.3620191057397402
0,0,0.2618500608542233
0,0,0.21153871603950183
2,0,0.3349745169995447
0,0,0.22503974722317255
0,0,0.23981026924942067
0,0,0.21358550277293586
0,0,0.2801999711228534
0,0,0.2912896643540229
0,0,0.20693421183917934
6,0,0.42350137194277737
6,0,0.4075964024817135
3,0,0.34240571541562514
2,0,0.445881317661127
3,0,0.4102553852452835
0,0,0.2349793457336283
1,0,0.3125162870417277
0,0,0.18121224723514867
0,0,0.25230540002190244
3,0,0.334299308539966
6,1,0.514698626860665
0,0,0.2260046762741286
1,0,0.36417985379991996
0,0,0.25180452043965
0,0,0.2917540717879994
0,0,0.2309248302198314
2,0,0.32060205516876633
29,2,0.4979983638590627
3,0,0.36684507225406165
3,0,0.43773022084426494
0,0,0.2609117880768836
0,0,0.21059476188403214
0,0,0.2563976310657716
0,0,0.2464055328885682
0,0,0.18431729630958774
1,0,0.3003724230293263
0,0,0.24053471610043226
1,0,0.38211455926505034
1,0,0.3206491053448773
1,0,0.340332038781297
0,0,0.2061879820996978
0,0,0.2953458969770132
0,0,0.24133941751863272
0,0,0.1807106432394049
0,0,0.22175171246966266
1,0,0.30720830278529887
0,0,0.16860293251826322
0,0,0.25094136201349637
14,4,0.6067034055963545
0,0,0.24553501802186226
0,0,0.29654531098440423
2,0,0.3253194569145367
0,0,0.28938590356671073
1,0,0.3074783368429203
0,0,0.2760217948298628
0,0,0.23510894065456928
0,0,0.24017678181794888
7,1,0.45591492951266704
0,0,0.2977842273316976
1,1,0.6636129262243443
0,0,0.23468665273815464
0,0,0.24440717353222152
1,0,0.33921155884501136
2,0,0.44324603105456495
0,0,0.25029763328124366
5,0,0.44347463249045554
2,0,0.3889860428004891
0,0,0.19804498031484485
0,0,0.18493069868115034
2,0,0.445519196008533
0,0,0.18674437594061732
0,0,0.18361899652607389
3,0,0.3429836811538869
0,0,0.29731761726096234
0,0,0.2416069287070092
5,0,0.3589203053318568
0,0,0.2680837987396361
0,0,0.2510349986788817
0,0,0.24457090880241147
1,0,0.3920410886993195
4,0,0.3691536577524968
0,0,0.2149495950342854
1,0,0.3053248082943497
2,0,0.3564107921635553
0,0,0.21741003041890833
5,0,0.36938058891926656
4,0,0.3613928203475871
2,0,0.31272221425286845
0,0,0.18639623247507703
0,0,0.2761481144047226
0,0,0.203809639238015
0,0,0.20439740212191224
0,0,0.237632200446861
1,0,0.3315170525859879
1,0,0.3247264435368553
2,0,0.39662803602215696
0,0,0.2657896709344735
1,1,0.6354834702181557
0,0,0.23141545517923734
0,0,0.18834898319615254
3,0,0.3136915691050579
3,0,0.31611351194158593
1,0,0.39297618982958954
0,0,0.20411183464378002
0,0,0.25929431763511773
2,0,0.31159409568152985
5,0,0.3430660711040247
0,0,0.17178826275195994
2,0,0.3254759302168321
0,0,0.1738899438014005
0,0,0.19767258869385188
0,0,0.17006195570619242
0,0,0.2716946257369013
0,0,0.2974781217281666
1,0,0.4282485567214111
0,0,0.24202786275543728
0,0,0.2861194681792574
1,0,0.33581905202284895
0,0,0.2259807425209224
0,0,0.1867741229797889
0,0,0.2498758945674732
2,0,0.3100347782786473
0,0,0.20116134193893379
0,0,0.2943696758180012
2,0,0.31499624861839914
0,0,0.16981678993329263
2,0,0.3326618707190585
0,0,0.2831560911022211
52,4,0.511268155571944
4,0,0.44417258156835926
0,0,0.22239877334306543
0,0,0.28219185603476077
1,0,0.3759399336944254
0,0,0.22783063419951244
0,0,0.25653147845594965
0,0,0.22880983909030098
0,0,0.27820622812758006
0,0,0.2439214156123177
1,0,0.4116179803147045
6,1,0.7428421625273853
8,1,0.5969658526552994
0,0,0.2550878256435078
0,0,0.29577273416623745
2,0,0.35256050134607864
1,0,0.30737813872562175
7,2,0.47099083653658635
0,0,0.24474223118630925
2,0,0.31083724643895183
0,0,0.28961691695609876
3,0,0.30619872245542873
27,8,0.791251073464626
0,0,0.2163526335575386
0,0,0.26956715532794356
1,0,0.3420969638196553
2,0,0.36164722127092647
0,0,0.25875085554044686
5,0,0.38083115552964064
0,0,0.2567106685162131
1,0,0.36990313196229285
2,0,0.34444398817085764
0,0,0.2580387263996094
0,0,0.2824416883447947
3,0,0.3273651896823077
56,4,0.5222798762183605
0,0,0.25757934814930805
3,0,0.40337274332967826
0,0,0.2760527109278602
0,0,0.2413336917905175
1,0,0.30219340447492765
1,0,0.3059403463844565
0,0,0.28967085799339
1,0,0.30758286930223844
0,0,0.19075089843268966
5,1,0.48812522326139474
0,0,0.19409944432444048
3,0,0.38545833123193624
0,0,0.21846841006306494
1,0,0.39588103029398625
1,1,0.5310666201441694
0,0,0.18706598929021429
1,0,0.34901465209304167
4,0,0.39873049597087684
0,0,0.20279807752103068
57,5,0.592031337527382
0,0,0.15725631816255914
0,0,0.28458443673712747
0,0,0.23961941383486432
0,0,0.18254476611728657
0,0,0.2945171661923
0,0,0.2099243452803551
0,0,0.23700674141047268
0,0,0.2300428858043873
0,0,0.22325987085967575
0,0,0.19599028052644665
0,0,0.2063839036218344
1,0,0.30280066913097714
6,0,0.44251961589063676
0,0,0.17716898687830673
0,0,0.1851131662437504
0,0,0.19108642233975126
1,0,0.3715957067706195
2,2,0.6276098575469307
1,0,0.3194128870986797
1,0,0.41058265664483024
4,2,0.5740017166674388
4,0,0.3594021771799652
5,0,0.3473578748984152
69,1,0.4704932131430782
0,0,0.19626702224614523
0,0,0.2968867085836511
0,0,0.2152419087874001
2,1,0.46643765720265884
3,0,0.3895096974483058
0,0,0.2681351374072908
0,0,0.22983886707459208
0,0,0.23355734757265673
8,0,0.41029830214971763
0,0,0.25111058401937847
0,0,0.20556784040399848
10,0,0.39929215532260864
0,0,0.21421268763881215
0,0,0.19116690555683008
0,0,0.20309190077411535
3,0,0.3927827473463284
0,0,0.2360033385872894
0,0,0.2869238736240519
1,1,0.4550707139526884
0,0,0.2873599822147684
0,0,0.24855604041856955
1,0,0.32304896412960205
0,0,0.20362008299182086
6,1,0.550820058680196
0,0,0.2875176988778712
1,0,0.30159260008512334
3,2,0.4752718723767207
0,0,0.2077036267675793
0,0,0.2955111175248038
0,0,0.1844907322394136
8,0,0.4226261352218661
2,0,0.4011797280475607
1,0,0.3837786053473569
0,0,0.2826263411832538
8,1,0.4571167313058402
0,0,0.26003268352978925
0,0,0.259248844228253
16,0,0.4288989294644072
0,0,0.19838200389650357
2,0,0.4304094514089443
7,2,0.5048285925767229
0,0,0.28502817810718195
23,8,0.8985385389948413
1,0,0.3603428162874163
2,0,0.4052320266613908
0,0,0.2708034116434857
0,0,0.2926474375307442
0,0,0.1958865948045935
1,0,0.3562975329177941
1,0,0.3944437398493687
10,2,0.472422533695848
27,1,0.46306585058082705
4,0,0.3353643646307119
0,0,0.2635998787598188
0,0,0.2400766024123183
0,0,0.2692065737894716
0,0,0.267294384873535
0,0,0.21206505850637822
2,0,0.3325160618219489
7,0,0.3879325809498845
0,0,0.22186438072958237
1,0,0.3253068972881332
3,0,0.39547229550108237
1,0,0.3192460231913008
0,0,0.267543216753196
0,0,0.2929727578978294
1,0,0.30361749921248543
1,0,0.313662865788791
0,0,0.17656901633570107
0,0,0.17574469455377473
0,0,0.2262027501240345
0,0,0.2111098010827499
0,0,0.16641008416562134
3,0,0.39957393818514214
1,0,0.41251873154715
0,0,0.2609817813032755
0,0,0.24526820380823713
0,0,0.25475023457959745
1,0,0.3812263347753765
18,6,0.8235612348421089
0,0,0.22130568064324813
9,2,0.4607442442999571
0,0,0.18880944956118553
0,0,0.2044838406771432
1,0,0.30450466498066875
1,0,0.31692274428913625
0,0,0.22453883773659714
6,0,0.34029463404273536
0,0,0.1923488135272041
0,0,0.2704632788002703
0,0,0.26098032811251515
0,0,0.22431471252412308
0,0,0.21329986505225565
7,0,0.34600514180182396
2,0,0.36307078027130796
0,0,0.28951844755672124
0,0,0.18004893102063646
0,0,0.29365487060332485
1,0,0.4028279436296889
5,3,0.6173465984077597
0,0,0.2530708801667269
1,0,0.3443125853125448
0,0,0.28456405697677956
0,0,0.22457464568363597
0,0,0.2803016020442436
3,0,0.3801813343632563
0,0,0.21107051294059198
1,0,0.31210764039631367
1,0,0.30660209872298627
1,0,0.3145298632403292
0,0,0.1810751561836587
13,5,0.6556974309741347
0,0,0.2692309277998434
0,0,0.2574430887184771
0,0,0.2454401314379633
3,0,0.39985966497233294
0,0,0.20904329684420783
32,0,0.4422670990765192
1,0,0.3046083133545138
6,0,0.4156511119024287
0,0,0.24382426641335952
0,0,0.20965405873933377
0,0,0.19265741347065754
2,0,0.4015938614438424
0,0,0.2509053272225665
4,0,0.357997174069035
0,0,0.1789308419097695
2,0,0.4267368929852881
0,0,0.24139535692714675
0,0,0.22746895030493447
0,0,0.2880489598310717
51,3,0.5203082351710382
0,0,0.29111210828601936
0,0,0.20733939834759524
2,0,0.32447251731909293
0,0,0.28504979910378053
1,0,0.33348223460956755
0,0,0.2772900810800461
2,0,0.387951046758809
0,0,0.2791892295575938
0,0,0.2552449553871031
0,0,0.24787069088797023
0,0,0.20557193736444265
0,0,0.22900957659817126
2,0,0.4007528858721016
154,17,0.661728097000021
0,0,0.27965585561535033
0,0,0.24770276172755057
3,1,0.46374148770850093
0,0,0.20853085671151045
130,61,0.6538848047362787
0,0,0.2881512490029438
0,0,0.1671587228683045
0,0,0.22503213962742913
3,0,0.34410480969113255
0,0,0.2793885436541055
0,0,0.21726080361439656
0,0,0.22759684990746276
0,0,0.28874309504146456
0,0,0.22656202325457142
0,0,0.29040699236336026
0,0,0.23774717560008396
4,2,0.715844760282295
1,0,0.3682621711835404
3,0,0.4284071506903437
0,0,0.2916974774239232
0,0,0.28434035574362065
16,0,0.38886750118940955
0,0,0.2627116362143925
0,0,0.2972481712911496
1,0,0.3152869044596107
5,0,0.3640503238323035
11,4,0.6472050083942734
0,0,0.20211634957728988
0,0,0.2290302833214903
0,0,0.29252281251933415
0,0,0.20872456717972307
0,0,0.14665333070999717
0,0,0.16958076157485857
0,0,0.17202843292630404
0,0,0.17412371037003663
4,0,0.4375005714296421
0,0,0.2947469868033291
0,0,0.16659236625540555
0,0,0.2221608893597846
0,0,0.29996709340608074
0,0,0.19803249307768672
0,0,0.2838804169353045
0,0,0.17029953465447115
0,0,0.21121360806499304
1,0,0.384019169442903
0,0,0.19872890439504265
0,0,0.22517564160665599
0,0,0.2043311121603775
0,0,0.23221997097676533
0,0,0.2544982386759414
0,0,0.2634419233609174
0,0,0.18752864462045213
0,0,0.28082574026188817
0,0,0.21058262924833887
2,0,0.3373549461970338
0,0,0.1717426742105981
11,1,0.48748264668729
0,0,0.16842490622856265
14,0,0.4332375651281479
0,0,0.21021273343540403
0,0,0.24652606697410515
0,0,0.26533431858182627
0,0,0.26807154490374363
0,0,0.2223856951935883
0,0,0.2728514636804932
1,0,0.30546340693520385
0,0,0.20321607037828923
0,0,0.2032095602132764
0,0,0.21089801170576153
1,0,0.32295957812864634
1,0,0.3266312720999085
1,0,0.3215460620944619
0,0,0.23585270843344436
0,0,0.20745728547922604
0,0,0.1428616511050072
0,0,0.25454290074182434
0,0,0.16858651817948056
1,0,0.3115644574812266
1,0,0.3140305472824558
1,0,0.33812272902671237
0,0,0.21711715448154403
0,0,0.19528284287579942
0,0,0.15941776919027686
0,0,0.2940065127634684
21,7,0.7688715189165463
2,0,0.35742744614712557
0,0,0.24924810631633545
3,0,0.399611473757463
0,0,0.21503291985628833
3,0,0.3599273516397338
0,0,0.23949179080783076
0,0,0.24366069214792047
0,0,0.1907917747080158
15,4,0.7294219500650047
0,0,0.2671490128659708
7,0,0.40338970612006003
0,0,0.20016445120318715
0,0,0.2919073318711775
1,0,0.3276677329805849
0,0,0.24579512425724587
0,0,0.2720016895876938
0,0,0.26226967949638286
3,2,0.45064130649493606
0,0,0.26595579447985435
0,0,0.18118301695859315
0,0,0.28305262532959047
0,0,0.18444164477238945
2,0,0.401825614362761
5,0,0.4087520630475585
0,0,0.2136430422092998
134,35,0.7368165741533805
0,0,0.28182478769251235
0,0,0.2611217768062228
74,2,0.5185959202869876
0,0,0.1953611095775274
0,0,0.20942116260567778
0,0,0.2595873980501357
0,0,0.2976046652004253
1,0,0.3023790403406616
0,0,0.2144342604642767
24,8,0.7300104718742322
0,0,0.23108947736923086
0,0,0.23332284908812537
0,0,0.2377407804964401
0,0,0.2526124921491445
0,0,0.18765264759344338
0,0,0.2662945391348499
1,0,0.3746490052362218
0,0,0.2688218787619993
0,0,0.269821436850712
3,0,0.3488212380432379
0,0,0.23339004620763246
0,0,0.288907244672763
0,0,0.20052371386056614
1,0,0.4135199654685559
1,0,0.41519503311241235
0,0,0.18040303985176911
0,0,0.24862633586197186
15,4,0.6191404399887527
0,0,0.2575084959921498
0,0,0.21037509797043868
0,0,0.22062176755136473
0,0,0.24918030113484554
1,0,0.30996891057445686
0,0,0.2443022463259178
1,0,0.39230803279863313
126,63,0.6844842539813788
3,0,0.32176520227619
0,0,0.20267684480411163
22,2,0.4961729205784385
0,0,0.23768594479666105
0,0,0.22831947844419712
18,6,0.6430284532448869
14,2,0.6484347156647008
0,0,0.28611480619587204
0,0,0.27377613711352206
0,0,0.26383505571682014
0,0,0.18953951004082814
1,0,0.3234664673721861
0,0,0.2918162503778893
0,0,0.2557957106371868
1,0,0.3040340904043423
0,0,0.2243842141164581
0,0,0.24044182169614037
0,0,0.22326355663358033
0,0,0.19112707471359383
6,0,0.42594019779427744
0,0,0.2047295605934043
0,0,0.28613321384296114
1,0,0.32448887435333906
0,0,0.18939206836220282
0,0,0.29827266272843656
15,2,0.46029602609500897
2,0,0.3226359243635878
0,0,0.18724558998398497
0,0,0.19843484370546693
0,0,0.2637683885777451
1,0,0.31498997241841115
0,0,0.2643937524080812
0,0,0.2946685466762908
1,0,0.3662745611353766
1,0,0.41667351268570624
0,0,0.1984586262141926
1,0,0.33149127490910973
1,0,0.32911177120752677
1,0,0.3176679359034394
0,0,0.29123840523434785
11,2,0.6518051577659931
0,0,0.2419129202417332
0,0,0.25480129465355245
0,0,0.2592969480919425
15,4,0.6089439364104822
2,0,0.3681990364770052
65,5,0.5586373170596279
2,0,0.337063077155115
2,0,0.3453408395996193
0,0,0.226366443273763
0,0,0.2549055693270126
2,1,0.5639449760732211
3,1,0.4894515625931887
0,0,0.2952032924074908
1,0,0.3620909047572806
1,0,0.4037296799089677
0,0,0.2303805987222595
1,0,0.34577565751718176
0,0,0.25517129752041456
0,0,0.21554367752246034
0,0,0.23053999667375225
0,0,0.23121756683370512
1,0,0.30906077709382235
1,0,0.3220319551658167
0,0,0.23816305895396994
1,0,0.342040820570025
0,0,0.22952220664522707
0,0,0.2162929306793625
0,0,0.2893586899490389
0,0,0.2539200951421796
0,0,0.17876456063846996
1,0,0.3021544747121253
0,0,0.24084995836765916
4,0,0.41280050433276416
14,8,0.7152757509493564
0,0,0.15404754863075812
2,0,0.351305493584305
0,0,0.20138993776186892
0,0,0.27382973910461633
2,0,0.41831291711011237
61,1,0.48969925173855755
1,0,0.3142543319848316
1,0,0.3250842632059064
1,0,0.3530897939507124
2,0,0.3143703047795518
0,0,0.22991540122718662
6,1,0.8329768115044066
1,0,0.40613577842258686
0,0,0.238514123004611
0,0,0.22306634265923295
0,0,0.16052528479956707
0,0,0.257148040328037
0,0,0.21089868371256776
0,0,0.22839040670283434
0,0,0.19509796608510552
1,0,0.30584863227194453
0,0,0.2548022977822483
0,0,0.19087903341179377
0,0,0.29026361211587753
0,0,0.20431727837801994
3,0,0.42307004967814144
2,0,0.32319148317966095
0,0,0.22111843036178772
28,0,0.39994379747465153
0,0,0.26376804248472474
24,3,0.6056024955534787
11,0,0.4166426463062454
7,0,0.3908402555628378
0,0,0.23556397233561474
0,0,0.21538327023350093
16,2,0.4814326501811288
0,0,0.2736675217084925
0,0,0.17980347422779167
1,1,0.4758588989009318
2,1,0.5050564925657522
0,0,0.2284893753667416
2,0,0.33213977746995643
2,0,0.32484866685286923
0,0,0.21233554490373852
1,0,0.43148411434079353
5,0,0.39129839764556923
0,0,0.2671452861220123
0,0,0.20068234243734026
0,0,0.24215487901231164
3,0,0.3988961275382543
0,0,0.24804322676583745
0,0,0.20939212232858656
71,0,0.41269209563297904
0,0,0.20047776900237674
0,0,0.2728046275771961
0,0,0.19178716856377312
0,0,0.23968072481629404
0,0,0.24954587130333536
0,0,0.20520975678035347
0,0,0.24900322820806073
16,0,0.4311711674620255
0,0,0.2018677442904948
3,0,0.3594587079311441
0,0,0.24324935390823035
5,1,0.5628125651000311
0,0,0.2556402912947614
88,17,0.6814365296942133
0,0,0.20227230634270338
0,0,0.2788860718239755
2,0,0.31537648577870653
0,0,0.21882848501789293
0,0,0.17997021059607182
0,0,0.27858584942339926
0,0,0.20657790354926328
0,0,0.2637656614962846
8,1,0.5215631111239956
0,0,0.21822136413554974
1,0,0.32219090181533666
0,0,0.29926783753196773
0,0,0.2090477408482536
2,0,0.35819971400531025
1,0,0.3012267439121155
1,0,0.3225068716103446
1,0,0.3585815904443076
0,0,0.22707106773110025
4,0,0.3455852920275652
0,0,0.20099370774446612
0,0,0.24681224065105442
0,0,0.2908609267463817
1,0,0.32047570336176356
7,1,0.5038246686137424
0,0,0.22719892957824694
0,0,0.18083386079078848
0,0,0.26458482794648874
0,0,0.2790070508493203
0,0,0.29671698005433733
0,0,0.28931431091719834
1,0,0.3178697692288582
0,0,0.27568507205108805
0,0,0.22318770304584717
0,0,0.19233404184932376
7,0,0.38378043949957913
3,0,0.33028952204294504
0,0,0.2161688845437407
0,0,0.20010448676241296
0,0,0.26067982978174487
0,0,0.20236919238304651
0,0,0.24718302137985454
2,0,0.3000296750885479
0,0,0.22537930665527503
0,0,0.2998538799514027
1,0,0.30100602713507946
0,0,0.17936412827799816
0,0,0.2179292568267288
0,0,0.19216509960984132
0,0,0.23741339111313506
0,0,0.27918543498374104
0,0,0.2115659208348668
0,0,0.18775589553141217
0,0,0.268444507128651
0,0,0.22581680462093529
0,0,0.25631474097030726
1,0,0.3295766580065719
6,0,0.44604380478106953
1,0,0.30928018872341567
4,0,0.3136662159539235
0,0,0.18742183640224805
3,0,0.3970746669213575
0,0,0.19947282080080106
0,0,0.1967783618901281
1,0,0.3173121565204247
1,0,0.4083613029958618
2,2,0.5430805759854824
9,2,0.5456879577046537
0,0,0.28940057411825637
5,5,0.8635039021949609
61,3,0.5236076224112824
0,0,0.22738810958012545
0,0,0.22423143750596383
0,0,0.2320675872657571
122,17,0.7502047006583852
1,0,0.30111330582599094
0,0,0.21528781031823307
0,0,0.22460339059392295
0,0,0.2312988395263387
1,0,0.43117110709569045
1,0,0.3295219523243174
1,0,0.3293258437104842
2,0,0.31186869414148355
2,0,0.32181675249988334
0,0,0.26564020646874875
6,0,0.3945012534655342
6,0,0.425269887468197
2,0,0.415709529007823
1,0,0.3184143177091548
0,0,0.25996819999515364
0,0,0.16942680616495454
0,0,0.24053694496259143
0,0,0.26690510192337213
5,2,0.4752601533240989
2,0,0.3446749814512811
0,0,0.22906485111257402
0,0,0.24102553850501937
5,1,0.6705547880535097
0,0,0.2410285389330929
0,0,0.25416345972933957
4,0,0.377561186671985
3,0,0.3688719566601606
0,0,0.20806887946815886
0,0,0.21793210901397245
0,0,0.2274793936520477
0,0,0.26982935167587013
0,0,0.2978755513959705
0,0,0.2489057173637285
1,0,0.3131472371689177
1,0,0.30555314494719615
0,0,0.18052797428307135
0,0,0.22358256317869105
0,0,0.260770603774488
3,0,0.3436336795746286
0,0,0.18684882077629736
0,0,0.26975760313525976
0,0,0.2797520329982735
0,0,0.24908672881134336
1,0,0.3198252987191967
0,0,0.2406517992700649
1,0,0.3008145761351171
0,0,0.2165694822070576
0,0,0.2754172985034794
2,0,0.4276031520710137
0,0,0.224373099309994
0,0,0.28703985397452647
32,1,0.4671006155613379
0,0,0.19806000838815646
1,0,0.30117095155867935
0,0,0.24015416029617714
0,0,0.2768667492192199
1,0,0.30994495558635915
2,0,0.376629850607233
0,0,0.2630082366573344
0,0,0.22999561278060066
0,0,0.20431691988180123
1,0,0.40542008520924794
18,1,0.4557998544397712
1,0,0.34972856190565066
1,0,0.37068089046573593
1,0,0.30113045279183087
8,0,0.4144748057812491
0,0,0.25338487491110706
24,0,0.34926071107076556
9,0,0.3890493538732815
0,0,0.24969564906087544
0,0,0.2756480613554665
2,0,0.3180597166907701
2,0,0.31977983087304734
0,0,0.2839498728766028
3,0,0.4137296399750069
0,0,0.24233341101538072
0,0,0.1880240815130558
2,0,0.30772867774203544
5,0,0.39184008526852043
0,0,0.24882796653638753
1,0,0.3758762017679843
0,0,0.2573278191313093
1,0,0.32164551669401864
0,0,0.25164680895585695
1,0,0.3810321177644042
0,0,0.24388605781782013
3,0,0.35916145454005577
4,0,0.3691101320491456
1,0,0.3016411486126994
0,0,0.28804744398277377
0,0,0.20213846396761967
0,0,0.24470722328126615
0,0,0.24952756246669272
0,0,0.2340172735524161
2,0,0.31082417928480954
0,0,0.22416642457965355
0,0,0.20077302780396222
19,4,0.5794794672759044
0,0,0.28455925131918675
6,0,0.3594979896640588
5,2,0.5238595843989162
1,0,0.35029282735415945
6,0,0.44969501282265756
67,4,0.564066503445185
0,0,0.2441914212571396
0,0,0.17351241897604067
2,0,0.36622355785714106
0,0,0.29042485976791566
0,0,0.19958523940279724
1,0,0.3202532632711969
1,0,0.35603599931397906
0,0,0.2643083865988872
0,0,0.23733301392269723
0,0,0.15834792146980892
0,0,0.2868503651512351
0,0,0.2420028675132245
0,0,0.23254606114003265
13,4,0.6808996075616768
1,0,0.3885060756852686
0,0,0.2404663812500608
0,0,0.1712630065551455
0,0,0.27417386755771045
0,0,0.21889647312102556
0,0,0.2757786242748017
0,0,0.24451309479587124
0,0,0.24044314250477683
2,0,0.42318131566681577
0,0,0.2417754809624393
0,0,0.2415496735526051
6,0,0.40650281115026504
2,0,0.3921653404290712
1,0,0.3315594227139674
2,0,0.38282505789078014
0,0,0.2512280907610373
0,0,0.23627030608938204
1,0,0.3639011289461459
3,1,0.49126697954615084
0,0,0.19824892896580332
0,0,0.17120313767884132
0,0,0.2719717130418467
0,0,0.18344892709049176
1,0,0.3090296027138092
0,0,0.26686058352238645
0,0,0.23346643019121724
1,0,0.3372836038099811
0,0,0.22619429172293146
0,0,0.20361431374646655
1,0,0.44922311305797
2,0,0.33742415684391847
9,0,0.4000632497785721
0,0,0.24102528579851693
0,0,0.24045431647840163
0,0,0.16044365769480748
114,25,0.7731265793711676
0,0,0.24524530741438857
0,0,0.2357573356431332
0,0,0.2794277085116592
1,1,0.5698694207180109
5,0,0.34329515139521893
0,0,0.2171091369872534
1,0,0.38055255531928806
0,0,0.2683782482067722
0,0,0.26207815124930073
3,0,0.3535718175907412
5,0,0.36528411276495504
0,0,0.20753048752536313
0,0,0.21337333787936483
4,0,0.394442959917867
0,0,0.2839216725249492
0,0,0.1916994770396716
1,0,0.33783241911618156
1,0,0.3222616394664748
1,0,0.31568698949290985
0,0,0.25314162273326735
1,0,0.32149239466316265
1,0,0.3066505727760841
0,0,0.19748598476330856
1,0,0.3046830831951668
0,0,0.21138531064824717
0,0,0.2145686712742777
0,0,0.23326556734748022
0,0,0.2273827410819926
0,0,0.17180465852224655
0,0,0.2104393090806132
1,0,0.3070996592099802
0,0,0.27669157466109423
0,0,0.2764577177366444
0,0,0.224736354715042
1,0,0.35522631634001156
0,0,0.2519337207879665
0,0,0.2414422539386474
0,0,0.20341177607839528
5,0,0.35452529357592316
2,0,0.341743940376459
4,0,0.3440890035146253
0,0,0.21184564380997958
0,0,0.2566808843982908
0,0,0.19508114527434087
0,0,0.20622607291456369
0,0,0.1744499334218575
6,0,0.39274288792806467
5,0,0.3888033797549071
0,0,0.2683135897943491
0,0,0.2793893911092348
0,0,0.2723233570975399
0,0,0.2875804197535
0,0,0.2749464176996649
0,0,0.23778701971795851
0,0,0.2541734820065156
0,0,0.24324112229619757
0,0,0.20111542851883485
0,0,0.19295867785096854
0,0,0.2391528726499429
0,0,0.2668851385860657
1,0,0.3092453585788141
3,0,0.38299672751842684
1,0,0.31022449548168324
0,0,0.23971121336360068
0,0,0.29282614723500316
0,0,0.20246676036772826
4,0,0.4423592965538862
2,0,0.32614098021066584
1,0,0.30333981114496694
2,0,0.39686901256174445
0,0,0.2430355139597958
0,0,0.26883706129122564
0,0,0.19087768433334268
0,0,0.21797069652850623
1,0,0.30612412394091393
0,0,0.25079376479795973
0,0,0.2920078979054576
5,0,0.4282567718485261
0,0,0.27373945772275243
0,0,0.2009160397247024
0,0,0.1776192422259258
0,0,0.17145346376245907
0,0,0.2317658260894967
0,0,0.25485008544955107
0,0,0.2209098070621963
0,0,0.23750495454538434
1,1,0.4609629060710547
2,0,0.36291488771678326
0,0,0.207113556678396
0,0,0.2766446066704621
0,0,0.2520084362641693
0,0,0.2066984528345753
0,0,0.2605316193414754
0,0,0.20429658280474003
0,0,0.23133571480292334
0,0,0.19951485167115168
2,0,0.3063359996512418
0,0,0.26689553885228495
27,2,0.5126863173474836
0,0,0.29417698776041196
0,0,0.20011589980719088
8,2,0.6567296776345874
0,0,0.20914382810777965
0,0,0.23791129823023233
6,1,0.4882897729110969
0,0,0.25570141376935035
0,0,0.253158276008594
0,0,0.15189356195901044
0,0,0.26407283289839417
1,0,0.34255078953128304
0,0,0.29150822940903537
0,0,0.23234036312557474
2,0,0.439732339524689
0,0,0.18436221964901567
0,0,0.19018122376319774
0,0,0.2555572695061935
1,1,0.5399065325508715
0,0,0.1974756518043371
1,0,0.31364695245208246
0,0,0.19551467220869634
1,0,0.3826119731526865
0,0,0.19636418607546463
1,0,0.37726332108887795
1,0,0.35825684674933006
0,0,0.2987990409893655
30,6,0.7034538650021096
0,0,0.278514432441241
5,0,0.42877452470938954
0,0,0.2820682979110316
1,0,0.3330984328523385
0,0,0.24890971265050366
1,0,0.33548514908009497
0,0,0.18987089265640852
2,0,0.3493176041729505
11,6,0.720287920691577
2,0,0.3270943139171634
0,0,0.25912919943724255
3,0,0.3716392318825132
1,1,0.504875748290815
0,0,0.2848223607244564
1,1,0.6735549464332424
0,0,0.19900273309579952
0,0,0.17025700302174274
4,1,0.518561918038164
47,2,0.4754211152429669
0,0,0.1965854461683666
0,0,0.27025316504926267
0,0,0.20027394415431513
0,0,0.19189848537295434
0,0,0.1961031280812251
0,0,0.24244448945169866
0,0,0.23637350553176972
0,0,0.19558204645976762
0,0,0.2169803601855518
0,0,0.237800515139881
0,0,0.24775405883626173
1,0,0.3087875843435357
0,0,0.20866227322344624
0,0,0.272923779517949
11,1,0.47465888378697396
0,0,0.20825091418184002
4,1,0.4780961608664472
3,0,0.43135582026390185
1,0,0.30733731300365935
0,0,0.2071397281723385
0,0,0.2147629956379946
0,0,0.22864107010092755
0,0,0.23711259410850666
0,0,0.17924652380251874
0,0,0.2116717248624961
0,0,0.25642126339658816
2,2,0.4889062098455538
1,0,0.30025532383722164
1,0,0.3523775543095525
0,0,0.20304181814651076
0,0,0.2428810276822583
0,0,0.279320147019478
0,0,0.21118665955158583
2,0,0.3237400020252125
24,0,0.4353631994307603
0,0,0.29368144225216086
0,0,0.2600134184042468
0,0,0.1984467346694286
0,0,0.18943643181472736
1,0,0.30234791467445404
3,2,0.6712965529314748
0,0,0.2608369385279687
2,0,0.36230932920913256
0,0,0.23847683113633464
2,0,0.3554030630784716
1,0,0.32272235745471683
0,0,0.2595614257054699
0,0,0.2277038579670789
4,0,0.36302441720841916
0,0,0.22770566439056017
0,0,0.29990253354350077
0,0,0.24661756042163485
0,0,0.16409223493692682
1,0,0.3489784347214365
1,0,0.3106733861136259
0,0,0.28922734548573953
1,0,0.31986847715612254
0,0,0.23214406782414507
0,0,0.2188700787473106
2,0,0.30563723840135704
0,0,0.23059641136818276
0,0,0.2706283949957336
1,0,0.31375533884716644
1,0,0.37298811028411905
0,0,0.2517375144641806
15,4,0.6212631292751244
1,0,0.3499866130796954
1,0,0.3121126429509438
0,0,0.24684570099986708
39,13,0.8749049980505865
0,0,0.22467165112579734
0,0,0.29417451526690575
1,0,0.3666445902496474
1,0,0.3058699471607163
74,2,0.47131997874637255
0,0,0.24161220498095573
3,1,0.4807541174879043
1,0,0.33214655080533745
3,0,0.3778195764661049
1,0,0.3129437478397051
5,3,0.7566959162436445
5,4,0.8306635054036545
0,0,0.22247918691204618
0,0,0.23214266235872583
0,0,0.2071989628987519
8,1,0.46566725926167496
0,0,0.26495149129371437
0,0,0.2756058773355304
0,0,0.2251498939014847
11,1,0.4553357163712949
0,0,0.24670117258980875
3,0,0.32626693159746506
0,0,0.22866871416240173
0,0,0.2769439018511012
0,0,0.29527983563272137
0,0,0.2480909701210614
0,0,0.18798269890101935
2,0,0.37265829258394023
0,0,0.22523807768448376
2,0,0.379734566076411
0,0,0.17798781399327027
0,0,0.23602585508909105
0,0,0.23115303448125302
0,0,0.24282756705053501
18,1,0.46765894984222817
0,0,0.19810516047147297
2,0,0.3514116237187022
10,0,0.4386910082721286
7,0,0.37245620403116575
5,0,0.40389703225213613
0,0,0.26702091577125164
1,0,0.31298651983272646
0,0,0.19482955047218928
0,0,0.2844064852811205
6,0,0.43260312563392767
1,0,0.30559075754281706
0,0,0.24169289249127898
0,0,0.26917959993372387
31,3,0.5325954309526622
0,0,0.2674024571746881
0,0,0.2716721045363693
0,0,0.29218471899553755
30,0,0.38245024308590925
1,0,0.36802225739018707
0,0,0.2309208690566563
0,0,0.28432852063540154
0,0,0.27221932423549083
0,0,0.2764766544966086
4,0,0.3830865041989985
7,1,0.5361144973239398
0,0,0.2248442612139342
0,0,0.2581908319265242
1,0,0.30762534713998824
0,0,0.16822682838964234
0,0,0.2546597608779623
0,0,0.2860346194301912
1,0,0.32697959080600864
0,0,0.25261888516920844
1,0,0.3009743618565585
0,0,0.1989372240735541
1,0,0.3465327000179988
20,5,0.6414246674332204
141,5,0.6053573135055821
4,1,0.5239478691543402
0,0,0.1669325875537604
0,0,0.1997566891775356
0,0,0.1759991024765164
0,0,0.23136865315912927
1,0,0.3228848307163577
1,0,0.3342350953754746
6,1,0.49017604282738203
0,0,0.1823776491866945
0,0,0.2709750119464452
12,1,0.5826895216392505
0,0,0.23266645712613845
0,0,0.15698864440981602
0,0,0.28530996209911397
0,0,0.25896580339858927
0,0,0.1733529273291006
0,0,0.23215588919618288
0,0,0.24940207810170412
0,0,0.2529199454950617
0,0,0.293576539337774
0,0,0.2780965379958639
0,0,0.2712596630932866
3,1,0.5306015710082879
0,0,0.1842258564680503
7,0,0.43722104078368984
0,0,0.2525286281976615
0,0,0.18041750420024744
0,0,0.18493622982201482
0,0,0.16939092835304223
2,0,0.3947446962127885
0,0,0.2601336311309144
4,0,0.37165223077803583
3,0,0.3661533502171805
67,2,0.5274606597714003
2,0,0.34736884306380134
0,0,0.2431594316491901
10,0,0.4322337627621478
0,0,0.23901019736525767
0,0,0.25536613457508156
2,0,0.31612758032816507
1,0,0.31253543081046203
5,1,0.7179000046463705
0,0,0.1900006368001311
4,0,0.3161004066598147
20,1,0.457839067146623
0,0,0.20906566061514184
0,0,0.2695785994284029
0,0,0.19665637788548168
2,0,0.3236671522950181
1,0,0.3883419240435816
0,0,0.28673002473340153
0,0,0.2971709509250089
9,1,0.6750698338258883
0,0,0.2890371021175688
1,0,0.3002539792178257
5,0,0.3743372123310057
0,0,0.21300995389503855
1,0,0.3007599271590983
0,0,0.2726964452994459
0,0,0.29271370399489677
0,0,0.2762616896406139
5,0,0.41883617040959253
0,0,0.1901124691137135
0,0,0.23172122224221997
0,0,0.19561864775464183
2,0,0.4267802875379823
0,0,0.2504794837643378
11,1,0.45904841939415725
0,0,0.26076736240157694
0,0,0.222164474477995
0,0,0.2535649167509822
1,0,0.3068192850421279
0,0,0.21816975544932257
7,0,0.4252787005453241
0,0,0.2836768837866528
0,0,0.26790479649860405
0,0,0.2510102805063903
0,0,0.20843454320040627
2,1,0.4543087203460032
0,0,0.2210789551389984
0,0,0.29491132642459494
0,0,0.18456267887686492
1,0,0.3357178133433325
0,0,0.23250468012243927
1,0,0.382810357219285
0,0,0.2613207603236079
1,0,0.3104682847048946
0,0,0.2885209516147254
0,0,0.17253657638770184
5,0,0.36632079875433776
4,0,0.37441060559696104
0,0,0.17750549819066816
0,0,0.29480949435317494
0,0,0.19276031086717182
3,0,0.38370735356029884
0,0,0.15824982036903512
0,0,0.21611777568797305
1,0,0.3619570737513632
8,0,0.41756000305015845
1,0,0.4040661073527434
0,0,0.18223416730955555
3,1,0.45466782948756657
0,0,0.22183768862905073
0,0,0.19743714768513637
0,0,0.23034335706205764
0,0,0.16066028762048742
0,0,0.25320306476883975
3,0,0.33483269800256116
7,1,0.46966478685842206
0,0,0.17544319675534753
0,0,0.28737829076702315
3,0,0.33422598295702505
0,0,0.15645414637762162
0,0,0.23896404042142907
0,0,0.1705671369287498
0,0,0.2776529420474088
0,0,0.18561238671382838
0,0,0.2676268539653968
1,0,0.36605111026121295
0,0,0.259121138475531
0,0,0.278879514781561
0,0,0.22559662024352864
0,0,0.17454120331638776
0,0,0.25636985269412776
0,0,0.21514105670537378
0,0,0.23259865043643538
1,0,0.30666723857325073
1,1,0.4865974396353127
0,0,0.2772426530450505
0,0,0.18407810491178098
0,0,0.2705316701550397
3,0,0.3575690488621199
4,0,0.3577407366846535
6,1,0.5320739367202428
0,0,0.2260313122640272
0,0,0.2776440636627586
1,0,0.3916255170278499
0,0,0.27416879538755107
0,0,0.2795917122876453
1,0,0.3042212003766807
3,0,0.3931433985085911
0,0,0.23475796946151004
0,0,0.27548711662516434
0,0,0.2805951661362035
0,0,0.20731425441193865
1,0,0.3761576568336935
1,0,0.3572217970185166
0,0,0.2011556853519829
0,0,0.2684962175078129
0,0,0.29503201682986013
0,0,0.2249096697389763
5,0,0.3348170595600976
0,0,0.24051955522486568
0,0,0.2487127592285296
12,0,0.3906295748338631
1,0,0.3009927899448259
0,0,0.20284442827706758
0,0,0.28274518006817245
0,0,0.17834644192867694
6,3,0.7258766392830864
0,0,0.23496828422298568
0,0,0.2386429334383782
0,0,0.20298521898631125
0,0,0.21488420543981407
0,0,0.29564891348542816
0,0,0.1772231426074704
0,0,0.24942742554525751
0,0,0.2605531470601204
0,0,0.23528539413406815
26,3,0.5439531252183869
0,0,0.2427858472488642
0,0,0.27005912752228467
0,0,0.2729431709591965
0,0,0.23130214113260042
8,0,0.4060288587341453
0,0,0.22763273977023604
0,0,0.20910349902877742
3,2,0.5083380411590059
0,0,0.2017159829351159
2,0,0.4466273615978651
5,1,0.5089089752868049
0,0,0.2640777595141207
0,0,0.2955341142892422
0,0,0.19329037001400232
0,0,0.24146573111569095
0,0,0.28166872851122016
0,0,0.19828928002308285
0,0,0.24361072112006427
5,0,0.4109053395776695
0,0,0.19873012931806178
0,0,0.201245325911881
5,0,0.3346251555255083
1,0,0.3182564610710737
0,0,0.25183250659902007
0,0,0.16074016904940036
21,3,0.49382228850953336
0,0,0.23696182387077672
1,0,0.4000155066232347
0,0,0.21994411315276896
0,0,0.28991749990681526
1,0,0.3169630792005556
0,0,0.21960656922875607
3,0,0.3685695339993338
0,0,0.21321173793281328
0,0,0.19484387995883332
3,0,0.378789851777292
4,1,0.5778996581815414
2,2,0.7820370468121673
0,0,0.26813300432651116
1,0,0.318295308585172
8,0,0.4053602667398698
1,0,0.4260641031318883
0,0,0.20578340565223016
0,0,0.20903882967046886
1,0,0.30488027308957355
2,0,0.42018828163722344
1,0,0.34419536006972745
0,0,0.2657643304664706
19,4,0.6758536708376595
0,0,0.28804466991500816
0,0,0.19486667307240396
1,0,0.33156839974729935
0,0,0.19529716542747103
0,0,0.22629541375343182
0,0,0.19311885221135652
0,0,0.2659463067782048
1,0,0.3549239446645646
2,0,0.3075957016261716
0,0,0.23165623894198478
0,0,0.20090696976759967
0,0,0.26334905456184593
0,0,0.21675692726833734
0,0,0.26384241667413855
0,0,0.22959671593984918
2,0,0.32898525018992697
2,0,0.33774896975074015
0,0,0.2866545726436907
11,0,0.4037899800825275
0,0,0.2991005829440959
0,0,0.23351734104007904
0,0,0.15313283196350108
0,0,0.2705152673473578
0,0,0.18593211358288297
1,0,0.3767401779896752
0,0,0.19102472568803017
0,0,0.2903236956037382
28,2,0.4981175097674175
3,0,0.3297791343063611
2,0,0.3599235283750181
0,0,0.19107759331238394
0,0,0.2768897207233098
0,0,0.2640643383447541
0,0,0.256005559109398
2,0,0.3506833947664006
0,0,0.18047474872835007
0,0,0.2897711719386248
13,5,0.6016197724758795
0,0,0.238257464052739
0,0,0.20973833012674775
0,0,0.22848600208826692
0,0,0.29618281052828
1,0,0.3295924284107721
0,0,0.20818648251723007
2,0,0.31150225070076604
0,0,0.29950785923384005
0,0,0.2541158639817526
1,0,0.3091871999232238
0,0,0.27678889421597896
0,0,0.17298416115226417
0,0,0.2850563592778117
1,0,0.3680606140535156
1,0,0.3089028397448982
0,0,0.23436309851464432
6,0,0.3556862023620227
0,0,0.2454648540821206
0,0,0.22621694009773052
0,0,0.2945301226272396
65,5,0.6289225311023442
5,1,0.489934359206786
0,0,0.23998858346582103
0,0,0.2359120705347907
5,0,0.4067664230073834
2,0,0.3438857858385012
0,0,0.2173626763611459
0,0,0.2897299848630093
0,0,0.18020384389542535
4,0,0.41333167686756644
0,0,0.2334719361341544
2,0,0.400945003038873
0,0,0.2799193942607231
1,1,0.5331027318994027
0,0,0.2856937400580546
0,0,0.2955866877484995
1,0,0.3455687816683156
0,0,0.18484617811323875
2,1,0.6223339559778568
0,0,0.17871248327883485
0,0,0.22702366193321244
0,0,0.24772201896070234
0,0,0.15856859546062363
6,5,0.8608001197941416
3,0,0.39245072543666865
2,0,0.31995452775078254
0,0,0.22827829718412807
3,0,0.3431977591568573
0,0,0.27063321609008706
0,0,0.21874323203004878
0,0,0.2065584707134103
0,0,0.19581523812079352
0,0,0.18354578741115
31,2,0.49510221575616326
0,0,0.23717504014109383
1,0,0.3022039658998613
0,0,0.2297074997169681
15,4,0.6006126416492403
0,0,0.20172251008281933
2,0,0.3024930282851916
1,0,0.30112114779108823
1,0,0.43148297439943073
8,0,0.42918052178263605
0,0,0.2766340319781613
0,0,0.1979908396700265
0,0,0.276826213818491
0,0,0.24998843562298503
0,0,0.22068682452128763
0,0,0.28488491475429123
0,0,0.28545480859892236
0,0,0.21890105369840648
2,0,0.39835276273063003
1,0,0.3044601590097368
8,1,0.6147332553411606
0,0,0.25122876275974987
0,0,0.23030439513140838
0,0,0.2217145452655988
1,0,0.33353064260990134
2,2,0.7286781330256235
2,0,0.3621006101004013
7,2,0.4811019669709261
0,0,0.1829243070051566
1,0,0.3073614743764105
0,0,0.2927472177524112
1,1,0.4667464927286843
2,0,0.3188911135623056
0,0,0.2463035948743704
0,0,0.2182638617191993
0,0,0.22486217099013237
0,0,0.18547460119940562
15,3,0.5563254948239849
0,0,0.2705487211521217
1,0,0.3510449535207977
0,0,0.28392137127501377
0,0,0.21351219045363434
0,0,0.1761607322497753
1,0,0.31396454376525545
0,0,0.17519743560496456
0,0,0.25723999096191147
0,0,0.21392104593906514
3,0,0.40878401113883683
0,0,0.2903605870914897
12,0,0.37080714303407775
0,0,0.27266809577662743
0,0,0.29228458332752716
0,0,0.21265176311633782
0,0,0.26892575479379227
0,0,0.18564819881749783
0,0,0.26053602587004376
4,0,0.40482724069814907
0,0,0.25372866386934956
0,0,0.28259406404554593
0,0,0.29659661849837243
2,0,0.42034580368798924
2,0,0.3022341895710029
0,0,0.27631032933211486
2,0,0.3306031289388527
3,0,0.33405457166085445
2,0,0.33713853186479315
0,0,0.23647029475440803
3,0,0.3534962584556834
0,0,0.22507259365976284
0,0,0.21779770832298725
0,0,0.25756793883866075
5,2,0.5605218399807426
0,0,0.21971958301765485
1,0,0.32364382413183873
0,0,0.26702186783701787
0,0,0.217961935670899
2,1,0.5282021174591371
0,0,0.2580400223910954
1,0,0.31378339506134034
0,0,0.26170550958385747
0,0,0.29566196973617603
0,0,0.20012099224739371
0,0,0.1675201533801063
0,0,0.19184885189505657
1,0,0.44945450088831557
4,1,0.4786708269862521
1,0,0.3314122316546949
0,0,0.19970431799411334
0,0,0.19122086174290348
0,0,0.24074780904917525
0,0,0.21542585318644863
1,0,0.3476247548982992
0,0,0.24469839345882316
1,0,0.3478514496165121
1,0,0.43581704821538003
2,1,0.5144670139820189
0,0,0.20333475484992564
2,0,0.40663484652834647
0,0,0.27283299276986794
0,0,0.24610548654692774
0,0,0.2042140835338379
0,0,0.2880886904741844
9,1,0.577560859555818
0,0,0.2350445252526703
5,0,0.3535896927248669
0,0,0.15855363893125074
4,0,0.3688547329564764
52,5,0.5813049337291201
0,0,0.1943150794050123
55,15,0.8865340979015551
1,0,0.30403045847948457
0,0,0.2897740918422068
4,0,0.3512948746540079
0,0,0.23136264547145605
2,0,0.305546081627765
0,0,0.21337557283567213
1,0,0.30458872738544357
0,0,0.18474628074213828
6,0,0.3672754675382985
0,0,0.29164961805449496
1,0,0.32750800097302546
0,0,0.1911647902357542
0,0,0.23492123932916378
1,0,0.3110269734701105
0,0,0.1748151254614072
6,0,0.41295781536002957
0,0,0.20979607136888978
3,0,0.3690659506638183
0,0,0.19696509321483738
0,0,0.15835710768167024
0,0,0.17777733428283582
0,0,0.2175363550422612
0,0,0.25700109401101473
3,0,0.4231569407393872
0,0,0.25958706502670026
0,0,0.2259965268532898
0,0,0.2905272324449738
1,0,0.30046194317587305
8,1,0.5051499602167806
0,0,0.17058268794003648
0,0,0.19572883619590573
1,0,0.3491917996524867
1,0,0.34788150065873436
0,0,0.2872502523747322
0,0,0.25276835956870064
0,0,0.1789652454695138
0,0,0.18168408975297606
2,0,0.3402664105458204
0,0,0.2888869742100436
0,0,0.18557169243773758
0,0,0.20912474157520516
35,2,0.5047704595099576
0,0,0.29955636407594816
0,0,0.29582214824177994
4,0,0.4152651527388083
2,0,0.4155902518607175
0,0,0.21054288554219627
0,0,0.24909136284996827
0,0,0.26478511086299084
0,0,0.221185543882032
1,0,0.31275326628423833
3,0,0.41424089844454937
0,0,0.2754435532860453
0,0,0.25198865287641226
1,0,0.31797310283892133
0,0,0.2630242062318085
1,0,0.30854383267979374
0,0,0.2677257885680544
2,1,0.5361565779723884
0,0,0.2519422328326844
3,0,0.440393101184834
0,0,0.1535526809569772
7,0,0.3457233170608714
0,0,0.2764483760016718
0,0,0.248968059323181
0,0,0.20670663972062336
0,0,0.2524004285026031
3,0,0.31352772298092585
0,0,0.17483636473861766
1,0,0.38165453165178015
0,0,0.28283285797816154
1,0,0.3301149439650324
46,15,0.873369936848146
0,0,0.28425357599032
0,0,0.26014929254815256
1,0,0.30731832674934845
19,0,0.4120626501831061
2,0,0.3939947041864156
17,3,0.5353274075643198
0,0,0.21751362215756562
0,0,0.20681554435183847
0,0,0.18609602762147034
3,0,0.38876298784713464
0,0,0.2713517893014125
0,0,0.24120561690681755
0,0,0.16022472278214475
0,0,0.23324698809217873
0,0,0.2748126105590874
0,0,0.2394026954711904
0,0,0.22874625211655344
0,0,0.2039402519779705
0,0,0.20014394219848428
1,0,0.33977296395006357
0,0,0.22958848077504318
1,1,0.5806926388466696
0,0,0.2351868005006094
0,0,0.21707116202415225
0,0,0.237322138011028
0,0,0.28958574358950684
0,0,0.2522423134982584
0,0,0.22921762849012353
0,0,0.20215688531769352
4,0,0.3627638598561497
6,1,0.4826622746273561
1,0,0.317862454101487
1,0,0.3273862204379883
0,0,0.21035995570245666
0,0,0.22854535008740925
0,0,0.2240017332974962
0,0,0.25968837192187055
0,0,0.23198160683783697
0,0,0.27897390789194465
0,0,0.22679336291262664
0,0,0.27530054644675284
0,0,0.19171614054883018
1,0,0.304960306943227
3,0,0.3875376266007999
0,0,0.16917258414803857
0,0,0.2637982173085217
0,0,0.24914951438690228
0,0,0.21840959163803342
1,0,0.3131691197404283
1,0,0.32263862237264523
0,0,0.2927535256222901
0,0,0.19468860779426106
34,3,0.5966686215026413
1,0,0.30781573930648504
0,0,0.26317409518774865
0,0,0.2849592039513241
0,0,0.20120621495819105
0,0,0.2865354752238696
13,5,0.5716612492609038
9,2,0.49868160804866524
0,0,0.22503866505383088
0,0,0.16498830077682944
0,0,0.22418295145150827
0,0,0.25745787635102885
2,0,0.3284759430025284
0,0,0.29297664019445735
0,0,0.24641580448936137
1,0,0.31680950498657984
1,1,0.5274474009270186
0,0,0.22569409317738995
0,0,0.2505977782424145
6,0,0.37966467345861327
0,0,0.2655332385793861
1,1,0.48976107870129737
0,0,0.27286345907966125
0,0,0.2638513595620827
0,0,0.2829515605792544
2,0,0.4363455710748772
0,0,0.21568660808996704
0,0,0.25241974702202485
0,0,0.2001020586881099
20,3,0.539326273995689
1,0,0.3878634622046892
0,0,0.28156362853579425
1,1,0.48584510001667985
0,0,0.2917271204326874
0,0,0.22919501741692905
0,0,0.2839347203313371
11,1,0.4737408689254804
0,0,0.1903468007914624
0,0,0.26763696001060083
0,0,0.2392921286729277
0,0,0.27466046179403825
1,0,0.30499181127222996
0,0,0.2730481846069137
2,0,0.3898633539380268
8,0,0.38665170703802915
0,0,0.18416760077008473
1,0,0.3451920509216371
0,0,0.24585765245609661
2,0,0.4082865934023344
0,0,0.25594897406204326
0,0,0.2057309885005684
0,0,0.1835867029046571
13,2,0.553948967213772
0,0,0.27923689898226045
1,0,0.3131111962482386
0,0,0.21594795746378118
3,1,0.5004532456996847
0,0,0.2552015302464212
1,0,0.31647543996367444
1,0,0.3004232050572687
1,0,0.3683559680623261
0,0,0.2816074717096699
92,0,0.3873986615002653
0,0,0.23841227830230327
0,0,0.24061253661392465
1,0,0.3508809180675822
0,0,0.22315401618399405
0,0,0.26591212485312615
4,0,0.37725673257951087
1,1,0.4522088868070684
1,0,0.3222452471670672
2,0,0.33541408394717637
0,0,0.2607519625605157
0,0,0.2718497719266151
0,0,0.26880943379514977
18,0,0.4374879356071932
11,1,0.4528681528961514
0,0,0.2917063596243659
7,0,0.4377196221306895
2,2,0.5083222745807092
0,0,0.17514348341084893
0,0,0.23122338901324477
8,1,0.47184175207241946
1,1,0.48547994672841754
0,0,0.2639811496366209
4,0,0.3757757269906092
0,0,0.2288450744076254
0,0,0.25146963308932047
2,0,0.3250961042161155
37,8,0.6400578892400558
0,0,0.28123604190645474
0,0,0.1895984700876124
3,0,0.3413714993627005
0,0,0.22654614227615533
0,0,0.22252019708132395
0,0,0.23296240740365004
0,0,0.2623910197593375
0,0,0.2405785345997675
1,0,0.43483650694528436
0,0,0.28762252631224905
99,17,0.635831464754411
3,0,0.4214870745803861
0,0,0.24653720027069553
0,0,0.23365199113290577
1,0,0.31269212179339756
0,0,0.25102448607796835
0,0,0.22542360272731216
0,0,0.25506801633315207
0,0,0.22620128006536397
1,0,0.36981725885230904
14,2,0.5071944175991286
0,0,0.2442749216579
0,0,0.24364134615810656
2,0,0.37486800158944567
2,0,0.30442531656028504
1,0,0.36382760891017263
0,0,0.25680586805905053
1,0,0.30214643630700466
0,0,0.2809207904715238
0,0,0.24681605019984307
0,0,0.24512512575357354
3,0,0.367407355962375
1,0,0.3093674706921785
4,1,0.5120498774254936
2,0,0.30599899454051355
1,0,0.31107874763801147
0,0,0.23301028021382586
0,0,0.20204730204231983
2,0,0.3678134928180842
4,2,0.5094742775961253
0,0,0.17218137548576384
0,0,0.2889061685635016
0,0,0.2816519558685488
0,0,0.2149851893282179
0,0,0.22246205676395014
5,0,0.4023026268380753
0,0,0.22263154179640685
0,0,0.2869065699119472
0,0,0.2978956117801992
1,0,0.30106881381591394
1,0,0.33267373597681926
5,0,0.42256015594166646
3,0,0.4172014487717907
0,0,0.19268522506457694
0,0,0.28722087440143795
6,0,0.3991966661463139
1,0,0.31551780034487753
0,0,0.29519574619023387
1,0,0.30193999769227614
55,4,0.5791708710096614
0,0,0.27835198414093504
1,0,0.324177228663704
1,0,0.3671918456528842
0,0,0.28406704780612446
4,0,0.3635911709223242
0,0,0.2008883713921079
1,0,0.4077473890765979
0,0,0.2812113317031394
0,0,0.2984121138846834
1,0,0.3342270359861633
14,5,0.560104154691219
0,0,0.28597827108900326
0,0,0.20520090440753175
0,0,0.26812699279016555
0,0,0.2500707321297514
0,0,0.2880746645527246
15,6,0.6415399163703147
63,0,0.446098299184953
1,0,0.36305959420931494
8,0,0.4079282122000904
0,0,0.19196284244232178
0,0,0.24631773087266612
8,0,0.37094295366843444
0,0,0.2110674999366433
2,0,0.3421573716770929
2,0,0.32636488237382855
2,0,0.4042815528738483
2,0,0.3804048605613452
0,0,0.25349612864271187
0,0,0.23167019622475052
5,0,0.3326614438776894
0,0,0.2210342187274341
0,0,0.1808701378295134
2,0,0.330495272115698
0,0,0.23515692327102727
0,0,0.21190139169610467
1,0,0.3339366265637636
6,0,0.3970474965425056
0,0,0.2364916696189974
0,0,0.2975382591376875
2,1,0.4970872929879257
0,0,0.2516851374985229
0,0,0.2462426591941407
0,0,0.2225027274103199
0,0,0.2716523430200348
0,0,0.28217285597347097
6,0,0.3398212652699514
9,1,0.5580120337719956
0,0,0.16947733336674967
2,0,0.3047026560360303
2,0,0.3741281533659943
20,1,0.5324709288339695
0,0,0.16661686135748538
0,0,0.2705303664281064
0,0,0.2991700393437928
1,0,0.4451157454786657
4,1,0.47468827942744607
1,0,0.3174841127870038
0,0,0.22590621038630748
0,0,0.2536282391920101
0,0,0.22237385638623294
0,0,0.19608304513780644
0,0,0.21341590674756453
0,0,0.2576571727928511
0,0,0.26798825758233497
0,0,0.2634344250852079
0,0,0.23750605779084683
6,0,0.3520715849535372
0,0,0.2542451352646089
4,1,0.49466519792470326
1,0,0.3433564881796353
0,0,0.20242642796173685
15,0,0.4334323522524921
32,1,0.49131094226908517
13,3,0.5833934531015635
1,0,0.3119528376039161
0,0,0.21642555374001243
0,0,0.17617917891383253
0,0,0.21937484964724807
3,0,0.33550942487173774
0,0,0.2479101597489788
0,0,0.21061574500142213
1,1,0.4981391194519152
51,4,0.5292728341880868
0,0,0.2617508921462974
1,1,0.572969838020642
2,0,0.35188319218882513
0,0,0.1906241349246962
2,0,0.30581391447010164
0,0,0.1732258310309111
5,0,0.4092620900622055
2,1,0.4815450342541173
3,0,0.319605860022946
1,0,0.36822470161522586
0,0,0.28984671047264854
5,1,0.4732203092956461
0,0,0.21461535680896066
0,0,0.29300612245063073
1,0,0.30142558961096827
0,0,0.259914345111991
0,0,0.22269254338818129
0,0,0.28848715898630994
0,0,0.2827281983727234
0,0,0.2526631756561924
0,0,0.18435369225728993
2,0,0.34291210667525085
0,0,0.22884624849059487
0,0,0.2771309399782467
0,0,0.250197173020263
164,83,0.7022984185524174
0,0,0.1763556797959834
0,0,0.2987426445270067
0,0,0.22154744054952796
144,12,0.5538919082182048
0,0,0.20265246088663694
0,0,0.2786114916260997
3,0,0.430452759279237
0,0,0.20607534250079693
4,0,0.36212610428757264
0,0,0.2194212978135494
0,0,0.21847015038223466
0,0,0.2044407171527414
1,0,0.3807387716111944
0,0,0.2731266330918241
0,0,0.19887933234099966
0,0,0.2448453404163044
1,0,0.34823344460568084
1,0,0.3001542687709179
0,0,0.2783020418556985
1,0,0.4247466268738569
0,0,0.2791665664314254
3,0,0.41077593990405004
1,0,0.3014505344683762
0,0,0.18997888346718061
9,0,0.4400117309139661
0,0,0.2551381977353904
0,0,0.2588124847643608
6,0,0.3557927282974359
0,0,0.23333002172934827
0,0,0.2872398879902001
1,0,0.3276648024235493
14,7,0.7552144536614384
0,0,0.16802705300274925
0,0,0.2488886799219158
0,0,0.28398629582106455
2,0,0.33745036344627016
0,0,0.2352939732191306
0,0,0.17646324808092304
13,5,0.669539842938885
0,0,0.17340652979891194
1,0,0.3052994034691719
0,0,0.24708230970531617
5,1,0.4650293536963892
1,0,0.41449176273804106
0,0,0.1571506456681058
0,0,0.2113244698195105
0,0,0.22574520822875627
1,0,0.3482601571746794
0,0,0.18230299275352907
0,0,0.28329275168832124
0,0,0.29446035424657474
0,0,0.2033740313758161
0,0,0.17695450520239148
0,0,0.257927270279112
0,0,0.22029529995091282
0,0,0.19648167049240084
0,0,0.2535880966422088
3,1,0.49577520309808737
0,0,0.2681189613162959
0,0,0.2361088679540122
0,0,0.2975401967364447
0,0,0.1990781929907953
0,0,0.20762203046059072
0,0,0.23896649363285144
0,0,0.1759828848128235
0,0,0.2436276171542058
2,0,0.35349665417900483
48,2,0.549188217415802
0,0,0.15148294440745472
0,0,0.2540666022369893
0,0,0.1619134101690899
0,0,0.2748872885348689
0,0,0.27240707999990205
0,0,0.21942872662292923
0,0,0.2710034375599422
4,0,0.39931457776885537
5,1,0.4611966737831135
0,0,0.2744147733842004
0,0,0.2249175395881701
0,0,0.23809203722850958
2,0,0.37276932477733793
4,1,0.4519187877987825
0,0,0.2424469885625427
0,0,0.2977834684426322
0,0,0.23578534407211954
1,0,0.35047188001217866
1,0,0.327510957971577
0,0,0.24534672592338894
1,0,0.40612680275268565
0,0,0.22065090119840386
0,0,0.21866063262894325
0,0,0.1948107249705684
0,0,0.20068237700134986
0,0,0.2647232854758174
0,0,0.2596228563831376
1,0,0.3201810485332289
5,0,0.3623572632088006
0,0,0.2816550992867118
0,0,0.20698687023154824
2,0,0.4208350610959399
0,0,0.18031416355145122
0,0,0.18902107963588144
5,1,0.4766005115789765
4,1,0.45841998204252593
0,0,0.26355879578685454
34,2,0.48031653566804094
0,0,0.21796445120717675
0,0,0.21894081356218723
0,0,0.27326785378045215
0,0,0.27831214329681947
0,0,0.19904126305451975
0,0,0.2731251734970809
2,1,0.45435542938625856
0,0,0.19840761207791544
0,0,0.21731121196186645
0,0,0.19518892660252304
2,0,0.3177180466944366
0,0,0.17062669967249647
0,0,0.24291307053429215
0,0,0.2100816141383733
0,0,0.2362050393014111
1,0,0.353286492611192
1,1,0.4984321532455499
0,0,0.27145895248173385
0,0,0.27108807647888106
1,0,0.30401758414118657
0,0,0.17561460910201807
0,0,0.23414151868352862
0,0,0.22743841675446697
9,2,0.48420246394030597
1,0,0.3199041826995542
0,0,0.28891590303263603
0,0,0.2971706212568255
15,4,0.6169463072147717
1,0,0.37819543556628976
0,0,0.28259388434024546
1,0,0.30611208365708137
0,0,0.290990412851522
3,0,0.3983917831969779
0,0,0.1871115971014963
0,0,0.2102023963123174
0,0,0.27509010690174884
0,0,0.208558129710759
0,0,0.2821789189103667
21,1,0.5949761092044694
0,0,0.21336993131733573
0,0,0.2838046059384203
0,0,0.2932425548193837
3,0,0.32703818386287425
0,0,0.21400239021475387
0,0,0.1666127666613583
0,0,0.23106562364603936
4,0,0.3901037848119756
0,0,0.2936708453050503
0,0,0.23919706767427665
1,1,0.4940292061522851
1,0,0.3044841619833539
6,0,0.39964831484642926
0,0,0.20543496571171452
0,0,0.18776908786937577
0,0,0.21172710031189945
1,0,0.37585878156890795
12,2,0.5239859291411972
0,0,0.21462112723052204
0,0,0.23799147439604276
20,1,0.461283085119588
0,0,0.2780579435378063
5,1,0.4618695977923615
0,0,0.27735119848892986
4,0,0.427464353022045
2,0,0.33325929872878
3,1,0.4862251708804553
0,0,0.16886025667062857
0,0,0.24751825015496218
0,0,0.22767692738271997
0,0,0.22835752741423992
0,0,0.22587118990775015
0,0,0.20397148095838286
0,0,0.20332880504173895
0,0,0.2350149602399001
0,0,0.2951451986234918
0,0,0.20441609969859212
0,0,0.2307519853293964
128,2,0.4890939354687528
0,0,0.217493943225371
0,0,0.21294648031062235
0,0,0.18961682757470572
0,0,0.1984096224954094
1,0,0.3016662818041683
1,1,0.5068142865336799
0,0,0.25249702087007525
8,0,0.35675649725474423
37,2,0.580015241832451
3,0,0.3893468453699704
0,0,0.262568946608996
0,0,0.19465451519741944
2,0,0.39309517334971433
1,0,0.3040684612841135
0,0,0.20010242378940876
1,0,0.3144704003398165
0,0,0.17396848838715961
0,0,0.20459660285756603
2,2,0.6673498907871008
0,0,0.18036849418100626
0,0,0.24983435490262682
4,0,0.3367850457845071
0,0,0.24242468874397655
7,2,0.5019273746953503
0,0,0.26870583718768387
6,2,0.7559835653094528
3,1,0.6595348216290562
0,0,0.15831110086112937
0,0,0.24958350471837074
0,0,0.19822612355738825
0,0,0.26230312066421124
0,0,0.20304897462992577
0,0,0.2239224949443401
0,0,0.26461303730187036
2,0,0.33676400035743376
0,0,0.23311477576618564
0,0,0.1977924215742558
4,0,0.35231622523293155
0,0,0.18854434606603415
12,5,0.697940097346921
0,0,0.2475077164603325
0,0,0.2630743509438979
0,0,0.25345876000596673
2,0,0.3896585440347715
44,13,0.7841689412161047
66,4,0.55698179914079
0,0,0.1604087988087234
0,0,0.20855261667885192
0,0,0.21615413051778617
0,0,0.29896135032745036
0,0,0.2824991072650651
0,0,0.21532559214106659
0,0,0.208698300442245
3,0,0.42194832347294825
0,0,0.23486300153914813
0,0,0.2756760210228003
0,0,0.1929457439598215
0,0,0.2410658754251327
3,0,0.3632728971370311
15,0,0.448925234809289
2,0,0.3330676091171325
0,0,0.2522562880720566
0,0,0.2563704348080555
0,0,0.1879555967929089
1,0,0.3799241619921027
0,0,0.2846457152521314
30,0,0.4191334942704182
0,0,0.23620079300885857
0,0,0.2367420523031558
0,0,0.2006147865531364
0,0,0.19580995513975027
1,0,0.32742761587396096
13,0,0.38135420588760416
0,0,0.249043898251182
8,1,0.4864589343223091
0,0,0.20842270413927455
2,0,0.42688481040881715
14,0,0.42851432271424944
0,0,0.22411539021949653
0,0,0.2099413503115177
107,10,0.6823304888845053
3,0,0.36747145421665683
0,0,0.19639499272762195
2,0,0.3420936659406918
5,1,0.45859017797696444
0,0,0.23141479024855258
0,0,0.2111185100391547
18,4,0.5580127372018362
4,0,0.3833283829741595
0,0,0.2353958474595353
0,0,0.23788597685732552
0,0,0.27041250834799746
0,0,0.24125377559621267
0,0,0.20451486164307703
1,0,0.3386663560809299
2,2,0.4710322157820821
17,0,0.4153833815523198
1,0,0.30686922598993305
0,0,0.1906419844507195
0,0,0.21014870161083002
0,0,0.2425183294787494
5,0,0.41279933695004245
3,0,0.3092394820212369
0,0,0.2823304902032696
2,2,0.6708145097487133
0,0,0.23212898785069613
3,0,0.33451567657205933
0,0,0.26107282878619065
0,0,0.2123473087733207
4,0,0.3722141662400477
0,0,0.16767583670281114
0,0,0.262604962517304
0,0,0.22890219021166575
1,0,0.3100516368071687
3,0,0.43635119944586814
1,0,0.35771631087938754
1,1,0.8691408600469946
0,0,0.22129252733549878
1,0,0.3469408640008072
0,0,0.22919426346744476
0,0,0.20424727631726772
2,0,0.31962935551263033
0,0,0.18297991898454605
0,0,0.20581853122327684
0,0,0.26341272505086943
0,0,0.18909605367775514
0,0,0.23758920356257726
0,0,0.2994873587353203
6,0,0.41153904163664634
0,0,0.25010851721099375
0,0,0.236900655873051
0,0,0.22636517722617652
0,0,0.22231748963802977
0,0,0.21597426202461995
0,0,0.21933840507386965
0,0,0.22412088371961483
0,0,0.20726063472757544
0,0,0.2046425779089531
0,0,0.1698046593430619
0,0,0.21850928973984468
0,0,0.27002228536553813
1,0,0.43283074102847846
0,0,0.28980760377326964
9,0,0.44813926090919437
0,0,0.2413688756524039
1,0,0.3088261956471143
2,0,0.3489196623341844
0,0,0.29376347577486783
1,0,0.381552531207049
0,0,0.2631402614305264
0,0,0.22543344028443402
0,0,0.25718661024276634
0,0,0.20424676961739727
0,0,0.2714924359813958
1,0,0.3162368580836916
3,1,0.4627072618651057
5,0,0.3741572068061885
0,0,0.2972688585645001
1,0,0.3238411020116481
0,0,0.2244759835147598
30,3,0.4946401119473014
0,0,0.28274862203093926
4,0,0.42048996757155765
0,0,0.24738196052967923
0,0,0.28964539987479027
1,0,0.37376807558439246
0,0,0.26617017172443935
2,0,0.43634025739437865
8,1,0.567950457282026
0,0,0.2978401550709261
1,0,0.3102914136825126
0,0,0.19857017807794994
0,0,0.2352326229163096
0,0,0.25917973133743605
0,0,0.18591656420168798
0,0,0.2100058658637314
0,0,0.26425267865695107
4,1,0.48048596459394166
0,0,0.2819971708279918
0,0,0.25282644043473596
0,0,0.19215339560839484
0,0,0.27770378278047075
0,0,0.2544749100974938
0,0,0.28832727831914867
0,0,0.21272544363816717
21,0,0.44165878581612833
1,0,0.3388120948724981
0,0,0.2744347380970778
0,0,0.2467757551677801
0,0,0.20300037523854408
0,0,0.20096420002907928
0,0,0.2996600346781136
0,0,0.2295778492911772
4,0,0.3994532886748028
0,0,0.22761096751117182
97,0,0.4407617178022476
0,0,0.24391743718563003
0,0,0.2172732008379651
0,0,0.2098403573830235
4,0,0.3623194325367023
2,0,0.3875221331038728
0,0,0.23560515555946512
0,0,0.21677296712289068
0,0,0.2685558710751042
0,0,0.2736797508096414
2,0,0.37075472187595965
0,0,0.27039561002237084
0,0,0.16523090816527775
0,0,0.15192258659539587
1,1,0.7075799633605754
0,0,0.21723096451841512
0,0,0.2074995355955839
2,0,0.3237746806414836
7,2,0.8233919132014402
0,0,0.23725967427380407
1,1,0.8524375275654574
0,0,0.2525891097865272
0,0,0.22381196079273438
7,0,0.4352269685199369
3,0,0.32950918886537467
0,0,0.21104126514607374
0,0,0.2595343049466499
1,1,0.5279381778971243
0,0,0.2239797836235149
0,0,0.22034287438656855
0,0,0.2517331726025991
0,0,0.20990724704043692
0,0,0.2050453416249249
0,0,0.2712148762430527
147,115,0.8108355368736195
0,0,0.2197696703595063
0,0,0.19548670861039677
95,4,0.5322116236860022
10,2,0.5869819080641262
0,0,0.275749279122426
0,0,0.1809198894207079
2,0,0.31580840843349717
0,0,0.2819511332690271
6,0,0.4127923864788575
1,0,0.31668841106570234
0,0,0.21841913533549467
0,0,0.19371796004946285
0,0,0.29991530082886964
1,0,0.3081414513188218
0,0,0.23732184606205736
6,1,0.46187562963617557
91,2,0.6403695663932063
1,0,0.3593314525280708
0,0,0.2373757073865934
2,0,0.3406309068292619
1,1,0.4591376166752707
2,0,0.36128338611642064
0,0,0.266446508112794
0,0,0.2170134951923433
0,0,0.20751728148801957
0,0,0.19482414475090487
0,0,0.2893136281950801
3,0,0.3467209252210813
0,0,0.26134951354215136
1,0,0.30322757924413146
2,0,0.4405083891825208
0,0,0.2747706576834421
0,0,0.2004410086427559
5,0,0.41040336590172294
1,0,0.3297907650725571
0,0,0.24248714009558392
0,0,0.17891039318717405
0,0,0.21380257038600523
1,1,0.5384611505293255
4,0,0.37661355633053145
0,0,0.26382102055352835
0,0,0.1657955194481189
5,1,0.480994607299822
0,0,0.2949700933259922
0,0,0.27695162322969186
1,0,0.3063594103612497
0,0,0.27409020441656307
0,0,0.23514354741294372
0,0,0.19516881778112785
1,0,0.38003029726201876
1,0,0.3069025301674647
0,0,0.22903827697105206
0,0,0.278729519898454
1,0,0.34574536209068385
0,0,0.213024955303991
2,0,0.3786045552283085
2,0,0.3345314092338211
0,0,0.24186717342362696
0,0,0.19774397325661883
0,0,0.19527856103737257
54,4,0.5644045740597167
0,0,0.2614801280288456
0,0,0.28731115717075406
0,0,0.28960973015142777
0,0,0.2825081913330234
0,0,0.21788582846664306
13,4,0.5420316337515217
2,0,0.36488964318448996
4,0,0.35587418020613093
0,0,0.2689152617176089
0,0,0.2794240519161951
1,0,0.31556148138682516
1,0,0.3884991776631895
0,0,0.29924420784474004
2,0,0.41408477657257575
0,0,0.2846764854732407
0,0,0.16087513807218054
0,0,0.27311020600250224
0,0,0.24247183253027804
1,1,0.4574070491416195
0,0,0.20060463964265343
2,0,0.35601744493033183
0,0,0.16068181367828832
0,0,0.22960293425157902
12,0,0.4140495512615311
2,0,0.3296995808285305
1,0,0.30228045394138814
0,0,0.20241551289411552
0,0,0.20198903206610547
1,0,0.30375498175793986
0,0,0.2494014015759839
1,0,0.32487409041457954
1,0,0.30363076178560217
1,0,0.3518091138483958
3,0,0.37632327517963166
0,0,0.2636499708661867
0,0,0.25625395153031627
1,0,0.303182230797599
0,0,0.24543255807234102
2,0,0.4359274266933156
0,0,0.25709503018091845
1,0,0.31228465558987895
0,0,0.2100812520354128
5,1,0.49066838159372295
0,0,0.21305407574864418
2,0,0.3990511704350266
0,0,0.2550291768187621
0,0,0.27770278442632224
0,0,0.2973194577407712
0,0,0.19777162374062754
9,0,0.42313633318623695
7,1,0.4907023255509358
2,0,0.3499843291330656
0,0,0.23202964185364777
0,0,0.2039449521561262
0,0,0.2152159887824842
0,0,0.2804619705405939
1,0,0.3000700178545064
0,0,0.2065621316572751
2,0,0.3875102779309335
3,0,0.3880552740765049
0,0,0.261066521314652
1,0,0.36168933098475325
1,0,0.3118477819181577
0,0,0.23688191442676607
1,0,0.40633532395387556
1,0,0.3306292141741294
0,0,0.16154979562295232
0,0,0.2067369400477446
0,0,0.1776638142301858
0,0,0.17952157450689576
2,0,0.34765397458290326
0,0,0.22197606301444858
10,1,0.5693042418145613
0,0,0.2763237026279022
0,0,0.2174089050315641
0,0,0.21961938618183574
7,1,0.47743575361716667
0,0,0.16000059053168714
0,0,0.20660568930460343
0,0,0.27228128595433604
0,0,0.2894035336559702
0,0,0.23352540521922446
6,0,0.3862658521994902
5,0,0.3617763310190661
0,0,0.2611094134951761
0,0,0.23650659966991736
5,1,0.4789041326490968
0,0,0.19141908498085206
84,17,0.7405306376644298
2,0,0.3814153867755949
0,0,0.25663231359102734
0,0,0.24955492654195896
1,0,0.3158777678452833
0,0,0.24684451947581165
1,0,0.32637764213742354
6,0,0.4085199424513221
0,0,0.221534829490904
2,0,0.3063399332152798
0,0,0.26928064473785185
4,0,0.38568212575989363
28,0,0.44028183373774177
1,0,0.3110164934316181
0,0,0.2590799536304245
1,0,0.30457954302251894
0,0,0.2623265528572123
0,0,0.25428380938364525
0,0,0.25226389426400087
0,0,0.23239123915570928
2,0,0.3635829815593912
0,0,0.16586355827092003
0,0,0.22399468341169393
0,0,0.20068436794185693
0,0,0.17925387346668284
0,0,0.29932301988138554
0,0,0.2279292318569395
2,0,0.3717729633166554
1,0,0.3594174936572465
1,0,0.3365016853520669
1,0,0.4327980173634798
0,0,0.17179233439872427
2,1,0.49813684337849956
4,0,0.3276326684420791
19,2,0.5043294751067312
9,1,0.473528807933984
0,0,0.255956249463171
1,0,0.30994707133930893
0,0,0.27884342649556515
0,0,0.20018841249383978
0,0,0.2730069158643239
0,0,0.2133955713992442
0,0,0.21091771439979426
0,0,0.29426981502859656
3,0,0.35314430447561984
0,0,0.24336596083977224
0,0,0.2662008144889631
0,0,0.2004826787622041
0,0,0.2774683828778102
0,0,0.26304936129490364
2,0,0.35066702287767576
1,0,0.32882976115391543
0,0,0.15390678762386711
8,1,0.48313116789940647
0,0,0.22458189524007527
0,0,0.28578651073511874
1,0,0.41219079298987377
1,0,0.32046447810571055
0,0,0.25008647464074135
1,0,0.30336959198509966
0,0,0.17848876687966791
0,0,0.22924591338981135
0,0,0.23673758893574068
0,0,0.2174994292836675
0,0,0.19844462890544126
0,0,0.291057604073451
0,0,0.23259309432888553
2,1,0.5015178080016213
0,0,0.22941496659529237
0,0,0.28659735081099325
0,0,0.253156666662992
4,0,0.3374509601583383
0,0,0.21474912539819246
0,0,0.26396980386096475
0,0,0.21728407810487887
0,0,0.29356403200119613
4,0,0.3558513059300395
0,0,0.2957478083551398
0,0,0.2401945015938622
1,0,0.3297869146528153
0,0,0.2463054860610097
0,0,0.21081371208973673
0,0,0.19926967011685573
0,0,0.28971650036950686
0,0,0.2866368771534336
0,0,0.24773701268130877
5,2,0.7891996038560337
2,0,0.3153053220260443
0,0,0.2341569640982098
0,0,0.23038814925373047
0,0,0.18320744431496994
0,0,0.19597012343470172
0,0,0.24473805084912667
0,0,0.19085265935738177
1,0,0.32066359097594915
0,0,0.246609834079315
8,2,0.6248197095249486
3,1,0.4845490143162469
0,0,0.2510839054221687
0,0,0.20076948257671748
0,0,0.21915434274759218
3,0,0.34616623951472514
0,0,0.19738574811771528
0,0,0.2611364442107211
0,0,0.2341761912489284
0,0,0.23571788724545334
0,0,0.2600017357428459
0,0,0.19385710774213458
0,0,0.19796832088316965
0,0,0.17762759013671117
1,0,0.34587536664376234
0,0,0.18384426211822405
1,0,0.3028937625514937
3,0,0.42107802911883097
0,0,0.28637495603035173
0,0,0.26113297631886717
0,0,0.20955997963980716
0,0,0.2849234564076769
0,0,0.24445048064533179
3,0,0.37279153847911295
1,0,0.3774808856588107
0,0,0.26738532612091975
4,0,0.42233852519957327
2,0,0.38883511713219665
0,0,0.29872353497077536
0,0,0.2948450819522992
0,0,0.2525032485895084
8,1,0.4736532407759095
0,0,0.21485373912934252
0,0,0.182166939313786
0,0,0.29127917508834184
0,0,0.2676001839885793
0,0,0.24804948686957548
0,0,0.1996235247011446
0,0,0.2389874760264443
2,0,0.40294281833902224
0,0,0.23699173304875173
0,0,0.19166724520711956
3,0,0.3800572494065435
5,1,0.4598185406796378
2,0,0.35614780864721546
53,3,0.4940673883491577
0,0,0.1574025152236429
0,0,0.28992573956237805
0,0,0.17092514724685137
1,1,0.6484877229706448
0,0,0.29541473058266826
2,0,0.3536547862898537
1,0,0.3528347693155774
2,0,0.37861023508216773
0,0,0.26738653087073205
2,0,0.37102282770475015
0,0,0.19434640219490312
0,0,0.27514733896884913
0,0,0.2089242415888929
0,0,0.16354251504720752
2,0,0.31050873700163767
1,0,0.3135382534086586
1,0,0.31659759280904437
15,2,0.588347096772064
0,0,0.27702401832691004
4,0,0.3739918845796613
1,1,0.5451794939819757
2,0,0.3428803932131277
0,0,0.20421028796311022
0,0,0.2714640284142258
0,0,0.22652597557208587
0,0,0.24180530799554725
0,0,0.20043136982723583
0,0,0.29159006851606034
1,0,0.35173864615707584
1,0,0.34852637172808565
13,2,0.4727591785289412
0,0,0.1713721532889708
0,0,0.2950698368959945
0,0,0.27246303747852535
7,0,0.4321389829995069
0,0,0.27950339938090973
0,0,0.2519426623865955
3,0,0.3335996442741737
7,1,0.47302751187392855
0,0,0.29993319535588736
1,0,0.4018252710095913
0,0,0.27530953428414345
1,0,0.3441902530169706
5,0,0.3877456171319823
0,0,0.18227344570273424
0,0,0.22365943479990225
0,0,0.28385860174945243
1,0,0.3988270240656246
0,0,0.2926407883512511
0,0,0.18507964826804948
1,0,0.32131651994547217
0,0,0.18870892863850075
0,0,0.28026738640675747
0,0,0.25329327391126555
0,0,0.20353877974713758
0,0,0.18510288132287558
0,0,0.25039679485469296
1,0,0.318291997732073
0,0,0.24611546621209168
0,0,0.22559482728541808
0,0,0.20482109377933194
0,0,0.29355485894955724
0,0,0.1651945210967214
0,0,0.24306190285249984
5,0,0.43637391633554845
37,0,0.445313229329809
13,6,0.7875512735076501
0,0,0.22939623502459539
0,0,0.28515544302297924
1,0,0.3071589297194508
0,0,0.229633114183432
0,0,0.24165886099575773
5,0,0.3548694667521048
0,0,0.23064269269588195
4,0,0.37462639223008015
1,0,0.3491465795680593
0,0,0.2064100598395078
0,0,0.18070318361225973
2,0,0.3405367875525355
0,0,0.21465226419192948
1,0,0.32560168273402607
6,0,0.3667739704447211
0,0,0.2978828760797365
1,0,0.30138809556719726
0,0,0.25103428044437415
0,0,0.25891822553003674
0,0,0.2725079803510684
1,0,0.30804857942492436
0,0,0.2519718489975378
1,0,0.30836127006718217
0,0,0.20884900910978524
0,0,0.23259373377942935
1,0,0.3171307151397962
3,0,0.34265641205631603
7,0,0.40610899376789295
3,0,0.4087855577005201
0,0,0.189687715641368
3,0,0.3321916216958374
0,0,0.20585662392573828
0,0,0.2410285239740097
1,0,0.36037098987076854
0,0,0.2795697264358331
0,0,0.20748130243101953
0,0,0.2846107649687658
0,0,0.22265255274188503
2,0,0.39549061567406946
0,0,0.20051075692547313
0,0,0.28316183083098995
0,0,0.279620062952286
0,0,0.25972662916761946
0,0,0.20929045749663738
2,2,0.4982922400235368
0,0,0.2741146526462432
0,0,0.2353473610596961
1,0,0.3323827277813464
1,0,0.34383266112350713
0,0,0.2435099110221633
0,0,0.2372837953184532
0,0,0.251743723741017
1,0,0.30555213767659517
0,0,0.19287982074441762
1,0,0.3690495932696558
1,0,0.30168063068249007
0,0,0.23677426377410535
1,1,0.4807187575836643
1,0,0.4099779367198421
8,0,0.36597177688827487
0,0,0.2047825785059002
1,0,0.327756760950176
0,0,0.23005304815211292
0,0,0.1824537878952571
0,0,0.2804279540691045
0,0,0.21684022039438144
11,0,0.4349420616271043
0,0,0.23993230801610407
0,0,0.20027950026891322
0,0,0.2739710908845047
0,0,0.21165695938723725
0,0,0.1849003264961726
0,0,0.29134363295803756
0,0,0.19430139638143196
0,0,0.2577924684103492
0,0,0.2373289911345558
2,0,0.3467645394545493
0,0,0.22493415063309846
0,0,0.254552638355206
0,0,0.19835922808114778
2,0,0.30388196188587063
15,8,0.7892289695933129
2,0,0.3584600079227289
0,0,0.29625758574150907
0,0,0.2694849288398286
0,0,0.23114993078928206
0,0,0.2409204557993657
2,0,0.39162363539183603
0,0,0.24732391359522723
0,0,0.23089723978772866
0,0,0.2941448373042211
110,52,0.627942724125066
0,0,0.28619055597928267
84,21,0.7595439860976623
25,1,0.5510191356755173
0,0,0.2384626379529877
2,0,0.32813411868174364
0,0,0.2073463037573947
1,0,0.3132747420477871
4,0,0.3918791193433821
0,0,0.20410049346149664
0,0,0.1703213918148496
1,0,0.3260324087893006
0,0,0.22337781456411526
0,0,0.2421759639696554
0,0,0.22540037428145965
0,0,0.28236247084602306
0,0,0.25189428422806254
2,0,0.39001568767800876
2,0,0.44934433426487674
0,0,0.27771411636541093
1,0,0.3308267064135123
0,0,0.26260661212200714
0,0,0.18751482466409633
0,0,0.1752804585526467
11,0,0.4305771411002459
6,0,0.3157451853030361
0,0,0.28613955648713646
1,0,0.42200834876654836
0,0,0.25030879933937655
2,0,0.32454789479931734
0,0,0.2207674151493392
0,0,0.2675180144626213
1,0,0.35686616409999494
0,0,0.1935012188361592
0,0,0.27401995023824227
2,0,0.3336023545720753
4,1,0.5190018309998364
0,0,0.1986993946460648
5,0,0.4344277341907922
0,0,0.27676889799592586
0,0,0.24437777113440673
1,1,0.4712485015587567
0,0,0.1770376425108344
0,0,0.2574174350021313
1,0,0.3646447276929873
0,0,0.23667309432364717
0,0,0.21870204238564933
1,0,0.36876429836707947
0,0,0.22257066642160125
5,0,0.360214404213172
1,0,0.318339167160372
0,0,0.2314059038040634
0,0,0.2691213406576431
0,0,0.2292579759501322
2,0,0.3522092736670766
0,0,0.2888192929756054
3,1,0.5069881200133536
5,0,0.33300208513972857
2,0,0.31737203580807705
1,0,0.3379627688934154
0,0,0.23363856610604786
0,0,0.2314635032253951
1,1,0.749534535090696
0,0,0.2524127297040101
0,0,0.28158253942955896
0,0,0.22632212101379795
8,0,0.41004489849433207
0,0,0.20997931010609375
0,0,0.24870746200165367
106,16,0.7031726627510761
0,0,0.25779584279677153
0,0,0.2688502636829978
0,0,0.21620762691606427
2,0,0.435197726980415
0,0,0.2584124027031586
0,0,0.224233782665372
1,0,0.3498163481087905
4,0,0.3464532911359848
7,0,0.4302992753260777
0,0,0.19474957705822124
0,0,0.297076360294231
1,0,0.38627021898102515
2,2,0.48196146562701414
2,0,0.3743527781200322
0,0,0.24738024256546146
0,0,0.258437572895336
0,0,0.2708769822587079
0,0,0.2143482697809463
1,0,0.32236889238110167
0,0,0.23597713243545346
0,0,0.2846447165939279
21,1,0.5376618461308231
4,0,0.3359116481367992
0,0,0.21986489870825396
0,0,0.2648854316151576
0,0,0.21247019495272898
0,0,0.2813107572995269
0,0,0.26875564966688814
12,0,0.4398559268685683
4,0,0.3620627117325593
0,0,0.2578319605900995
0,0,0.2460896964984372
0,0,0.2730178822840789
13,3,0.5963040151135014
0,0,0.1992870943743551
1,0,0.3559154268478516
1,0,0.30140671035737904
6,0,0.33232469898361816
0,0,0.2774464953111598
0,0,0.2391635831977588
0,0,0.17257801039235543
0,0,0.2078940194356039
1,0,0.3047972855530762
0,0,0.21751462833612722
0,0,0.19666015287601918
0,0,0.29595666426466466
4,0,0.3440173191321308
0,0,0.17902593905392314
3,0,0.35760201677100656
1,0,0.31833522223076255
0,0,0.2975583155480138
0,0,0.20047694939558128
0,0,0.17886038655101918
2,0,0.31987092974079057
0,0,0.2772721090844966
1,0,0.3010568800396585
7,0,0.4078925853546447
1,0,0.3377045891050817
3,1,0.4733044937515159
0,0,0.21398439489029844
1,1,0.6191234226675513
0,0,0.1943935256446879
2,0,0.3397617450445661
0,0,0.29286682468538267
1,0,0.40431745975836375
0,0,0.2545965873718596
0,0,0.22544795836772277
1,0,0.32613405594519906
0,0,0.23228931499444325
0,0,0.1974600831387954
1,0,0.30089988199176143
0,0,0.19107720270527062
0,0,0.2966857457126506
0,0,0.2151425347420821
1,0,0.3722847110445272
0,0,0.19206606535227158
0,0,0.15899282625777666
1,0,0.31119007614129446
0,0,0.22075279983300788
0,0,0.20117084197226653
0,0,0.23556582697680892
33,7,0.5983776794680107
1,0,0.30353567773763857
0,0,0.2215188544956171
0,0,0.2816261288202236
1,0,0.3993520650091493
0,0,0.25957667709134724
0,0,0.2421152494913311
0,0,0.275990362840451
0,0,0.27343638228011796
0,0,0.28067073406850523
0,0,0.26582100263527725
2,0,0.41089618444659143
1,0,0.30020409158355604
0,0,0.2834017639810854
2,0,0.31306401675624534
1,0,0.31475785462835987
0,0,0.18070742913309057
0,0,0.22873389544809428
1,0,0.30046923532843994
12,2,0.5035407564357738
0,0,0.2539680169381549
0,0,0.20905912194807758
11,0,0.42736032486806785
1,0,0.3295014187428584
89,7,0.6312133931897378
0,0,0.2431919901249834
104,17,0.6554211178574834
1,0,0.3954647949509254
9,0,0.3833515942573184
1,1,0.723922063153013
0,0,0.268557645537298
0,0,0.24379894743981134
0,0,0.28582536666297126
0,0,0.2711500499057088
0,0,0.19848330218724722
1,0,0.3314715783650565
30,2,0.6206005763943014
5,1,0.5177113306984512
0,0,0.20195920776824688
1,0,0.30196492892158894
0,0,0.2744708231480546
0,0,0.2753604607310059
2,0,0.34096660919910327
0,0,0.27570548199760453
0,0,0.26091641321744796
12,0,0.4134507237088194
1,0,0.30895997890588806
0,0,0.2748000721438355
12,1,0.4664540673566664
0,0,0.18026618544302253
1,0,0.30035918171554093
0,0,0.1967481211709054
0,0,0.2163800190659502
0,0,0.20949429875968162
0,0,0.2195674828617633
0,0,0.23826043578247236
19,0,0.4356607719108992
8,2,0.6091942432215522
57,4,0.5249760417690773
0,0,0.2845769169873873
2,0,0.37515328757588956
0,0,0.22479949962094062
0,0,0.25165071348240775
1,0,0.421943853604795
0,0,0.2608958908851734
1,0,0.35600302199024525
2,0,0.31937908572335144
0,0,0.24566625851632873
0,0,0.2042061700142361
0,0,0.1648568805786208
2,0,0.4111817089578968
2,0,0.43982030301661756
1,0,0.3037771839637299
0,0,0.16367003440989453
0,0,0.20751621066364956
0,0,0.24910145122790964
2,0,0.3779678376841945
1,0,0.32650767534761144
0,0,0.2000005961910058
2,0,0.30610054706704515
6,1,0.5478184031658998
0,0,0.22052509954891641
0,0,0.19152159937258192
0,0,0.23164026763223589
0,0,0.18556570536797048
1,0,0.3004229992984058
0,0,0.2580461553715205
0,0,0.19896193357655206
6,0,0.3829822004384683
0,0,0.2793387665506325
40,0,0.43702019424730193
10,1,0.45887226107698764
0,0,0.20554956621722753
15,1,0.46984533563889347
0,0,0.2193991899181016
0,0,0.2091515787664481
0,0,0.2510645950657033
71,2,0.518611144003811
0,0,0.15595269717060506
0,0,0.20831747003436726
0,0,0.2793591324075506
0,0,0.2149770305004851
1,0,0.36569406026267237
1,0,0.30114628438139884
0,0,0.21980700586114113
0,0,0.22273125340269964
1,0,0.380465970688965
2,2,0.6956225701025096
0,0,0.2641296445283295
0,0,0.25884685204260083
2,0,0.33744786757276024
2,0,0.39285096339608233
0,0,0.21314653446941728
0,0,0.23900718147017472
0,0,0.28238623797788664
7,1,0.4598545388958858
4,0,0.3278506733508526
0,0,0.27462416078218216
0,0,0.2859185906680393
0,0,0.19734417329097148
0,0,0.21079252026160641
1,0,0.37345022746156636
0,0,0.1522971374725176
0,0,0.24830121088374124
0,0,0.2244900439736858
0,0,0.24258677586092173
4,0,0.38538422619872925
1,0,0.4318299146353363
0,0,0.1994311766779736
0,0,0.2067816545047542
0,0,0.22896586523222473
8,0,0.3958991637252257
0,0,0.2884922575405982
0,0,0.26771153641263384
0,0,0.20638655172246148
0,0,0.267065579970294
0,0,0.26513485663698394
7,0,0.3746861571664666
0,0,0.28093096446728827
6,0,0.43295353904935596
0,0,0.17888599267723326
12,6,0.7026393879666186
14,4,0.6350218887505656
1,0,0.32550361255818194
0,0,0.182467783187316
2,0,0.42283886988418695
6,0,0.4027547412680517
0,0,0.229515404697717
0,0,0.17990951194956672
0,0,0.2755151473112048
6,1,0.5656986245166797
0,0,0.234058473408594
1,0,0.3071195412598631
3,0,0.3942528744141309
0,0,0.27602622616764383
0,0,0.25560853566212804
0,0,0.29751329030213036
2,0,0.33907444730463504
0,0,0.2600167804483351
0,0,0.29823444086665035
12,3,0.5229551217645062
0,0,0.2888802328692101
4,0,0.3763733210734291
0,0,0.2781127940588596
0,0,0.21409829772805838
5,0,0.33687485451348087
0,0,0.22859297747270885
19,2,0.5055951485670175
1,0,0.30131507398343715
36,15,0.914793327893814
0,0,0.28350216630547603
1,1,0.488394546478712
0,0,0.21563892916424052
0,0,0.1769661046333635
1,0,0.3581172131955078
0,0,0.17441526414406605
0,0,0.25372414892324757
0,0,0.25599363104144235
0,0,0.24883728702165248
0,0,0.2390006465068163
1,0,0.36644465737705845
0,0,0.229650447467964
2,0,0.31284829646471785
0,0,0.23231536572282185
0,0,0.2527225732228781
62,4,0.5532602603167027
1,0,0.3028574719215215
0,0,0.2046386396215427
0,0,0.23819531870424862
0,0,0.24078703899945036
0,0,0.2960770782120984
0,0,0.22970922447330575
0,0,0.15977971622723508
0,0,0.2746922091971595
0,0,0.2306087021961972
0,0,0.23025656137546258
0,0,0.17381558176588688
0,0,0.22393070243877083
12,6,0.7163905302771362
0,0,0.2971965777893209
0,0,0.25018187964131405
5,0,0.4393235660888559
27,1,0.45695180550336045
0,0,0.18230606778272018
5,0,0.373528418501755
0,0,0.2598366549960917
0,0,0.23233311209158164
0,0,0.24744992508023256
1,0,0.31088126521587617
0,0,0.24817637052569344
0,0,0.18854245937626854
1,0,0.39685652900038293
0,0,0.23879575704747733
0,0,0.19343006259703774
2,2,0.7755447223509836
0,0,0.20963281677894613
11,2,0.5368708876127493
0,0,0.2662242234829842
1,0,0.30030667743344125
0,0,0.19980884283928438
2,0,0.3181444799799297
2,0,0.3478390956093791
0,0,0.21675237283910326
1,0,0.3205289231870751
2,0,0.37499099958253
1,0,0.36991568285955795
6,0,0.4345218645727144
0,0,0.1805188802219698
0,0,0.2914664380449096
3,1,0.4830063789782288
0,0,0.26723421951300064
0,0,0.1874946325238991
2,0,0.4296387203713061
0,0,0.21707269775234397
0,0,0.24364002378467858
0,0,0.22153449489144036
7,1,0.509925392633157
0,0,0.2025924398126084
18,1,0.4669722567048357
1,0,0.31036480797043176
0,0,0.16791352180654592
0,0,0.2355069864867523
0,0,0.19256472854754042
0,0,0.1789244435948501
11,0,0.4297023500981651
1,0,0.35717285178112107
0,0,0.20282754987253174
0,0,0.2527624683586577
0,0,0.14665323402513633
0,0,0.18595843882154617
0,0,0.17403642289978438
8,0,0.43936284505953715
0,0,0.1823693062423185
0,0,0.2736474669662605
7,1,0.5088556240158962
3,0,0.3183041619500574
2,0,0.3538416707983624
0,0,0.2602191130148541
0,0,0.19816596723642457
0,0,0.2560127273441423
0,0,0.227113717462042
1,0,0.40055074983847216
0,0,0.20687065816437408
0,0,0.17839836654663063
0,0,0.1984807458153174
2,0,0.33850984728269556
1,0,0.33516626690309403
0,0,0.25460642500952996
0,0,0.2713274546533537
0,0,0.19343900774814726
14,7,0.7757670256457767
0,0,0.22295661060224517
7,0,0.32768576963847434
2,0,0.31243644201894266
2,0,0.38547757193048837
1,0,0.4175634952520097
1,0,0.3369633900174906
1,0,0.30659356364256724
1,0,0.3089876949467113
1,0,0.3521644297825492
0,0,0.14590575171065256
0,0,0.2639028799498004
1,0,0.3899060459701697
2,1,0.45750898201848367
0,0,0.19037435820687398
2,0,0.3571487218996601
0,0,0.24539710067403206
2,0,0.4132583352702801
0,0,0.18551429922444782
0,0,0.1792521960018292
78,15,0.506255974024652
0,0,0.2750700682469739
2,2,0.47386810574563437
0,0,0.2064278443542154
0,0,0.27046482826958457
0,0,0.19626218462433745
1,0,0.30887544105901954
2,0,0.33898183781497004
4,0,0.3905640818738155
7,2,0.45746605025852105
0,0,0.18966398938125742
3,0,0.32529664623521065
0,0,0.2860111987104384
6,0,0.3434876819311171
7,1,0.9277114954827186
0,0,0.24214691525042253
0,0,0.25143881365643916
15,2,0.6312456691142724
0,0,0.2843332868446126
1,1,0.4550375367151396
0,0,0.230223488213061
0,0,0.23907168754798913
1,0,0.35856608515387284
1,0,0.3390856067839394
6,0,0.3996647441396244
3,1,0.45609751960140293
0,0,0.17881019872541548
15,2,0.53134857434752
0,0,0.29130023311435166
1,0,0.3210667186095932
57,3,0.5280995139039281
54,5,0.6383236762003891
0,0,0.2472352280220685
0,0,0.2556458479300106
0,0,0.2745802989693781
2,0,0.3089283516067896
0,0,0.2743037696863156
8,1,0.5349802499727703
2,0,0.36309359599725316
0,0,0.1924783429511147
0,0,0.2734349818129788
1,0,0.3618205583928736
0,0,0.2708885312219692
0,0,0.204100052914106
0,0,0.16177266038582885
0,0,0.29204004468012096
0,0,0.22402134528569673
1,0,0.30132269036410203
1,1,0.6502964427862321
2,0,0.3285962497805097
0,0,0.28835228598510626
1,0,0.31745775232822593
2,0,0.40189219656394864
1,0,0.43806460467382213
0,0,0.2726985779000845
0,0,0.22981571157035596
0,0,0.27928530242383764
1,0,0.3445403665533017
0,0,0.2905884889047147
0,0,0.15856583833657026
0,0,0.2907225327470418
0,0,0.24880514844901677
0,0,0.15321454111469512
0,0,0.29279854023193935
2,0,0.3457906869185294
0,0,0.25209941454805107
0,0,0.2352293498752435
2,0,0.4291186541076984
75,1,0.47494953050944627
1,0,0.300181670179899
1,0,0.315914303058295
0,0,0.27244698017933083
0,0,0.281505198952364
0,0,0.21038206471642965
5,0,0.3793591225284694
0,0,0.208862253500483
0,0,0.289137086679959
0,0,0.19233183939612972
46,3,0.5253145435034082
0,0,0.17829030708690885
1,0,0.300611169373699
0,0,0.19249916907782788
0,0,0.22031712907037396
4,0,0.3846384500342155
3,0,0.4104360573604378
1,0,0.312552178209156
0,0,0.25951936737645004
45,1,0.49172185536350915
1,0,0.36898408186824494
6,0,0.37941961402312097
2,0,0.3330269956924612
1,0,0.32505534751553194
0,0,0.22616160826380816
1,0,0.30347354830630885
0,0,0.1937517255451306
0,0,0.19175786784973484
0,0,0.2109348367001579
1,0,0.30980803428432624
0,0,0.26098464796685716
0,0,0.24822613985945896
0,0,0.17764902560229098
0,0,0.26091984727031226
0,0,0.21259378639909782
0,0,0.20208837425073023
2,0,0.3832062999619787
0,0,0.21195740517840028
0,0,0.23844565634482828
0,0,0.23058601356145264
0,0,0.23407849884205334
0,0,0.2365398693832439
1,0,0.36153979054449725
1,0,0.30707026237581786
0,0,0.24374304102941102
0,0,0.22119175677458847
0,0,0.28572539775381917
1,0,0.32161195567532935
4,0,0.4044217578708919
1,0,0.3352465926810701
0,0,0.1591005122155515
0,0,0.20746549313187254
2,2,0.6990328381706656
0,0,0.267574506746628
0,0,0.25691467324181166
0,0,0.2655694399104282
0,0,0.2422401079564937
0,0,0.23490226559736888
0,0,0.2300795817635943
0,0,0.22465522416151218
3,0,0.37583758728918654
0,0,0.25997290774452797
5,0,0.3976197039655818
0,0,0.22837217866749746
34,1,0.5799676208349565
6,0,0.38834317303126836
0,0,0.1982335182426862
1,0,0.3256303551727176
0,0,0.2800968464361228
0,0,0.24612973248926806
0,0,0.24246878369269023
0,0,0.19518292332569492
1,0,0.38075172161977316
1,0,0.39048215791697843
0,0,0.25936282259314763
1,0,0.3849432430171118
0,0,0.2367760538830642
6,0,0.3812625906212066
0,0,0.2681751989574387
16,0,0.4438456701510881
0,0,0.1923912093333174
0,0,0.25119396846641484
0,0,0.22047627323545071
1,0,0.3935840380326974
1,0,0.3303803131593877
1,0,0.3199632413931787
4,0,0.4189430606007657
1,0,0.35274873926648487
0,0,0.21353999568850515
16,2,0.5094081046353751
0,0,0.2416504565649001
0,0,0.1970438101709892
0,0,0.21436088071644024
1,0,0.32697088259730867
0,0,0.22154795684397627
3,0,0.376463023159519
0,0,0.21851435045444287
0,0,0.2865439809851323
0,0,0.2701292782086747
1,1,0.47199238434592433
2,0,0.32292006477379226
0,0,0.16698373076856712
1,0,0.3072176539244775
1,0,0.43855602858556325
0,0,0.21645544837402078
0,0,0.2766709869921761
0,0,0.24843442690501363
0,0,0.18130109431377922
3,0,0.44109718816782045
5,0,0.44327847911527657
0,0,0.15339307477547443
0,0,0.2578262792992769
0,0,0.28225905699676845
0,0,0.21895701551457686
0,0,0.25483932120624125
0,0,0.20245619053865838
0,0,0.22472407073176773
0,0,0.24523324098620167
0,0,0.2187232832294577
0,0,0.15965729242330287
1,1,0.49532516621544587
0,0,0.1812390663969092
0,0,0.2561160192576383
60,9,0.6606180831637712
55,5,0.6122113769124977
39,2,0.5169527042502366
0,0,0.26749618145106013
0,0,0.283769440929149
1,0,0.37932964637441335
0,0,0.29423644435040636
1,0,0.39172616329622706
4,0,0.34297581662810905
63,2,0.4968855480344626
4,0,0.4049958555494357
0,0,0.23530102136201292
0,0,0.23997939098087495
0,0,0.18538977426793035
0,0,0.16160141849338733
0,0,0.29849947018415857
0,0,0.19567725877341127
0,0,0.20701884484512087
0,0,0.1814398523459664
1,0,0.3450725430737932
0,0,0.16252273202483714
0,0,0.2637790416423941
21,3,0.4873556199191221
6,0,0.3646478697341788
60,1,0.4611021742371084
2,0,0.34524785729935453
0,0,0.21330102564689485
14,5,0.5412138836364464
0,0,0.29275875709777127
0,0,0.29275462474983605
2,0,0.3293282406884299
0,0,0.2077776462574949
2,0,0.3216894104549248
0,0,0.26975071925165894
0,0,0.18023201976114164
1,0,0.30985950178751703
0,0,0.2522886229846159
1,0,0.3510562758700072
0,0,0.25789401329329337
4,0,0.3232180119082192
10,0,0.44727115173953097
2,0,0.34405354253176995
6,0,0.34417217903056885
0,0,0.17203864829095236
2,0,0.3219546372771869
0,0,0.2181396047528963
2,0,0.3110935540272143
0,0,0.2958199066271804
7,1,0.5528585407423995
0,0,0.25892290956119235
0,0,0.22184506921979008
0,0,0.24668672518732998
0,0,0.2370730314428183
9,1,0.4589740951842276
0,0,0.22246363985384193
0,0,0.243010147061721
1,0,0.3042657198534298
0,0,0.21534913089591942
6,0,0.41560594603517187
18,2,0.4624486009126539
0,0,0.17918427057299058
0,0,0.21899342915059883
0,0,0.2005332534002711
0,0,0.22776201629509657
0,0,0.18463421659119889
1,0,0.3077419187207038
0,0,0.2018040577393595
0,0,0.2812473906281029
0,0,0.1868198421805548
14,0,0.4241661614050428
4,0,0.402480295871844
3,1,0.49484821929619116
0,0,0.22605629938390676
0,0,0.28994953777038995
0,0,0.2827794741627241
1,0,0.32601141852568005
2,0,0.386392714314494
0,0,0.23439899205154419
0,0,0.22206905415792377
19,8,0.7039577323898043
6,1,0.4792598120115913
0,0,0.23243682304242755
0,0,0.25251104276615655
2,0,0.36376703572288727
0,0,0.26047056594853507
0,0,0.26470447304007494
0,0,0.1705611234672785
0,0,0.2704371709572154
1,0,0.32611988783402845
5,0,0.3731963010590441
2,0,0.31910888972771617
5,0,0.36972624336412546
1,0,0.4233870333500842
0,0,0.28203578099268173
0,0,0.2639557658994417
0,0,0.20253975982511654
0,0,0.18278754434229885
1,0,0.3056657003579857
0,0,0.2676940829291865
0,0,0.20019933225555323
0,0,0.2662100420971136
0,0,0.23541834916612914
0,0,0.20936553059557314
0,0,0.286330988236352
0,0,0.26271235165078266
0,0,0.24250724124369144
12,1,0.4619126350733897
1,0,0.4397340177461329
0,0,0.2821718477454185
0,0,0.29356942750618875
6,0,0.37284353041393403
1,0,0.3524049278405568
0,0,0.18947452649037608
1,0,0.40656420512767916
0,0,0.23593409271433977
4,0,0.31679782096159315
0,0,0.2876310439133699
0,0,0.19955743370044848
0,0,0.23350658655461415
0,0,0.22433884056480893
0,0,0.1689932975625844
2,0,0.333713105375197
0,0,0.15596911009571882
0,0,0.2378270889818428
6,0,0.4308151057827714
2,2,0.45478722724617376
0,0,0.2709314390808674
0,0,0.2347738391538505
21,8,0.9005824576504757
0,0,0.24965448754398883
0,0,0.21513432135360516
0,0,0.27963447985448764
0,0,0.2527149142371342
0,0,0.16406372348293194
0,0,0.23215467776640308
0,0,0.2490469052819315
0,0,0.2312294748993717
0,0,0.28703268291209666
0,0,0.24409247669467232
0,0,0.27141117463749415
0,0,0.2657517441025046
2,0,0.3150942327550307
0,0,0.21915949046250796
0,0,0.28845007172164644
1,0,0.3091511840407742
1,0,0.3654176018813464
0,0,0.23117872333329526
0,0,0.22590224078299057
2,0,0.3458319603517373
8,1,0.4604470251473594
0,0,0.2549298290808339
0,0,0.2842491503466438
0,0,0.2293441406121912
0,0,0.21076074317586857
0,0,0.2631489335563021
4,3,0.5122493824810508
0,0,0.285307342250467
0,0,0.23295390509818956
0,0,0.2323582875510037
0,0,0.2319627695716402
1,0,0.31144907610564065
0,0,0.21525397714698252
0,0,0.272642758995425
0,0,0.27983821292314426
2,1,0.5182422600364988
0,0,0.27063165988741195
0,0,0.25989293433237
1,0,0.3471518317257249
7,1,0.4562897244732287
2,0,0.4402248671257278
0,0,0.20363414515917003
1,0,0.4382611476539362
2,0,0.33339691624868506
0,0,0.21350081934228365
0,0,0.18690865885956404
1,0,0.33027587012431076
0,0,0.28140590354320566
0,0,0.2091634763419286
1,0,0.333865116092999
1,0,0.35350134152172197
2,0,0.34509484014138003
0,0,0.28096542769644894
0,0,0.2569848302427117
0,0,0.27473474130159453
1,1,0.7748668310378454
1,0,0.3460165327993205
0,0,0.20246598052902323
0,0,0.19676521231785574
0,0,0.24811134063210635
0,0,0.2787216129895295
0,0,0.24954990481753092
0,0,0.23105091815620546
0,0,0.21312397759869903
0,0,0.2500133638575806
37,2,0.47450272224777634
0,0,0.20720426061803113
0,0,0.2099162601073391
0,0,0.1696352512743026
1,0,0.41625310327898485
0,0,0.20857901533197154
0,0,0.21430086469663157
0,0,0.2873013910867615
1,0,0.30802834449613764
0,0,0.25236804434785826
1,0,0.3679471162810234
0,0,0.21052067445857323
1,0,0.3097845594483316
1,0,0.3078098408160783
2,0,0.3175360316818026
0,0,0.23907980765024178
1,0,0.3208712643291057
0,0,0.21513444102892723
0,0,0.21989895017761932
0,0,0.20680663829056098
0,0,0.27439614633552456
13,0,0.43710213201389475
9,0,0.36386719605519185
0,0,0.23329410918508592
0,0,0.19431935107216322
0,0,0.283448102192439
4,0,0.4236560283441118
6,1,0.7648226502610315
3,0,0.3354974158153368
3,2,0.5743944066318266
0,0,0.2507484656066719
0,0,0.21937088990429476
0,0,0.2666975708664887
12,2,0.6120122464209012
8,1,0.5619614728960817
0,0,0.1767511553474003
0,0,0.23372447264057175
1,0,0.3342720806723771
1,0,0.31566498677492133
0,0,0.20230124777048364
0,0,0.2367204601182876
1,0,0.34417613703024824
0,0,0.28155102487794376
0,0,0.2827473131712282
0,0,0.24218621639218804
10,4,0.84597138220316
3,0,0.35137337151104503
5,0,0.34985196902925086
2,0,0.38143367448943966
1,0,0.34651834437878615
34,11,0.7686798879034406
0,0,0.26352821305159296
11,3,0.5893207551844406
0,0,0.2094912274330797
0,0,0.2076517149734911
1,0,0.3126613204587219
26,0,0.4237294622996096
90,2,0.49749097845362855
0,0,0.14347481679766422
0,0,0.26167972521849353
0,0,0.2574371368879266
0,0,0.16903393163501215
0,0,0.24716353475305972
0,0,0.18329632376783836
0,0,0.2486024386689712
0,0,0.22909291963302578
0,0,0.22915004182258886
1,0,0.386404271844833
0,0,0.24712818841820303
0,0,0.27242833897121604
1,0,0.34073110685864316
0,0,0.2473553258611708
0,0,0.2721976506968425
0,0,0.22339535149308914
0,0,0.24451736079129655
0,0,0.2603036322504887
0,0,0.15720280973482
2,0,0.3948767104601436
0,0,0.236767531322446
0,0,0.18884713013759402
0,0,0.2459621698643055
0,0,0.23628003821342777
0,0,0.28659482714406703
5,0,0.43737494920075015
0,0,0.2627675998834824
0,0,0.16692298273747738
0,0,0.2906893672530035
6,1,0.45135356982234603
0,0,0.2007126988445563
0,0,0.22423044990049745
0,0,0.2748924903778704
0,0,0.24517219208819832
0,0,0.27355888158423874
28,10,0.7493068784125796
3,0,0.34633985539170087
2,0,0.38351493536246967
0,0,0.22548205739350846
1,0,0.3043425280725647
5,0,0.35055610527683845
0,0,0.28621572424914393
0,0,0.22361760834359046
0,0,0.2430190905890339
2,0,0.4272899028281416
0,0,0.2866579577376241
2,0,0.31642729163192546
0,0,0.2292061238691871
0,0,0.21260646260346175
1,0,0.3355662156702728
2,0,0.32445562941426676
1,0,0.3033543282270766
1,0,0.34524642109456843
6,0,0.4133804490986785
0,0,0.20522865185496192
1,0,0.3128033097116541
4,1,0.5062610547460662
0,0,0.24957419287402688
4,1,0.8593815508556941
0,0,0.19796913151079773
0,0,0.21319002421884084
0,0,0.27567570484364345
1,0,0.3004111457246868
0,0,0.27531348583444815
1,0,0.4035725556889759
2,0,0.3875965174883508
1,0,0.32454093608723783
0,0,0.21120621899927722
7,0,0.4292647777782796
