n_gt_030,n_gt_045,global_max_absCC
0,0,0.14699233323692446
0,0,0.15836619712877717
0,0,0.2821071683724803
0,0,0.2995841754695714
0,0,0.17579560667056815
0,0,0.2128032576355057
2,0,0.3577242484806494
0,0,0.27718499843691746
1,0,0.3243422551445199
1,0,0.3439142873178413
0,0,0.17500900620999743
0,0,0.1654762092831703
0,0,0.19624316499670383
0,0,0.23931195920888595
0,0,0.29026167247811385
7,0,0.40608313727940176
3,0,0.44204609462735583
1,0,0.3241862139056918
12,0,0.425669339451818
0,0,0.2391666151073658
0,0,0.2626052936658612
0,0,0.18885644989172737
0,0,0.20856121681134954
1,0,0.30870437845708826
4,2,0.5353433452536356
2,0,0.41151087151042476
0,0,0.2338985014720073
3,0,0.3118041390532257
0,0,0.2538620396800037
0,0,0.28849459845135916
0,0,0.22233721036498574
49,1,0.4875030398947747
0,0,0.1722073989315932
0,0,0.2611199128988785
0,0,0.16251802544303354
3,0,0.37923681689516237
0,0,0.25340385691780726
0,0,0.2266040918310493
5,0,0.40490188074784983
1,0,0.35990987193324625
0,0,0.19695005187632506
0,0,0.23348153305807648
1,0,0.3507260927372221
0,0,0.2993284437138515
0,0,0.15438383642650363
0,0,0.18461771722450063
130,32,0.6890399353357748
22,1,0.4888454082804883
0,0,0.23190044088331738
0,0,0.22511671726877183
0,0,0.21587212642907724
0,0,0.19248323909993567
0,0,0.29159680539420696
0,0,0.26474892626718305
0,0,0.24998949790095254
2,0,0.36806290114340207
0,0,0.19999725170616361
0,0,0.2124809837020619
0,0,0.18881044289737717
0,0,0.1903655708969353
0,0,0.17076428884589012
0,0,0.20217724517371116
1,0,0.3277945771712935
0,0,0.24943136647990252
0,0,0.19202284806829645
0,0,0.19007838930169707
1,0,0.39852017928200056
0,0,0.240085370999626
0,0,0.20656974953955962
9,0,0.36018112784602396
0,0,0.1640383286030142
0,0,0.16820846379797227
0,0,0.2056142997968232
1,0,0.3462129902768333
1,0,0.3016881018388852
0,0,0.28667403655865864
0,0,0.21173088870736959
0,0,0.2302786393018227
0,0,0.2098741558238364
1,0,0.3690312977047642
1,0,0.43935908070558594
0,0,0.1678260732521212
0,0,0.23591321595721346
0,0,0.21286912324841015
0,0,0.22049801024426444
0,0,0.18150157869215247
1,0,0.31453978992494885
0,0,0.1972119845174899
0,0,0.24004708783248996
84,13,0.628568486775478
0,0,0.21251488111624442
1,0,0.36143282499196916
0,0,0.22679914502410561
0,0,0.2621017295639753
0,0,0.24383078939546166
17,1,0.5231994154620222
0,0,0.276558239528929
1,0,0.3272837619162751
0,0,0.2500224226208802
0,0,0.19079337929121074
4,0,0.3996097005575726
0,0,0.1869254959966329
0,0,0.24363336530658306
0,0,0.16908744133749515
0,0,0.2868229143969955
1,0,0.3131977008700545
0,0,0.26078670187439174
18,2,0.5002616997089422
2,0,0.37595679233032475
0,0,0.26561998460751685
0,0,0.21091355685912808
0,0,0.26949433690207647
0,0,0.19536148750488527
0,0,0.19041608566222967
0,0,0.17404586377716783
9,0,0.3480323238483647
0,0,0.2357348922521857
0,0,0.15147907069262592
0,0,0.2350879923581323
0,0,0.19399507479714437
0,0,0.26431606577216127
0,0,0.23676916310608626
0,0,0.16092673586292455
1,0,0.30950822852909143
0,0,0.2724335103091587
0,0,0.27064700690986826
0,0,0.267371999975855
0,0,0.29752235105984737
0,0,0.20877547620917292
1,0,0.3738713967369535
0,0,0.2106185662707838
2,0,0.32583698136034206
0,0,0.28275849542102793
0,0,0.20467750790111833
0,0,0.16316973510921035
0,0,0.1869426914869819
0,0,0.1918374282079764
1,0,0.340947654992183
0,0,0.16702262019851907
0,0,0.18408111867541907
0,0,0.2375737491390101
1,0,0.3090189821327544
4,0,0.3523463509152818
29,0,0.3867577811886049
0,0,0.25251969099751786
0,0,0.1677651497457759
1,0,0.4097530677817391
1,0,0.3050136920096645
0,0,0.2185953590835812
0,0,0.2363076320352317
0,0,0.2888435452688988
24,2,0.4867934782688331
1,0,0.39771463758580755
0,0,0.18326021566089098
0,0,0.16594812412443866
0,0,0.17182435999379725
0,0,0.1947929522526537
0,0,0.23714665062060933
0,0,0.2291512104553656
2,0,0.34328855110098816
0,0,0.20003843835831894
0,0,0.21126644855131946
3,0,0.31321780158322643
0,0,0.28716326806637926
0,0,0.20168504271544901
0,0,0.18928787510238315
0,0,0.1943730078050575
0,0,0.2658992747277929
0,0,0.2711250132798314
0,0,0.29507775877169296
0,0,0.2760611116519885
0,0,0.18883512969067312
0,0,0.2751702901880224
0,0,0.16170260797418978
0,0,0.23712385239614917
0,0,0.15508922812304077
0,0,0.14716400083652859
0,0,0.24398551668342644
0,0,0.16515693182266655
0,0,0.21999116073645605
0,0,0.2680503204856805
0,0,0.2172988178070692
0,0,0.29812709382042357
0,0,0.2025464294904654
0,0,0.23671797883904844
0,0,0.24948379448210317
0,0,0.272981773011175
0,0,0.1289238717665391
1,0,0.34575551743201727
0,0,0.2886439480341565
0,0,0.15210730925678737
0,0,0.22087829887754162
0,0,0.24705756857463299
0,0,0.256774869097002
1,0,0.3779239750028943
0,0,0.18408283646306386
1,0,0.35213674510471105
0,0,0.17309006255501241
0,0,0.28715934997552894
0,0,0.2763634975215842
0,0,0.26055480221752353
0,0,0.21224301829559733
0,0,0.1612480572901437
52,3,0.5506802136861091
0,0,0.19123780253929284
0,0,0.1750092398623754
3,0,0.34254146270140273
0,0,0.1688367536389826
0,0,0.2588372469814177
0,0,0.1774842056151643
1,0,0.33728153422831536
0,0,0.16387952794735527
0,0,0.16779272808819432
1,0,0.33536565270287516
0,0,0.23723188796331246
0,0,0.24440400126010148
0,0,0.24184232299369132
0,0,0.20791872093092856
0,0,0.16140885145695177
0,0,0.2745772174725665
1,0,0.35572955035577186
0,0,0.20070434460728528
0,0,0.20951594545243338
0,0,0.28020329786078646
32,1,0.4642487735258686
0,0,0.2027582397265218
0,0,0.23011032046632168
1,0,0.43445744761880273
35,1,0.47881644886535135
0,0,0.1578196963177095
0,0,0.29925257446878073
0,0,0.19056744297402936
1,0,0.31263637571514047
0,0,0.20583253062088278
2,0,0.40150346091617967
0,0,0.2306137257123186
1,0,0.354637270219622
0,0,0.15682145414939774
1,0,0.318189431951645
0,0,0.19893644184962578
0,0,0.23670707454460904
0,0,0.22283519619552053
5,0,0.4341289905672844
0,0,0.15311132650993706
1,0,0.3157063942266808
0,0,0.275732954803873
0,0,0.2317325856568674
0,0,0.2760265799624638
0,0,0.22229934632983225
1,0,0.32670862874633533
4,1,0.5063985340707157
0,0,0.2719921504636041
1,0,0.379738692183189
0,0,0.2990685703734348
0,0,0.2667051077745087
0,0,0.22579196477276983
0,0,0.1826398794924949
13,0,0.3659904888904703
0,0,0.20881829600124194
0,0,0.2587794168579457
1,0,0.30850510947486953
0,0,0.2085087066408947
0,0,0.19937901840552177
0,0,0.13990551133958057
0,0,0.17268587617644074
0,0,0.2180557846170823
0,0,0.21565488756921877
1,0,0.38848394361052613
0,0,0.22800922184947844
2,0,0.3231031900162782
0,0,0.17695930034957702
0,0,0.1535508278062735
0,0,0.24227491777614218
8,1,0.47440145169835374
0,0,0.16810069314952594
0,0,0.22650535228323151
0,0,0.1806303912198727
0,0,0.16901936394689143
0,0,0.15654387426564323
2,1,0.4933940557587536
8,0,0.4120439790390839
0,0,0.16777503251646883
0,0,0.20232904218704179
0,0,0.24942675361385294
3,0,0.34671948225034416
0,0,0.26395046794131516
0,0,0.23486166387735946
0,0,0.18243283950483272
0,0,0.24331901729701474
0,0,0.19023635890609822
0,0,0.18465206481045837
1,0,0.35068213632746054
0,0,0.20776691890325164
0,0,0.25374315484963567
0,0,0.24567867840475144
0,0,0.22992295282364442
0,0,0.21977300837595184
1,0,0.3055983140161615
0,0,0.2663091173036403
0,0,0.13367811472783883
3,1,0.5294896475228106
0,0,0.27801273920047487
0,0,0.20828247996822735
2,0,0.3182395163411377
6,0,0.3723911885369538
0,0,0.2669378480729639
0,0,0.2761176460117236
0,0,0.18652501604452476
0,0,0.28014552192838915
2,0,0.3100704669961764
0,0,0.25538718687832457
0,0,0.2391539805494201
0,0,0.23347971626327577
0,0,0.2545674061621528
1,1,0.513782469653906
0,0,0.27778203186745715
1,0,0.30884847758914574
0,0,0.16026626875704617
0,0,0.21533726445978016
0,0,0.1387213547887046
0,0,0.24593752464277524
18,0,0.3792789830001089
0,0,0.27382937214726305
0,0,0.27103266074584564
17,1,0.46202231530467003
0,0,0.23712688761178716
0,0,0.20333582721397314
0,0,0.2089531576467455
0,0,0.21912443827841643
1,0,0.3373709054161883
3,0,0.34312224163138966
47,0,0.3989964161339625
0,0,0.16135861824381792
2,0,0.3195794769658745
0,0,0.23172166430790145
0,0,0.18835956319125038
0,0,0.2852215788568803
0,0,0.16091921886608
0,0,0.1479249625494071
1,0,0.3402751056268044
0,0,0.28271474230488025
1,0,0.4246531692481294
0,0,0.25834080743689425
0,0,0.24895747979439872
0,0,0.19545928675877133
0,0,0.2908927486750336
8,5,0.5121738378672317
0,0,0.2671184967158806
0,0,0.2615035153295284
1,0,0.32913838934004447
1,0,0.334466214728842
0,0,0.24361444466529356
12,1,0.47617238287233155
1,0,0.3422074816433751
0,0,0.2532160787543788
0,0,0.1718401753369091
0,0,0.20344813463266176
0,0,0.18487288722078363
4,0,0.3198016041227401
3,0,0.353387619399115
0,0,0.1762708934064972
0,0,0.237682965912659
0,0,0.23514022847285507
1,0,0.3009656029215027
0,0,0.251827853194233
0,0,0.2122402798008593
0,0,0.2371266741495566
0,0,0.2914726255936325
0,0,0.26766139215373025
0,0,0.2737417776264076
0,0,0.21426581133260966
0,0,0.18088937034174882
0,0,0.2518622347532189
12,0,0.4249956721634808
2,0,0.347629850775971
0,0,0.23647734353926347
0,0,0.19629771836266915
0,0,0.2119047337319474
0,0,0.1494692576959903
5,0,0.41569742627401085
4,0,0.374838659727524
0,0,0.1852505729579021
0,0,0.16896030720176283
6,0,0.3522436990765951
0,0,0.22457219296003791
5,0,0.37791619019963474
0,0,0.20847861281011695
0,0,0.1974179314515765
0,0,0.2060108472978728
0,0,0.2283800317577077
0,0,0.27616688968218184
0,0,0.20340762256304784
61,3,0.5283772492931036
2,0,0.31932307443230806
0,0,0.2708698731660278
0,0,0.27294813875697976
0,0,0.15178441997722525
1,0,0.35161068319420247
1,0,0.3631014805033026
0,0,0.22742652460627907
0,0,0.28408831191924977
0,0,0.24309053851671128
1,0,0.387196565167767
2,0,0.37988921449683494
1,0,0.30405413896136535
1,0,0.3025575816405644
0,0,0.1893163439198017
0,0,0.19006686964604433
2,0,0.3343938920033913
0,0,0.23384079193209137
0,0,0.2790871083667334
0,0,0.2319942758719532
0,0,0.2558190419523621
0,0,0.23953229441397336
0,0,0.23538335453709033
0,0,0.2590183172497511
0,0,0.2729865635787155
0,0,0.2252710302846607
0,0,0.22289596120644242
0,0,0.2699411380897992
0,0,0.27227987278862703
0,0,0.2585343726736758
0,0,0.2615795206914469
2,0,0.33904049832039973
5,0,0.37195082445133204
0,0,0.19926135226150707
0,0,0.19751013402885653
0,0,0.20208293148500886
0,0,0.21198321831236003
0,0,0.28541406816363235
0,0,0.2526367925161235
0,0,0.23401559667459107
0,0,0.2908936079637055
1,0,0.30840858506278646
0,0,0.26097964302661647
0,0,0.17937841660746598
0,0,0.2853362359238489
0,0,0.21799072953522233
1,0,0.3072469726736608
0,0,0.27022054922550126
0,0,0.17258164203055953
0,0,0.2630273665338638
0,0,0.2752255059254063
0,0,0.28704344528773884
0,0,0.2854711222305716
0,0,0.2640504777289021
1,0,0.3021482865386944
0,0,0.1665918714882614
0,0,0.28585041831767904
0,0,0.27653798674033003
0,0,0.1657363145698545
0,0,0.2161061552335126
1,0,0.3144296423584185
0,0,0.18500693136554566
0,0,0.2574211705633266
4,0,0.3616316042718169
0,0,0.2551026721002196
0,0,0.211186952262762
0,0,0.2657278317160977
0,0,0.2545890713820719
6,0,0.3684300425565851
0,0,0.25245855728798583
1,0,0.3192630019955503
0,0,0.2485012278966242
0,0,0.13679190533476035
0,0,0.22900309174874472
0,0,0.2962606010032573
2,0,0.3099002048971569
2,0,0.389706331785703
0,0,0.19022675676648626
1,0,0.31010545837195896
0,0,0.17332991882284943
0,0,0.25763075073733804
0,0,0.20734697744454778
0,0,0.1430179809029227
0,0,0.25558273853253893
0,0,0.14519672063602596
0,0,0.18411595277603374
0,0,0.18925748495163688
5,0,0.38766168140138507
0,0,0.21553584943840343
0,0,0.20451841594123887
0,0,0.17855071198964817
0,0,0.18208064071928298
8,0,0.40679465950652954
0,0,0.2239707815877994
3,0,0.34736534305706634
2,0,0.3782395991540108
0,0,0.28122669263139494
0,0,0.189246857844811
0,0,0.18929232204307148
0,0,0.21862922143667807
0,0,0.2372316220361551
5,0,0.42303849431021473
0,0,0.21660172676958644
0,0,0.15060958570159336
0,0,0.23482120734741974
1,0,0.3059682721841562
0,0,0.20532099749393468
0,0,0.238033795030165
0,0,0.2622659161263989
0,0,0.23100789663065055
0,0,0.24856622540672335
1,0,0.3177377653755365
0,0,0.25977482983885236
0,0,0.2585649054877175
0,0,0.17508640321503954
0,0,0.2654437948477447
1,0,0.3016947394445165
1,0,0.3048892949929462
0,0,0.1852154964523006
0,0,0.19315638046359224
2,0,0.3238943929126227
0,0,0.21270851405960595
0,0,0.20605752377688388
0,0,0.23057724980158678
0,0,0.2730859954678185
1,0,0.34756075158623856
0,0,0.2871025097047564
0,0,0.2521836611458412
0,0,0.19810690199662762
0,0,0.20802715529344573
0,0,0.15325703442357955
1,0,0.337107102293779
0,0,0.18829025247005202
0,0,0.2277887433158576
1,0,0.3389839520469001
1,1,0.4703917281675368
0,0,0.287746923116717
0,0,0.2758609258269287
0,0,0.26948389610160434
0,0,0.16655790112072633
0,0,0.18138296313957825
15,4,0.6232186860084236
7,1,0.47654859462605226
8,0,0.42490105374127757
0,0,0.15550035550389052
3,0,0.33122241641178674
0,0,0.28029133347377044
0,0,0.19835578668952616
1,0,0.3247389812590922
0,0,0.1852148442824919
2,0,0.35418037120069984
0,0,0.2592446573677104
5,1,0.49637038244879356
0,0,0.19061155380397266
0,0,0.14461841886363455
0,0,0.22738553118671548
1,0,0.3163987411753371
0,0,0.1470492410948222
0,0,0.23839601578095046
2,0,0.34585489399120906
0,0,0.1792738123933307
0,0,0.22567742865460405
0,0,0.25317752522651954
0,0,0.16918163990497995
25,0,0.44663970467734104
0,0,0.17857449096737713
34,1,0.5311007327931475
3,0,0.3504886995145179
0,0,0.19598848820237713
0,0,0.16887393358042044
1,0,0.323006793239875
0,0,0.2558789873535836
0,0,0.2521590118268109
0,0,0.23525877658710148
0,0,0.21385862580341825
1,0,0.35291334633448107
1,0,0.32263562429210957
0,0,0.21206080763411284
0,0,0.27448040484643044
0,0,0.19801577679719856
9,0,0.37748891290849057
0,0,0.27383869397745275
0,0,0.18695308426342583
0,0,0.21627794333267805
1,0,0.35433140923584766
2,0,0.3301181752324614
0,0,0.2258837648307998
0,0,0.24984233885457494
0,0,0.2266437260613315
0,0,0.2698906784915
0,0,0.2407487555906652
0,0,0.2017485074723513
4,0,0.387925311414152
0,0,0.18643199558727033
1,0,0.3163405646856468
35,6,0.6461753718812899
0,0,0.25305822658241944
0,0,0.19149246810651183
0,0,0.2306018964474273
0,0,0.2244996187144125
0,0,0.2086578581123055
0,0,0.22436814016147685
0,0,0.27004045852170694
0,0,0.2562771743139513
0,0,0.16706036421495665
0,0,0.2328597877924939
0,0,0.266041756913309
0,0,0.21578145090417153
0,0,0.20442981837704527
0,0,0.2410296435582233
0,0,0.29642817347264594
0,0,0.29208976532327324
0,0,0.17749909342909995
0,0,0.22476935111454754
0,0,0.24627733273709343
0,0,0.19955565436174683
0,0,0.1953712494619305
0,0,0.19569429519842174
0,0,0.28647521565652306
0,0,0.23827818289472485
0,0,0.24657761323767757
0,0,0.18199983098216918
0,0,0.18276377709974231
0,0,0.22519054640308395
1,0,0.32110008019717573
0,0,0.28645543846726873
0,0,0.16699413436037733
7,0,0.3580930014296748
0,0,0.28308457909585527
0,0,0.1808503615752089
0,0,0.22402957634692622
0,0,0.23315273898885325
0,0,0.16835046443409582
0,0,0.2608837014432575
0,0,0.2971776743124816
0,0,0.2817131553236367
15,0,0.39991125560000546
8,0,0.4141518355495853
0,0,0.24827352449804915
0,0,0.2536656941828753
0,0,0.24186087453883345
1,0,0.3139944100904023
0,0,0.24772693837047854
2,0,0.39550382606193113
0,0,0.23643532485153954
0,0,0.15468324657391663
2,1,0.4716526863521259
0,0,0.18588389984784548
0,0,0.17728704658519592
0,0,0.25047679716631116
5,0,0.3721567438589069
0,0,0.21970942767820334
0,0,0.2644704782043899
0,0,0.17804083792277633
0,0,0.2725900940718926
0,0,0.2333533090107999
0,0,0.1980797289070268
15,1,0.4906897440245859
0,0,0.18720469839153056
1,0,0.3156335471248351
0,0,0.16363146622803534
8,1,0.4622420326708215
0,0,0.2636585445134988
0,0,0.2767462303856078
0,0,0.17929222193267763
0,0,0.15973741079427858
0,0,0.2562081312183619
77,16,0.5447673641908367
0,0,0.1868991180972057
2,0,0.34927588093475376
0,0,0.214378529913744
0,0,0.15846466182111318
0,0,0.19227701757704188
0,0,0.29006114012950046
0,0,0.24645398330365909
0,0,0.15475917948809212
0,0,0.20765364981565315
0,0,0.15171419360169935
0,0,0.20708046525325188
0,0,0.2671938229369171
0,0,0.265739641802204
0,0,0.212604028994501
0,0,0.25850468297864165
2,0,0.3219913771753515
0,0,0.29528048229564874
0,0,0.18418297299118525
3,0,0.4273599016641275
0,0,0.1670361979040138
0,0,0.17583096072423476
0,0,0.2696672694600011
0,0,0.24276830289480536
0,0,0.2203549812829607
1,0,0.30143440531600785
0,0,0.18512497966779665
0,0,0.19378172849020897
3,0,0.3359783281175078
0,0,0.2502462366537337
0,0,0.2298605031474093
0,0,0.22670519736601097
0,0,0.2500076091323347
6,0,0.4402628613634165
0,0,0.16713472549693856
1,0,0.3226990502320756
0,0,0.23151455490196932
18,1,0.5281736639698182
0,0,0.25609846475969783
0,0,0.2426175882788686
0,0,0.24482748135628096
54,3,0.5224832294106687
0,0,0.17807258231238882
1,0,0.351859334681784
0,0,0.19708082178215003
0,0,0.1785014212690509
2,0,0.39596710685173503
35,1,0.4502570603429587
0,0,0.16981506859346646
2,0,0.4102698060427141
0,0,0.1705717097191332
1,0,0.31004805924205464
0,0,0.2594508525630567
0,0,0.28338731053095023
2,0,0.31097174844458497
81,4,0.5286088028768225
0,0,0.2032202509694542
0,0,0.2778066057777672
0,0,0.22595352476668046
4,0,0.4433576398373528
3,1,0.563240328636181
0,0,0.16709930273626597
0,0,0.23815240914780147
0,0,0.17789468659771163
0,0,0.2094188111589829
19,2,0.4744094435736276
2,0,0.33056869221144786
1,0,0.39772804049064525
0,0,0.16187867228429761
0,0,0.2867780342153999
0,0,0.21721276476504808
0,0,0.1984931831286331
0,0,0.2104071573401054
0,0,0.2885160197128447
66,2,0.5102770956832895
3,1,0.46263719396040026
0,0,0.25255978788448286
0,0,0.2619605195664125
0,0,0.19687795214943457
0,0,0.22726398768237038
0,0,0.19475512027691608
0,0,0.1736331690973523
0,0,0.21450392309099098
0,0,0.2969056822087613
0,0,0.19250903505528474
0,0,0.19188693393999895
0,0,0.20722376865919065
4,0,0.3830119963849796
0,0,0.20688883961604473
0,0,0.28119584833187705
0,0,0.287635212824088
2,0,0.32399511580308615
0,0,0.29060108498611437
0,0,0.28753810075786534
0,0,0.2572909006910858
0,0,0.17972263181458248
0,0,0.24947310023823704
0,0,0.2414440476724214
1,0,0.3046421685302866
0,0,0.27890160243815476
0,0,0.2957485117742293
0,0,0.23267982319320235
0,0,0.2239476842806565
1,0,0.3339718570880601
4,0,0.4182373710635469
0,0,0.2846887413206348
0,0,0.19704430246212276
0,0,0.19303331220653655
0,0,0.2966948567447245
1,0,0.33607111260731976
3,0,0.3629252900366819
0,0,0.26100774054282966
1,0,0.3463216084677194
1,0,0.3023618558605966
1,0,0.4377944248845674
23,2,0.4713360893199604
0,0,0.18245211382758822
0,0,0.2466000830707607
2,0,0.4090797366510213
0,0,0.2664192988283356
0,0,0.188495264489246
1,0,0.3130702339965895
18,0,0.4346624455336959
1,0,0.3255969469806769
0,0,0.14072584169156654
0,0,0.25150070313307477
0,0,0.27769615316213564
0,0,0.2089098340565568
6,0,0.4324581210279523
0,0,0.2762700711390656
0,0,0.18749850273168617
0,0,0.18226891186899744
0,0,0.2171016258853302
1,0,0.31238873990696997
0,0,0.15877086295667922
0,0,0.24859182415938133
0,0,0.19794500381403793
0,0,0.1677378314400667
1,0,0.3101600366301418
0,0,0.2679022278004504
0,0,0.2260673239553139
0,0,0.20121916981531113
0,0,0.22745256428524213
0,0,0.21523212284813656
2,0,0.3905574067058312
0,0,0.20855215890307463
0,0,0.24333895147712128
2,1,0.48217951083819655
3,0,0.3617587537703083
0,0,0.15162860257855706
3,1,0.47877940371221434
53,1,0.5102320921795857
131,43,0.7105786082410115
0,0,0.24138205828643078
0,0,0.18758559757973922
0,0,0.19285276360604858
0,0,0.2174062002859419
0,0,0.18646057799845256
0,0,0.26338486656994414
0,0,0.18663741694959105
3,0,0.3166668086888741
0,0,0.17647905528765853
1,0,0.33786499650664165
0,0,0.2953311986397293
0,0,0.17388634056694657
52,2,0.5047458101741414
0,0,0.2530554711302954
7,0,0.35178095983323615
0,0,0.2065802429547101
0,0,0.2880177983783588
0,0,0.26136017306975345
0,0,0.18738950750572225
0,0,0.1549023283115283
0,0,0.14859633935775585
0,0,0.2985690548304608
1,0,0.31726576351628194
0,0,0.1990447516169589
0,0,0.1931003817217771
0,0,0.25235709581745364
0,0,0.19627287194644902
4,0,0.4436421134789582
0,0,0.21590625368954228
0,0,0.1862440070876943
0,0,0.24578579739698161
1,0,0.30949681190877737
2,0,0.3529642883041696
1,0,0.32481622239423846
0,0,0.1961042587250839
0,0,0.2597861498714523
0,0,0.2769802515351428
11,0,0.4404859983812061
0,0,0.22344708674599492
0,0,0.23590820213516084
0,0,0.2208093197326561
1,0,0.3005365878239503
0,0,0.17331024171473178
0,0,0.2294651672099769
1,0,0.3579297109004842
1,0,0.31578419030555555
39,0,0.4395877665474993
0,0,0.20962714251608439
0,0,0.1621718983348899
0,0,0.26937971896336094
1,0,0.44060071459706057
0,0,0.24764614752663594
1,0,0.311703946171522
0,0,0.2002194198423402
0,0,0.24759555873949515
0,0,0.22962019526109292
20,2,0.5597936149083452
0,0,0.28292061628339615
0,0,0.16212466520008473
0,0,0.18216284067599842
0,0,0.17125924951063295
0,0,0.28049095610738717
0,0,0.25288422346903383
0,0,0.15843842555870166
1,0,0.3247524872413183
1,0,0.30327145392503174
3,0,0.38009123803146566
0,0,0.17894943550778147
4,0,0.36188316952316857
0,0,0.24221006434360512
4,0,0.37078626466066866
0,0,0.17571915278450248
0,0,0.26540575602113853
1,0,0.3407243208229723
0,0,0.1875044778753158
0,0,0.2378817649171715
4,0,0.3715227837652847
0,0,0.25708381112713147
0,0,0.2262184102093678
0,0,0.22362454991765798
0,0,0.2547298238061764
0,0,0.1601780636713347
2,1,0.5559825047492324
1,0,0.30094727994056125
0,0,0.18594716167749498
0,0,0.20556181223092498
0,0,0.2599893448902375
0,0,0.18229443176886545
1,0,0.33464945920589795
0,0,0.28372454210651976
0,0,0.20373219891242056
0,0,0.165132182363843
0,0,0.23145037329534998
0,0,0.1507572753710832
0,0,0.28283468492302544
0,0,0.23865874837117645
0,0,0.2029199870610788
0,0,0.24677620797757055
0,0,0.19697060748201087
0,0,0.15945477582544898
0,0,0.17170301961032725
0,0,0.18731277049299377
1,0,0.31311324246073957
0,0,0.20153662882587048
0,0,0.14697692956067104
1,0,0.3343374636439377
6,0,0.4069481105649543
0,0,0.2658625211915948
0,0,0.21158483192122915
0,0,0.18960537640629696
0,0,0.2959737734719952
13,1,0.4841976876591578
0,0,0.22868106627209067
0,0,0.1987600763290595
1,0,0.31432216499203425
0,0,0.24321572475441414
0,0,0.2368180216489431
0,0,0.18385843730105186
3,0,0.3675767086009596
4,0,0.3447119445806328
8,0,0.4107095452904469
0,0,0.2202314302816619
0,0,0.18046219247765719
0,0,0.24680733207966551
0,0,0.20045649526176718
0,0,0.24120763491132355
0,0,0.2286096877845289
0,0,0.22422258287506053
0,0,0.18875407324443033
0,0,0.24363167495701024
1,0,0.3546770513451162
0,0,0.2965949548234518
0,0,0.2253088187680687
0,0,0.19475428954451532
0,0,0.24611967532089246
0,0,0.2892827730385175
0,0,0.1901288847135868
1,0,0.32117437290577444
9,0,0.40231236946504995
1,0,0.30160161861902646
0,0,0.22864498095132915
1,0,0.3172153702197465
0,0,0.24445558836898093
0,0,0.21127741072767506
0,0,0.1706516534450594
4,0,0.38558831409106226
3,0,0.3526556645352184
0,0,0.1675943937393672
0,0,0.23392225028297384
0,0,0.24754147356611503
0,0,0.18030208515732707
1,0,0.3129427253432655
0,0,0.2052711251533133
4,0,0.38041539285005155
0,0,0.24022005763604373
0,0,0.2024456912380883
57,2,0.5163048819050831
2,0,0.3184505659987318
0,0,0.2708755883066829
0,0,0.17702538785238806
1,0,0.3395879672953125
0,0,0.24723550046412365
4,0,0.4001761979282454
0,0,0.13015359873136895
0,0,0.1573496146838433
0,0,0.2484453381017271
0,0,0.1939318271166782
0,0,0.27224779074791156
0,0,0.2309812246598517
0,0,0.20223786508326436
0,0,0.15029951946180808
0,0,0.28052386261763707
0,0,0.20617262220463312
0,0,0.2379314588140232
0,0,0.2555290974898707
0,0,0.20039873016750473
0,0,0.2063305997777526
0,0,0.2555952348219859
0,0,0.1802775529578705
0,0,0.2505989364035205
0,0,0.16674857715723446
0,0,0.22618955064636304
0,0,0.27510784316198367
0,0,0.20964368483115464
0,0,0.1942592247647588
0,0,0.1749710748596971
3,0,0.36106360311840197
1,0,0.3530758377752847
1,0,0.3312376196651625
0,0,0.27882363706582447
0,0,0.17298825882589325
0,0,0.29205025964191755
0,0,0.18158865713614236
0,0,0.1676438767354066
0,0,0.2844670032442029
0,0,0.28779391837961305
0,0,0.26288136811807006
0,0,0.2753130603986606
0,0,0.22598496209821511
0,0,0.27225292469383344
0,0,0.22451065834375064
0,0,0.22204705230163566
0,0,0.2572058603752262
0,0,0.20288710092231757
0,0,0.2064253376621555
0,0,0.151562128760323
0,0,0.19271058577138692
0,0,0.17236907524574194
0,0,0.2664593693542709
0,0,0.25847956244157305
0,0,0.16647339572187686
1,0,0.31914308291258603
0,0,0.17659577118942357
0,0,0.22061750850126546
2,0,0.3365887341118991
0,0,0.2624733581872554
0,0,0.25399593994887343
0,0,0.19729696061270532
0,0,0.1902731835254334
0,0,0.24660189543093694
0,0,0.165288929223938
1,0,0.30068457907691454
0,0,0.2772883290191307
3,0,0.33021033154158685
13,0,0.42648329917055744
1,0,0.3340862500538265
0,0,0.21784342952154834
0,0,0.250585237248186
0,0,0.18088728783783303
0,0,0.24893782864597797
4,1,0.5328726323607118
0,0,0.15676918003010107
0,0,0.1859412872659653
1,0,0.4044507577350588
0,0,0.16724347754664504
0,0,0.2349057497069493
0,0,0.2053421075360202
1,0,0.3203839686117515
0,0,0.22238423792259965
0,0,0.19416686801289082
2,0,0.31269205176994325
0,0,0.23841931948464629
0,0,0.24083815383862897
0,0,0.19080568010655577
0,0,0.1913560782575752
0,0,0.28352476961378376
0,0,0.18664044678716518
0,0,0.20943786143562085
0,0,0.21410312173971377
0,0,0.1888950680033698
16,0,0.3838101843367454
1,0,0.3650630701716418
0,0,0.21162067706455367
0,0,0.19730952525472728
3,0,0.32851277093464587
1,0,0.41692043384831257
0,0,0.25566057236259826
0,0,0.27294942128140615
0,0,0.15296545308498263
1,0,0.42928074212213196
0,0,0.26155059844644374
0,0,0.1678893331020986
0,0,0.24232326700696036
1,0,0.38178902032326895
1,0,0.305259315409374
0,0,0.22940534509465632
0,0,0.2840037548307617
0,0,0.2719025605042873
0,0,0.1931065939622643
0,0,0.2918883319933114
0,0,0.2610397870150187
0,0,0.24985364110793884
0,0,0.22229372712440362
0,0,0.2384121785481279
0,0,0.28582135742724574
0,0,0.1979779042529957
0,0,0.22708276122536822
1,0,0.31886044592724816
0,0,0.24233416048037162
0,0,0.20947855067921006
0,0,0.2012330950433501
4,1,0.5847606850339547
0,0,0.280750635956526
1,0,0.3001418795864069
0,0,0.1562412323151201
3,1,0.5569076643559171
0,0,0.1566349340382901
0,0,0.2899331224381869
0,0,0.21935516473082173
4,1,0.5303810394140945
0,0,0.271260057844946
0,0,0.2996890895870097
0,0,0.20949709088752003
3,0,0.40338917301113547
1,0,0.3586154458653756
5,0,0.43011788532305273
0,0,0.2433393619755571
0,0,0.1820325217065984
0,0,0.20611086397435102
0,0,0.2999240440369525
0,0,0.16320506933210538
0,0,0.29087671973397
0,0,0.1701361328237259
3,0,0.35497381532788047
0,0,0.26768061947208016
0,0,0.2733055829134816
0,0,0.2199971588368918
0,0,0.1981234414231732
0,0,0.24275947659744873
2,0,0.3305038202932875
0,0,0.15713653058697685
0,0,0.1962172468374674
5,0,0.35775315053992107
0,0,0.2860629179650348
0,0,0.24315191930897623
0,0,0.17870109198312484
0,0,0.27111562360234503
0,0,0.22614208854253023
0,0,0.21639661818807376
1,0,0.34149890281438555
1,0,0.3162567804619979
0,0,0.19976037340851183
2,0,0.3518164653885831
0,0,0.27924263008708977
6,0,0.39181679203661957
0,0,0.15317890957627076
0,0,0.20910656060073904
0,0,0.2154828570426805
0,0,0.2227314502298132
0,0,0.27941065553814615
7,0,0.441096075816403
0,0,0.18764802504633624
0,0,0.19207497196102685
2,0,0.34639358509313
0,0,0.23172846844525002
1,0,0.3217971644576754
4,0,0.34858317330228783
0,0,0.17865440221538847
0,0,0.21105878482370577
0,0,0.2401785908631967
6,0,0.4143170538980177
7,0,0.42655840833080555
0,0,0.19272162028697976
0,0,0.22072723131534386
0,0,0.19310564871030172
26,0,0.4165290462734317
0,0,0.20990512040408071
0,0,0.17967532222659655
0,0,0.23797489037572084
0,0,0.2670686644079491
3,0,0.35024919054817616
0,0,0.2161965013416219
1,0,0.3091808482505449
0,0,0.18724046882710085
0,0,0.1736750299843089
6,0,0.4170313778780155
0,0,0.20980015880527214
0,0,0.23287458445518502
0,0,0.20910569968650045
0,0,0.2251808467362737
125,37,0.6917386669085525
3,0,0.3395821165424617
0,0,0.21248632243335125
7,0,0.4084202280830201
2,0,0.32600916220653176
0,0,0.19267910576291272
0,0,0.23291100095560188
0,0,0.2318680294875245
1,0,0.3432000628225794
0,0,0.21830474699374944
0,0,0.22038751035389204
0,0,0.21461455365715928
0,0,0.27382205942501553
0,0,0.2383812254024171
1,0,0.328573286634591
3,0,0.39009871954218917
1,0,0.3235262479714499
0,0,0.27514151224932615
0,0,0.2612385602506103
17,0,0.3951567011824929
0,0,0.24059891284398824
0,0,0.21204010589605513
0,0,0.20156936404187703
0,0,0.1323221515343712
0,0,0.2943750333307517
0,0,0.20559029331764397
0,0,0.20825848595954083
0,0,0.24250783946645005
0,0,0.2105435828554902
0,0,0.26216197262434465
0,0,0.24341675740403262
2,0,0.3673539573339498
0,0,0.2695252273681107
0,0,0.24570088333100232
0,0,0.1826329878945313
0,0,0.2870440269556564
1,0,0.3337200020233225
1,0,0.3619955242024128
1,0,0.3031138675919287
0,0,0.2816233589474624
0,0,0.20560606361566774
0,0,0.18521117232506365
4,1,0.5596272859222946
0,0,0.2253110076836661
0,0,0.24076846653922598
0,0,0.17164757128854147
0,0,0.2480734800675258
0,0,0.24839934982159964
0,0,0.17708430306268821
2,0,0.30857149672461814
0,0,0.2253538501321619
0,0,0.22288054673186186
0,0,0.19722560734889286
0,0,0.19186806181237842
2,0,0.35990886364183383
0,0,0.2643856336129245
33,1,0.471479046085923
0,0,0.2044096715918236
0,0,0.25098249456425836
0,0,0.23320774337789982
5,0,0.3547381620585842
0,0,0.28352956449017014
0,0,0.17238580485005273
0,0,0.16309754643673507
0,0,0.2129218263514032
0,0,0.25395419687574144
2,0,0.3831820676094575
0,0,0.18287880052316807
0,0,0.29240090164255667
1,1,0.46927688905659576
0,0,0.19250161857968304
0,0,0.1742289079527092
0,0,0.28723708568484146
0,0,0.17083238402053813
0,0,0.2364336391902392
0,0,0.2435993973105327
0,0,0.20777643608419172
0,0,0.28471171376045806
8,0,0.3643303176004038
0,0,0.15183448288634946
0,0,0.2550952786182468
1,0,0.32882918907579844
2,0,0.34442246668862037
3,0,0.32124893023775314
0,0,0.28661833030055095
3,0,0.35135143193295115
0,0,0.2430453205861418
0,0,0.2947482548418086
4,0,0.34767484388096503
0,0,0.17739284107152958
0,0,0.28905027316849474
0,0,0.2945562359060774
0,0,0.2741473082255756
0,0,0.2702535056275844
13,1,0.4637487365066249
0,0,0.2669199531518336
0,0,0.215065461627174
4,0,0.4419307051164347
0,0,0.19571851877563404
0,0,0.18505071843879972
0,0,0.27770857346697897
0,0,0.18604294809132385
0,0,0.24510403440937117
1,0,0.3222716737159719
0,0,0.19704444157210765
1,0,0.31795798276331183
4,0,0.3991751650749014
0,0,0.22249741558629757
0,0,0.17099788827418566
0,0,0.21209174931718816
3,0,0.3458557766237969
3,0,0.4270174295595309
0,0,0.28698768291187166
0,0,0.21178435766823425
0,0,0.23999420661828602
0,0,0.24754080410397467
0,0,0.21234613005462688
0,0,0.15798126367799223
0,0,0.24267562404324544
0,0,0.2494969199841142
7,0,0.4170794166400121
0,0,0.2603816706521493
0,0,0.2023442159538797
1,0,0.312668659494093
0,0,0.26545003117486865
0,0,0.19804990538730055
1,0,0.31163252305216427
0,0,0.2075843630998823
1,0,0.33654734159085276
2,0,0.35939546875724476
0,0,0.2231129256126184
0,0,0.24249079933589296
0,0,0.20060963504550958
19,0,0.4373441154243497
0,0,0.2555289122826362
0,0,0.24276641689272985
0,0,0.21579870027685116
1,0,0.30518551609800854
2,0,0.3166488684722207
0,0,0.20482685583801039
0,0,0.14703731260397676
0,0,0.2914504269840081
0,0,0.16717371873382944
0,0,0.1970065825526794
0,0,0.2813230549083341
0,0,0.20079397449787623
1,0,0.3181031288185987
0,0,0.20817182947768778
0,0,0.2651741726666283
0,0,0.1804071633563418
0,0,0.2774767065918274
28,0,0.41646854301958514
0,0,0.20453559899703974
0,0,0.2149031517008125
4,0,0.3437800542974771
0,0,0.28712616637222077
0,0,0.24526512752287405
0,0,0.24265194712689608
0,0,0.27665223842960923
0,0,0.20979681291836275
0,0,0.22577739170798478
0,0,0.1943864043555427
0,0,0.24114854294040716
0,0,0.29522313964000596
0,0,0.20025147230470428
0,0,0.21724074331410068
0,0,0.17413317632647018
0,0,0.22626378635960714
0,0,0.27398419206034447
1,0,0.340960646975651
0,0,0.21204248519654575
0,0,0.20319319345365286
2,0,0.3223376817806092
0,0,0.15874296341003455
0,0,0.16433433620748994
4,0,0.3405036611915325
0,0,0.167687008887008
1,0,0.3033716012273148
0,0,0.25772241283929576
0,0,0.14629987114395748
0,0,0.20287375635682922
19,3,0.5290032694710618
5,0,0.41047266901279084
0,0,0.1460135495792655
0,0,0.2693190506190956
0,0,0.19984778610241052
2,0,0.35680443457535455
0,0,0.21202692897504177
0,0,0.1857373890620007
61,1,0.5263014240997824
52,1,0.47649489890086233
0,0,0.17035457166651816
0,0,0.266865163290876
5,0,0.36812367786408334
3,0,0.3556893168814685
103,19,0.6234246963601389
0,0,0.21327966273029444
2,0,0.31672762286746337
0,0,0.15962393904318892
0,0,0.28331814094160607
0,0,0.19485978816980418
0,0,0.1828124795510499
0,0,0.22914683897825966
0,0,0.1713110429409242
0,0,0.21110985535047724
0,0,0.2588916448274275
0,0,0.1799281450563969
0,0,0.2751245263496474
0,0,0.26627688460273813
0,0,0.29612149942338734
1,0,0.34794682818867373
0,0,0.24938742218498391
3,0,0.32192397767128234
0,0,0.29695512283215353
0,0,0.2487000773396287
0,0,0.20890132246646467
1,0,0.3174383730461311
0,0,0.21942400287099983
0,0,0.2423048258713332
1,0,0.30318280699330585
0,0,0.19881668346666256
0,0,0.20885077728740759
0,0,0.17196940095184549
3,0,0.4025789365703562
0,0,0.18021994518262244
0,0,0.29942745197071263
0,0,0.1648384947268484
11,1,0.47151508316078977
0,0,0.19912056656227659
0,0,0.21608516611941367
0,0,0.26328690712862124
0,0,0.2919324304410142
4,0,0.39710996616685934
6,0,0.38487640838365944
0,0,0.21389549043682599
0,0,0.1975269212091114
1,0,0.36525961522988654
5,0,0.36603316230113936
0,0,0.27610083104548583
0,0,0.22431815907668953
0,0,0.1850408004727433
0,0,0.13673992266685742
0,0,0.26051764445588216
0,0,0.16719801347852783
0,0,0.1879386244229096
0,0,0.21613114114691118
0,0,0.2506173143985945
1,0,0.355641847264443
19,0,0.4446837714460296
0,0,0.27410468765452756
5,0,0.4107355576017133
0,0,0.26537522243792444
0,0,0.2598359841156224
0,0,0.18823267441019928
0,0,0.2643422888451975
0,0,0.19902450597756208
0,0,0.1710819654103519
0,0,0.26053820649281717
0,0,0.1886555267280274
0,0,0.2522049979579704
0,0,0.2540565225809003
0,0,0.20054389878288406
0,0,0.2127770726227092
2,0,0.3443327389608637
0,0,0.2535950294293912
0,0,0.2741271694839241
0,0,0.15227964638674088
0,0,0.2538222130991156
0,0,0.2551518053793961
0,0,0.23939822343526854
0,0,0.24798545312500983
4,0,0.3630034600876608
0,0,0.22362792099088807
0,0,0.1839650112057746
0,0,0.2839026082277732
0,0,0.26037525616431684
0,0,0.28487473972388755
0,0,0.18242656434600443
0,0,0.2393903754327959
0,0,0.17985584104599206
0,0,0.27749388275959314
1,0,0.3244700856009395
0,0,0.19095712944607376
0,0,0.20237715328924516
1,0,0.305081164772895
1,0,0.3598458209404316
0,0,0.21653838178241508
0,0,0.15001281686613965
2,0,0.3448637113160099
0,0,0.2206256308177875
15,0,0.41515814389192435
0,0,0.20756427215954337
0,0,0.29284764570257227
4,0,0.32827686015608953
0,0,0.1995986457752971
0,0,0.241820780582042
2,0,0.33810384904676394
0,0,0.2869501711729897
0,0,0.29963770608032003
0,0,0.27135693285365836
0,0,0.19455295019401053
0,0,0.18869365328501786
0,0,0.2997951217382857
0,0,0.19813583906391302
2,0,0.3873434543749171
0,0,0.28564744169755657
0,0,0.2230107720912236
0,0,0.2664303242897246
0,0,0.1559604675810123
8,0,0.34300879527784023
2,0,0.3359403677834102
0,0,0.15107829279741375
0,0,0.22618891030996005
0,0,0.240985324996847
0,0,0.1753250553257932
0,0,0.19962596045825287
7,2,0.4802657609401487
4,0,0.41524483707036874
0,0,0.21302566659414063
0,0,0.2037585500902661
0,0,0.2275668733514241
10,0,0.4468166791359282
0,0,0.18902895376869858
6,1,0.4977229178289989
0,0,0.17174111912727782
7,0,0.36661224269679904
1,0,0.32601101506262403
0,0,0.24916823356566825
0,0,0.254147773063386
5,0,0.34030258644356176
0,0,0.17535704682537984
0,0,0.21416668083136947
0,0,0.26226957152070535
0,0,0.17162391756259934
0,0,0.27388314368777794
0,0,0.195959638990072
0,0,0.18773563941988036
0,0,0.24413156015638451
1,0,0.3608667646364666
0,0,0.23506407178774563
0,0,0.21379262956512246
0,0,0.21496803638227308
0,0,0.1775659557459447
0,0,0.22640933312453604
0,0,0.1808478247470465
0,0,0.27944952575380233
0,0,0.21853927263934242
1,0,0.35970399302667666
30,2,0.47483412000614883
0,0,0.23893234734665308
7,0,0.3687967401853526
0,0,0.2682925348478129
0,0,0.1721467415674476
0,0,0.2715501757396691
0,0,0.2333940974204423
1,0,0.36693550228700567
0,0,0.19042700725121883
1,0,0.30100943067376174
10,0,0.31461629624326093
0,0,0.1664291423375336
1,0,0.36565957173107616
0,0,0.21796659357522724
1,0,0.30359650702301
0,0,0.182070506090362
0,0,0.22734842355089074
1,0,0.33377740282657054
0,0,0.2256780799318699
0,0,0.2742661876245549
0,0,0.1871146160654682
1,0,0.3009437585233385
0,0,0.2219923982192643
0,0,0.1768752386567975
0,0,0.2321425127202514
0,0,0.1959751067094856
6,2,0.6014335819322227
0,0,0.25528657854505166
0,0,0.1757197964155733
6,0,0.34024728447064023
1,0,0.3103121792358563
0,0,0.1683016132214245
0,0,0.19388026571034933
0,0,0.18792946559136217
0,0,0.20650324934029698
0,0,0.2678290144029779
0,0,0.22257574349028336
67,16,0.5022547724081375
4,2,0.5370638317630692
1,0,0.306243862598468
0,0,0.25209447354302267
0,0,0.18939956265488045
0,0,0.29373553926754725
0,0,0.2526791409001346
1,0,0.30768387533009717
0,0,0.20974872782627083
0,0,0.21456650455879733
0,0,0.29340483338532475
3,0,0.32768200577655965
2,0,0.35432152927886545
0,0,0.22087880947189353
0,0,0.1767519977843303
0,0,0.29075258806138343
0,0,0.2831002496500008
2,1,0.5634787241466087
0,0,0.15010968423421228
0,0,0.1363141769941963
0,0,0.19633752101179885
0,0,0.19626087257594013
0,0,0.24080244668836912
0,0,0.26475222423546985
1,0,0.3087520953338316
0,0,0.22213527771672717
0,0,0.20604093540940677
1,0,0.3506134279504495
0,0,0.18002040941360659
0,0,0.23901764926889443
0,0,0.22882342324895547
1,0,0.3054937480941277
0,0,0.20271725099048318
1,0,0.34102203948897536
0,0,0.23093277089692285
2,0,0.32337447959109583
1,0,0.3046415297005553
0,0,0.1914820471205611
0,0,0.2008139929970413
1,0,0.4038973196713519
0,0,0.21650049591217618
0,0,0.1880004409513585
0,0,0.20081220212313802
0,0,0.18558720528652398
0,0,0.1601164156518518
0,0,0.21696349684489424
2,0,0.33633879658340415
0,0,0.17483646284898902
0,0,0.22139138270635236
0,0,0.2632269165161989
0,0,0.22402177560580167
0,0,0.2114067538658374
0,0,0.1684475539413969
0,0,0.2938541612279214
0,0,0.21016667063070976
0,0,0.2156454382476249
1,0,0.3024129415637307
0,0,0.28558380457391364
0,0,0.25075888204324803
0,0,0.2170685558289447
0,0,0.18584249998183694
0,0,0.22452764102359654
4,0,0.35252916783341626
0,0,0.16516375461219632
2,0,0.3546705441745838
0,0,0.23895393242955387
0,0,0.1896200353047679
0,0,0.19422100319841157
0,0,0.1662255259930988
1,0,0.31649638766322263
2,0,0.3274518521523819
0,0,0.22750025682474448
3,0,0.32333678912512354
0,0,0.2837411416189093
0,0,0.28832949912424527
0,0,0.2520043654353563
0,0,0.296253686807218
0,0,0.2995937454213363
0,0,0.23715957949332844
1,0,0.3074088626713525
0,0,0.2497854393183795
0,0,0.16810458024821986
0,0,0.1677698595127199
0,0,0.15998440965390515
0,0,0.18348373872202686
2,0,0.33966779481806153
0,0,0.27775055998637876
12,2,0.5387361329419513
7,2,0.4792798613044488
63,4,0.5625107088643657
0,0,0.21576773972965668
0,0,0.16407494510755616
0,0,0.2009317538087019
3,1,0.4835371012785521
1,0,0.3424185621621672
0,0,0.2289240737679477
0,0,0.20104284299026162
0,0,0.2672167884775396
0,0,0.21717705494665795
0,0,0.18177743450361186
0,0,0.17617612912999114
0,0,0.1882379930010153
0,0,0.2208191479954176
0,0,0.24817803752015993
10,0,0.33763449372020826
0,0,0.2862856621387589
0,0,0.17019159856557034
0,0,0.2953566616708812
0,0,0.260409791340695
4,0,0.3581865985285611
1,0,0.30578784057200653
1,0,0.3191913401004237
31,0,0.3559165569944396
0,0,0.2490177852546064
0,0,0.1976715713678173
11,0,0.36537446388049805
0,0,0.17323908047248357
0,0,0.19511293202576685
0,0,0.23908539248258462
0,0,0.242154845965034
1,0,0.3378507483012522
0,0,0.26800958352120857
0,0,0.2870909917256008
0,0,0.2119327797604169
0,0,0.22561070954203388
4,0,0.4014306173679067
2,0,0.3831755860590323
0,0,0.25151551900092717
0,0,0.17333435022802887
0,0,0.2096636585542344
0,0,0.16631969079059705
13,1,0.4608522101452894
0,0,0.21191287973561454
3,0,0.3082354843807292
0,0,0.25321216307878053
0,0,0.20928542627729224
0,0,0.17508408916811896
1,0,0.31297203173700433
0,0,0.26389501873325755
0,0,0.18055344707108645
0,0,0.22129268672444796
0,0,0.24103208943074145
0,0,0.1880707362628879
0,0,0.1970725695114199
3,0,0.32950083203776764
15,3,0.49292471222158835
0,0,0.24919491827086074
0,0,0.16930726534315646
0,0,0.16691645311813524
1,0,0.31185497357901626
0,0,0.19357830136298215
0,0,0.17327801345638866
0,0,0.17321879054715847
0,0,0.26061751200243194
0,0,0.18329605722679576
0,0,0.15079885538937518
5,0,0.4332607742801389
0,0,0.22148164974746468
2,1,0.5896277092366532
0,0,0.2863287074576248
0,0,0.22627181646152025
0,0,0.24360245271067152
0,0,0.274200488917329
0,0,0.18768701146958908
0,0,0.256235343690614
0,0,0.29350841040229736
0,0,0.23327648081716984
0,0,0.24284278208233423
0,0,0.18029110597768258
0,0,0.20056409520701707
0,0,0.15799784766427893
1,0,0.3065195592806806
4,1,0.6473048490022812
0,0,0.18576857069416208
0,0,0.159559759389585
0,0,0.26810203069278954
0,0,0.19115870664218212
13,1,0.4612743290488574
0,0,0.21273754410977258
0,0,0.1943823074344201
1,0,0.318421781291358
0,0,0.22271001803260443
0,0,0.22774026629019342
3,0,0.3694494103689165
2,0,0.3410461590658182
0,0,0.18483959640452907
0,0,0.25956499674165734
0,0,0.2883808577668248
0,0,0.25294104821719543
0,0,0.20302913217789895
0,0,0.25656976531241366
0,0,0.25191355057064074
1,0,0.33672293559393535
0,0,0.18281032214169285
0,0,0.23450202324002953
25,0,0.39460013164701646
0,0,0.197134058531614
0,0,0.21303545593948348
0,0,0.23588594319303974
0,0,0.2944370318540375
0,0,0.2553713542075201
1,0,0.32220625926043117
0,0,0.299468407068899
2,0,0.31678009994815776
0,0,0.1870890950837929
0,0,0.16037860085260605
0,0,0.24409778606066992
7,0,0.35127594670152035
0,0,0.2328202431358423
0,0,0.23339507783526878
0,0,0.2398773411959566
0,0,0.29551662512632093
2,0,0.3254678512998272
74,5,0.6171614986064492
1,0,0.31346447927226334
0,0,0.1607530797626468
0,0,0.21468806998594486
0,0,0.25060822258001325
0,0,0.24779335540497907
0,0,0.22360188601354747
0,0,0.19550029835334834
0,0,0.1858901724284963
0,0,0.2288207529845742
1,0,0.3298374161915171
0,0,0.18324529803466208
0,0,0.27163695044101327
0,0,0.2194823807219203
0,0,0.22951748584642728
3,0,0.3554850431377785
0,0,0.20863479256953835
0,0,0.2240236557624429
0,0,0.2753307326525495
0,0,0.24269744496143028
0,0,0.15968234336127754
1,0,0.32499945718872475
3,0,0.33609367915134913
0,0,0.1882061887175692
0,0,0.2422461175311874
1,0,0.41288335949440497
0,0,0.22716409630570264
1,0,0.38908331230944054
0,0,0.20051256409950774
0,0,0.2973270977971304
0,0,0.18517334998336804
0,0,0.2619075261332293
0,0,0.17429907780286943
0,0,0.2927741185024068
0,0,0.25452366071088495
0,0,0.23056014076288153
0,0,0.21578155711649158
1,0,0.35341370483026086
0,0,0.24300323243914232
0,0,0.27627239384480534
0,0,0.2292026063968007
37,3,0.48953443684161124
5,0,0.38608665367759276
0,0,0.22501196969693918
0,0,0.15876011422522562
0,0,0.15200958228633102
6,0,0.4289375647729921
0,0,0.2310642705471459
0,0,0.22599861797689003
0,0,0.20557987389286728
0,0,0.2618225878731465
0,0,0.20721248451526764
0,0,0.23307297755342182
0,0,0.19845308578671206
1,0,0.3301806589430525
1,0,0.3623788974830242
2,0,0.3364955524462435
1,0,0.37805053057883664
1,0,0.30348466041737215
26,1,0.4699534815921203
0,0,0.29476610528899894
0,0,0.18719915461905426
1,0,0.31689040463733464
0,0,0.2336504702369802
0,0,0.2686326258493581
0,0,0.19419187199765484
1,0,0.4302364264444586
0,0,0.16673166639387663
0,0,0.20794606960308007
26,0,0.3654085722336184
31,2,0.5207952581324209
0,0,0.27049898477427753
0,0,0.19923228238500915
0,0,0.16889771183469435
0,0,0.2923365027052199
0,0,0.19637733903635404
0,0,0.21804232362882478
35,0,0.4402829761050882
0,0,0.22498534086877967
0,0,0.145801788891043
10,0,0.4272268960012895
0,0,0.16400872905912323
0,0,0.2571683565981408
0,0,0.25705904082209297
0,0,0.24117751804574472
0,0,0.2992180927571962
2,0,0.36063967046982076
0,0,0.2862179887715612
0,0,0.19050780810664758
0,0,0.21601121020185968
4,0,0.38549511940280246
0,0,0.19162410390802864
0,0,0.22232522477115285
0,0,0.2033030397597635
17,3,0.5564595529725795
0,0,0.25866392079318296
0,0,0.1867199921685686
0,0,0.23927882435469036
0,0,0.25369098456858175
0,0,0.25188074649532555
0,0,0.22187452132001995
0,0,0.13717496512951793
0,0,0.23530445722180254
0,0,0.22201643401118154
2,1,0.46185219310382525
0,0,0.21272502609586583
0,0,0.23348557365394598
0,0,0.2410055365026759
0,0,0.25727171973723195
1,0,0.3842899509384475
0,0,0.18919035411360585
0,0,0.29848658080088875
0,0,0.2117764345987403
0,0,0.20980398527589658
0,0,0.24382016468713336
0,0,0.2643473939083087
0,0,0.1893624239370952
0,0,0.17394548571833857
0,0,0.17436758356603513
1,0,0.400194213287362
0,0,0.2806293011516127
0,0,0.27253547095250225
0,0,0.24486435214568678
0,0,0.18410711247182782
4,0,0.35063721630973466
0,0,0.2088590909708534
56,2,0.5204260253637181
0,0,0.19397313599853416
4,0,0.40522852669811626
23,3,0.4812976361548365
0,0,0.23824631522226178
4,0,0.3582654280180301
0,0,0.1844931095215748
13,0,0.33788473051927514
0,0,0.17518602626296492
0,0,0.217621146305366
0,0,0.22873798302046622
1,0,0.3119472694928098
3,0,0.36193676432721117
0,0,0.1464402436273806
0,0,0.20483317850448732
1,0,0.30068067257439796
0,0,0.26884329365632686
0,0,0.1974480036303716
0,0,0.22930538658704547
0,0,0.16538075502211794
1,0,0.36572791177712793
1,0,0.3486755621030324
1,0,0.3009982819516352
0,0,0.28414123370188155
0,0,0.23630482164315636
0,0,0.1816680363195817
0,0,0.23162091915603986
12,0,0.3516701290371931
3,0,0.37262812415371543
0,0,0.2984735901197792
0,0,0.18011880532501165
0,0,0.2425382031159303
0,0,0.17901490395071118
0,0,0.2766905107276921
1,0,0.3248582490391619
2,0,0.3707047517017419
0,0,0.2589629322002906
0,0,0.254078970096887
1,0,0.43173038156854504
0,0,0.21988377998663083
0,0,0.21863855836438065
2,1,0.493035385701563
0,0,0.278457752872539
0,0,0.24031465514397612
0,0,0.26249670572021455
0,0,0.17077070648461887
0,0,0.29339127206103166
0,0,0.22184106560479455
4,0,0.35228712528202355
0,0,0.2466177808657215
0,0,0.18391272439296322
0,0,0.2408497140127568
0,0,0.29101165526562595
0,0,0.18522998782298963
0,0,0.18972041975972015
0,0,0.21047213292910738
0,0,0.2334696060829854
0,0,0.18378015607968595
0,0,0.1959084049997652
0,0,0.217498831796127
0,0,0.18574640405936782
0,0,0.23453086699771178
0,0,0.2571654154403961
44,2,0.5101482864759895
0,0,0.2438503648035369
0,0,0.24173959191973554
0,0,0.23640921491346586
0,0,0.19033375116961584
0,0,0.2320792606581214
0,0,0.2930195845542272
0,0,0.1626744742636318
0,0,0.16496891992813564
1,0,0.3000579807894969
0,0,0.22537493366321662
0,0,0.2661818826617484
0,0,0.22857636952458033
0,0,0.17697350381362462
1,0,0.3180771180970298
0,0,0.19696683085199415
1,0,0.3270075678689736
0,0,0.2125367766228699
0,0,0.2525303637801984
0,0,0.2873495209871808
0,0,0.27536914811565505
0,0,0.21232311452586258
0,0,0.29844606181357336
0,0,0.2727813778093931
0,0,0.22873686353181702
0,0,0.1920966886378037
0,0,0.2182211080614609
0,0,0.17735127379169652
1,0,0.30497417651429515
0,0,0.17393796956161278
0,0,0.19581283613352246
0,0,0.2968873230606552
0,0,0.16236442268319368
0,0,0.263297256151426
0,0,0.17284648761676644
0,0,0.13452795384394334
7,0,0.41697784315515396
0,0,0.16374935069836688
0,0,0.20217630806874926
25,0,0.3384039697805624
4,0,0.35908173719069547
0,0,0.2380640023900844
2,0,0.3979875601010874
0,0,0.18851453141289404
0,0,0.27402261194783206
0,0,0.2814153647438058
0,0,0.23069558122398182
0,0,0.2491532900545903
1,0,0.32166206648698015
0,0,0.2036406412487891
0,0,0.21558999434978343
3,0,0.33797926817607815
0,0,0.18656434485355586
0,0,0.25560439284506464
0,0,0.20593468839254517
0,0,0.17559955178584002
0,0,0.23939382018230126
0,0,0.24073206927982835
0,0,0.2273535722661397
0,0,0.2530377648940277
1,0,0.35049496903683475
0,0,0.2007223019282304
0,0,0.22344157689615973
0,0,0.29555594556111703
3,0,0.33346929377503853
0,0,0.20477970393411357
0,0,0.2694132422744455
0,0,0.18699726748954673
0,0,0.21781044207134886
0,0,0.2663913618533456
0,0,0.26323054017777525
0,0,0.2050471013640066
0,0,0.17818967979890726
2,0,0.3820323328900986
0,0,0.26600496527120493
0,0,0.1604242109272542
1,0,0.31625320681654945
0,0,0.2698195513208962
8,0,0.44693958730823463
0,0,0.21377457973477404
0,0,0.25626609505825865
0,0,0.2910583684543757
0,0,0.1722034119043321
7,0,0.4459304526081596
4,1,0.6381223043326524
19,0,0.41153023174298076
0,0,0.20024881258260513
0,0,0.1859461804413124
0,0,0.2564954975388398
1,1,0.48244634087027005
0,0,0.27742354911555306
0,0,0.18419404692659488
0,0,0.17460328652868726
4,0,0.43854292095717523
0,0,0.22444654012141185
0,0,0.1972039237580296
0,0,0.2979593473456628
8,4,0.49446579064728224
0,0,0.27197559087391276
0,0,0.27003586008221964
0,0,0.21717924980606293
0,0,0.21869162165647973
0,0,0.1481063274186157
0,0,0.2123311676591874
0,0,0.24947267098420112
0,0,0.1887935300739937
4,0,0.3085310343337298
0,0,0.20943586398496356
3,0,0.3248026723714551
0,0,0.1687801290985041
0,0,0.22512425778193673
0,0,0.2071888816727042
0,0,0.19618298974864198
2,0,0.3067670231682183
3,0,0.3436459461289717
15,0,0.3938813239660457
0,0,0.2721650334611112
0,0,0.2075186740423658
2,0,0.3658013949290893
0,0,0.2995356961937211
0,0,0.29654899215218783
5,0,0.3863602380230297
37,0,0.42737265649123224
0,0,0.17298194593199862
0,0,0.208553014400825
3,0,0.4294646139452731
0,0,0.23860612431103115
0,0,0.2524057877136601
8,0,0.35180060593887824
0,0,0.2126362065447963
0,0,0.17161611414602265
0,0,0.257508726517204
0,0,0.2571955568596377
0,0,0.17522339565052597
0,0,0.24779530176421613
0,0,0.2686269075701372
0,0,0.19140021104466473
0,0,0.24057748634529405
0,0,0.2304553920673425
0,0,0.2716384565769324
0,0,0.20934376092064136
0,0,0.20366481971647685
0,0,0.2800903607607682
0,0,0.20933930250727925
0,0,0.158117770773252
1,0,0.31030060361569656
100,17,0.66352705757532
0,0,0.20948145939307283
0,0,0.23675333030059104
0,0,0.26950992074491364
0,0,0.22282567327518307
0,0,0.20288854580267784
0,0,0.25870653707768976
0,0,0.2829710659204239
0,0,0.25465009866911137
0,0,0.21043765680320226
0,0,0.1759849333192382
0,0,0.15560020844511865
0,0,0.14693421409009702
0,0,0.22449555327176673
0,0,0.2869986585099734
0,0,0.27017124715415763
0,0,0.15535212341120364
2,0,0.31501751472056555
2,0,0.44320340619132215
1,0,0.3243720417838259
2,1,0.4564259197891819
1,0,0.314531257623465
0,0,0.24269677615464835
0,0,0.2349985064839897
3,0,0.44354105458257925
0,0,0.17694866025278666
1,0,0.31141663666019925
0,0,0.22247795234243742
3,0,0.3626466100414737
1,0,0.339955873925013
0,0,0.15542203089303602
123,23,0.6615472998680966
0,0,0.2482602312118308
0,0,0.23678889431790442
0,0,0.2813545399275621
40,0,0.419846145069707
0,0,0.19097268251817293
1,0,0.319178714032944
0,0,0.14745397922316625
0,0,0.29615289915521037
0,0,0.2449171262084716
53,0,0.41144451879065475
0,0,0.2741700031397472
0,0,0.28105593987777727
1,0,0.3478930667271426
0,0,0.1775890009918066
1,0,0.36863097813734924
0,0,0.2629295506505311
1,0,0.30048561433158505
0,0,0.1687397007848861
0,0,0.2913558584110103
0,0,0.21741128210588725
0,0,0.2447819748137051
0,0,0.24257353783562563
0,0,0.22836253821504165
0,0,0.2526416146233522
0,0,0.2205120455097885
0,0,0.22725471695861074
0,0,0.264155907126905
0,0,0.23270388529570557
0,0,0.2781367397256494
0,0,0.16746518095208843
1,0,0.35877517183410196
0,0,0.1754328245184543
0,0,0.2514857059307377
0,0,0.19576575008422034
0,0,0.2594428980070747
0,0,0.2649057288212364
0,0,0.2513954770582022
0,0,0.28831027628391714
0,0,0.25286298424935805
7,0,0.43563311823935824
0,0,0.17346307990317666
0,0,0.24446461288824892
0,0,0.25048534375528914
1,0,0.4412592965615525
0,0,0.2956716269034925
0,0,0.21093091101458494
0,0,0.26300454062938966
0,0,0.2984370737844301
0,0,0.1981326566618936
0,0,0.2640830048572218
0,0,0.21474847195077829
0,0,0.14180609745494252
0,0,0.25555049642143146
0,0,0.18433689047746768
0,0,0.15588953231782152
0,0,0.23432812953372636
0,0,0.2577460525534317
0,0,0.20373834629024257
0,0,0.29208045241151975
0,0,0.2634454129384937
0,0,0.24149193533702984
0,0,0.27950661244529523
0,0,0.21839028397537627
0,0,0.1868405513541863
0,0,0.17829310703383883
0,0,0.259463357862449
1,0,0.3154472250317759
0,0,0.17702433713830365
0,0,0.24439248849438058
1,0,0.33503256417238186
1,0,0.335078899519245
0,0,0.28773413637767975
0,0,0.2874198284491111
0,0,0.28515001891711483
0,0,0.23729530002411317
1,0,0.33477954300809315
0,0,0.17837312226981605
1,0,0.337032729215766
0,0,0.2110642052296844
28,0,0.3793048347607408
0,0,0.21880914263374648
0,0,0.1935674346470818
0,0,0.2412392798345896
0,0,0.26415185123393475
0,0,0.2489427311427238
1,0,0.3058658015483536
0,0,0.21627555467550866
0,0,0.20258946994431154
0,0,0.27690351527626256
0,0,0.26746514956432554
0,0,0.2179567232879313
0,0,0.25579826599699773
0,0,0.19206652544344843
7,0,0.3806310628565604
0,0,0.20394805197795188
0,0,0.16015061440037154
0,0,0.2795951420269615
0,0,0.24330053742057461
0,0,0.2673325975065609
0,0,0.1834713735216665
0,0,0.19956601125722753
0,0,0.26985470263532413
0,0,0.27648606134529474
62,3,0.5256860172201825
65,6,0.6039578886232609
1,0,0.30378862154926217
1,0,0.3171670609380612
0,0,0.2853297972785465
0,0,0.2160288317932996
8,0,0.37454131020290465
0,0,0.2889523704122212
0,0,0.1963344636061218
37,0,0.4235741914444921
0,0,0.18385458411725186
0,0,0.23901465994596008
0,0,0.1658283292465726
0,0,0.2271485931214532
0,0,0.22008326661653033
14,0,0.37673063729046397
0,0,0.22164751221552909
0,0,0.22580960792588664
0,0,0.17002360743993186
0,0,0.16301400561025764
0,0,0.22907452507449888
1,0,0.3107717212755592
0,0,0.17221303455414927
0,0,0.1930800195443927
0,0,0.2714637989513139
0,0,0.2820701039552848
0,0,0.257341087422174
0,0,0.2381362506229565
1,0,0.3227718260711058
0,0,0.29281113322863067
0,0,0.1934446749295025
0,0,0.21567361911085364
0,0,0.24904583628319898
0,0,0.26621010220162294
1,1,0.5636732677904777
0,0,0.19828969420812143
0,0,0.25944158050226485
0,0,0.23050141079693182
0,0,0.19520543004326255
16,1,0.5073651373650195
0,0,0.1702391885979074
0,0,0.18938293679359056
0,0,0.2474812359419787
0,0,0.2975402947350374
0,0,0.28697181626828977
0,0,0.16685662671671275
0,0,0.17317694510979742
28,1,0.5001170298954708
0,0,0.24520444687027032
0,0,0.21985043517542038
0,0,0.2123881183428902
0,0,0.18763384928325563
0,0,0.22417584336212418
0,0,0.1983967992820558
0,0,0.2417867698468855
5,0,0.338431170447121
2,0,0.31602087953355606
0,0,0.22083062117645236
0,0,0.1853236397191609
0,0,0.1671173423522959
3,0,0.33284650996729587
0,0,0.20357949445767218
2,0,0.34546122145076447
0,0,0.23578424824736002
0,0,0.2697119417093706
1,0,0.36125296924173067
1,0,0.3075476085806445
0,0,0.26907807980229964
1,0,0.3579869960991518
4,0,0.3221878856543474
0,0,0.23249373447262564
0,0,0.23150691751215519
0,0,0.2651008697241081
6,0,0.4287675004931021
0,0,0.20173524145289481
0,0,0.18680020788144477
1,0,0.340452436329188
117,15,0.6049413346682435
0,0,0.17144750790012755
19,7,0.539375583523941
0,0,0.18700824710752828
0,0,0.19704372994589317
0,0,0.29523937985852367
0,0,0.19021291863292247
0,0,0.2591989757092253
5,1,0.5187950835124181
6,0,0.39649614275628914
0,0,0.27751943065572754
0,0,0.2507815128597122
2,0,0.385048521507882
0,0,0.2285338348784818
3,0,0.3133585142158525
0,0,0.1743538454314993
0,0,0.2655920511540316
0,0,0.15047117420256784
0,0,0.2823259143993754
2,1,0.4517009511892493
1,0,0.31088934072492336
0,0,0.296016921664348
0,0,0.19804157089929122
0,0,0.21599832900853103
0,0,0.28528012016201076
0,0,0.2110870856311445
0,0,0.2728289670751892
0,0,0.18561467481639696
15,4,0.6170697564887813
0,0,0.2439472193797811
1,0,0.31456865127694045
3,0,0.3236544334943612
0,0,0.1937633936422673
1,0,0.3325419690722426
0,0,0.23520874393575333
0,0,0.1974477956710493
0,0,0.2902400157661636
1,0,0.31654008227936853
0,0,0.22579845113217703
1,0,0.321127974685379
0,0,0.2675892357460368
0,0,0.2925240775103994
0,0,0.2670943590367797
0,0,0.27487801597585
0,0,0.16042550641186787
6,0,0.354253654028007
0,0,0.18336477992413663
0,0,0.14593389025522627
6,0,0.39380187058457927
0,0,0.16104899959412763
0,0,0.2907852243503505
0,0,0.2551564170909182
1,0,0.30095400409394274
0,0,0.252683080808297
2,0,0.3803346981771419
0,0,0.26632882947886555
0,0,0.19052299061873323
0,0,0.20572659638917337
0,0,0.2733990106398896
5,0,0.38330486919381523
4,0,0.3313806255039513
1,0,0.3460625009544118
1,0,0.3353176869985284
0,0,0.25246673173257833
0,0,0.17916823877180182
0,0,0.1638086769623345
0,0,0.22586395523361924
6,0,0.34505107208272956
0,0,0.22887811594361326
0,0,0.2925977359117429
0,0,0.2530892477075845
1,0,0.40864545873184943
0,0,0.22447855453941346
0,0,0.206398920395731
0,0,0.269003182419111
0,0,0.1783371173077518
0,0,0.2642102871436497
0,0,0.2569163611264778
0,0,0.26944586254450764
0,0,0.18467345797500528
0,0,0.21626398041298844
0,0,0.14104233149178239
0,0,0.21767526975550064
0,0,0.2792489508315997
0,0,0.28483562351973074
13,0,0.44251324410545567
0,0,0.16155621564827802
0,0,0.2866706836971173
0,0,0.25785351993178923
0,0,0.29554398228831896
0,0,0.2749225234239036
0,0,0.22452492181552094
0,0,0.15753352254433442
0,0,0.16925510703823404
1,0,0.3021320050455936
0,0,0.22554830612378238
0,0,0.21491372463871858
1,0,0.32705681099424805
0,0,0.15715086034086895
0,0,0.2927609491488469
0,0,0.28088776707309787
0,0,0.1868221875149194
4,0,0.3505230451962267
0,0,0.26726898266596494
0,0,0.23843318853013917
0,0,0.2047111503624564
0,0,0.2721577054701072
3,0,0.3354805734022949
0,0,0.2217300236999521
0,0,0.2079697580735437
0,0,0.20169412444170567
1,0,0.30273775387451285
0,0,0.27255166496749766
0,0,0.17432159793869775
0,0,0.25961476498031394
0,0,0.2997316858589142
0,0,0.16966168476518598
0,0,0.2037693830360612
0,0,0.19783841073572975
0,0,0.17901973050592132
0,0,0.2228026651300623
0,0,0.20098069482515632
1,0,0.34977596706819003
0,0,0.2950703079173633
0,0,0.23266171528969942
0,0,0.19221914535111082
7,0,0.36491264250310296
17,0,0.3756691671808999
0,0,0.18618140302824732
0,0,0.24375670628428792
0,0,0.22593586671857954
0,0,0.1874543969521257
0,0,0.2203769022079527
7,0,0.39707116164385675
7,0,0.3910878408068405
0,0,0.2940775399666419
0,0,0.2760732035666398
0,0,0.1964312029415125
0,0,0.2246942682745384
3,0,0.32079073322474894
0,0,0.17949656473907658
0,0,0.27987422210706525
1,0,0.38148895481768474
0,0,0.25915962268530746
0,0,0.279579516511819
0,0,0.2541519810540423
1,0,0.30753097104465615
1,0,0.3795447866866506
0,0,0.23517043657230985
5,0,0.4321301221750896
0,0,0.22041622780668482
0,0,0.1971126735556904
0,0,0.293503718834761
37,2,0.4907337450924743
0,0,0.16483445345735237
0,0,0.29458735611519155
0,0,0.23229763654721663
40,3,0.5099229424713212
0,0,0.1973149466335427
0,0,0.22537695208408512
2,0,0.3455131170335793
3,0,0.35491093765931153
0,0,0.16009447229473567
0,0,0.21076173796609923
0,0,0.22031075858797297
0,0,0.19831418726429179
6,0,0.341983560941977
0,0,0.19457588540835846
0,0,0.1910122998390477
0,0,0.24668223347915388
0,0,0.24447413761919037
0,0,0.21493411462919393
0,0,0.19418268247185802
0,0,0.20959342883405555
0,0,0.29261046021516496
1,0,0.31680871080587175
0,0,0.21906237197466036
0,0,0.21885837491509602
0,0,0.2150407947425519
0,0,0.22839892724230637
0,0,0.2769704225030337
0,0,0.17252206021767932
0,0,0.17288671399241312
0,0,0.1867752436222083
3,0,0.3154180773208209
0,0,0.26144186278132836
0,0,0.20735842435986498
0,0,0.1823296829207353
1,0,0.4153168538991454
0,0,0.2987626992129017
0,0,0.23134521413374323
0,0,0.15974679307767453
0,0,0.19616811977398774
1,0,0.32766356607344077
0,0,0.1917647797212114
0,0,0.15234687532718208
0,0,0.14064581941019724
0,0,0.23768703569420968
1,1,0.45206064543862606
0,0,0.22609816109141484
0,0,0.20317479118880385
0,0,0.25203123827758533
0,0,0.16070729512558815
0,0,0.22795505700452628
0,0,0.17533470619920483
0,0,0.25316136201611855
0,0,0.1742303101653228
0,0,0.2883008575172247
1,0,0.3355349216406103
2,0,0.3016223360214354
0,0,0.18804841085598142
0,0,0.26839523349056754
0,0,0.23710435607386518
0,0,0.22208039826957834
1,0,0.377337213277718
20,0,0.4389854611838231
0,0,0.29800380492817874
0,0,0.17433414977242628
0,0,0.22862984851349966
0,0,0.261818393778061
0,0,0.21532881878319943
0,0,0.253141089891231
1,0,0.31229571380876664
0,0,0.21202491740878826
0,0,0.26282240373983956
0,0,0.239627340253798
76,17,0.5434734234775778
22,0,0.31204549203006754
0,0,0.20662911924705238
1,0,0.33814669976184186
0,0,0.17588402506671863
0,0,0.19193493692207575
0,0,0.16842700783030454
3,0,0.33103766002681917
0,0,0.1694761581890697
0,0,0.197082539510451
0,0,0.20796331875812307
0,0,0.29006152322017353
1,0,0.308296244817185
0,0,0.21108461570792336
3,0,0.40449275806910495
0,0,0.26304312051576506
0,0,0.2122962069507022
0,0,0.24916264456374457
0,0,0.2330391354724867
0,0,0.2737699755679902
0,0,0.24803276178243455
0,0,0.1866318460825237
5,1,0.47349456221986813
2,0,0.307937317290764
0,0,0.25390956953129123
0,0,0.2901949002730296
3,0,0.3642440322153668
0,0,0.19837742393533506
0,0,0.14933602438685983
0,0,0.2763165433470458
0,0,0.2104292491614602
0,0,0.20754445510902084
0,0,0.2225279817662423
0,0,0.1539718403576366
6,0,0.4072761852855925
1,0,0.30760703278590146
0,0,0.21453109279818613
0,0,0.27143717176543997
0,0,0.25139657985017966
0,0,0.18150183597470998
0,0,0.1633767988315338
2,0,0.347749243788701
0,0,0.25977891031323835
0,0,0.19216365389157125
0,0,0.21586593713800206
1,0,0.35058830792730333
3,0,0.3973983857179299
0,0,0.22746709656879646
0,0,0.15048123775898448
4,2,0.5089781271218261
0,0,0.20353865642687943
0,0,0.20358542615282982
0,0,0.18417827746953971
0,0,0.2892661983283755
0,0,0.1973697570318256
2,0,0.3123046212412098
0,0,0.24889505551812388
1,0,0.31901751784357146
0,0,0.28512962077901455
0,0,0.24078457331771674
0,0,0.1902098792258678
0,0,0.25333662713941524
0,0,0.2297380388903202
1,0,0.31779371129605627
0,0,0.2342831327449504
0,0,0.2819283658338713
1,0,0.31580390287057525
95,20,0.6753316584777767
0,0,0.20747721559118057
1,0,0.4019305325423757
0,0,0.2303645454052685
0,0,0.19512410062914734
1,0,0.34366987645001673
0,0,0.2186998076978765
0,0,0.26697463190813076
1,0,0.3523954008655805
0,0,0.15858928305717968
0,0,0.23616669546200356
0,0,0.21912970476696242
0,0,0.2515151126621075
1,0,0.31828652511589134
1,0,0.336979493270174
0,0,0.2017218215762019
0,0,0.24070866861570425
39,0,0.40262213401359687
0,0,0.20587350347106206
1,0,0.30494067536766084
0,0,0.19958956190843216
0,0,0.21286689510639104
0,0,0.20348907701945085
2,0,0.3098504266578401
0,0,0.20322030288681356
49,2,0.4550784320847403
8,0,0.3629184604635856
0,0,0.2615318714149459
0,0,0.1857542128969331
0,0,0.25973792013759966
0,0,0.20884478028682935
1,0,0.31429194534695615
0,0,0.2838143351383562
0,0,0.22832754044075426
0,0,0.27099966379916945
0,0,0.2981019889229696
0,0,0.1846251366574698
0,0,0.26526919013903805
0,0,0.296605008422857
0,0,0.16275999476298944
0,0,0.22138009978676385
0,0,0.1778668991837684
0,0,0.19365379082227557
0,0,0.27809664240139925
0,0,0.29523594799262487
0,0,0.21010198080120127
0,0,0.19604766868123344
1,1,0.48617806376225325
3,0,0.3528147033186833
0,0,0.2562103709524567
3,0,0.38451690441693726
4,0,0.3870090425387023
0,0,0.2612432056182826
0,0,0.1932437114760189
0,0,0.22402882542658237
0,0,0.2540996273192082
0,0,0.24736326935667527
48,4,0.5037109870862031
12,4,0.5580653449923169
0,0,0.22519420286682162
1,0,0.31789399376865657
0,0,0.26588409716890304
0,0,0.2209024486099471
0,0,0.19722478673647728
0,0,0.17764751266126666
0,0,0.1907269753389819
0,0,0.20145205309723063
0,0,0.27378988549452743
0,0,0.23108369621125055
0,0,0.24676785945153662
0,0,0.19441399489002975
0,0,0.21018427370206402
0,0,0.2135634158847974
0,0,0.19181105714474797
2,0,0.37648884141879624
0,0,0.20130476804680686
0,0,0.14254667600124102
1,0,0.3412361834546202
0,0,0.23307652136273682
0,0,0.20650935207189797
0,0,0.21253711713541368
4,0,0.40876143875311505
0,0,0.1856294234629809
0,0,0.2506995334173667
0,0,0.24336940945908456
1,0,0.3005604798016587
0,0,0.23332842345815274
61,5,0.5453630782581612
0,0,0.15977232901377705
0,0,0.15689045431590548
0,0,0.23289808252071043
0,0,0.15659578383765563
0,0,0.24972990388520075
0,0,0.18648559383414698
0,0,0.1615750323637959
0,0,0.20422886223391967
0,0,0.2278571428602187
0,0,0.27426576798022156
3,0,0.34454467968289954
4,0,0.36020499377686355
0,0,0.20263796656853708
0,0,0.18686297205639293
0,0,0.2695551209518421
0,0,0.2219896565328877
0,0,0.2116814679183387
1,0,0.31540500555379203
0,0,0.23844104207475839
0,0,0.2693713504084402
0,0,0.2884348490552673
3,1,0.4966414627103875
0,0,0.18101334102610203
0,0,0.27310274068402596
0,0,0.2047597636657684
0,0,0.22642957403282563
0,0,0.29624259279722465
2,0,0.3143265261986439
0,0,0.24037889665449289
0,0,0.20861775086375114
0,0,0.261758058856151
0,0,0.1827731171077616
0,0,0.26434709315893407
0,0,0.2683759711575448
6,0,0.44681245187853347
20,0,0.43808781378944905
0,0,0.22636259680240753
0,0,0.20855949692461284
111,15,0.5815184787012427
0,0,0.21358161619283136
0,0,0.18648188884930314
0,0,0.1785784007385661
0,0,0.2676853943740162
0,0,0.21748425852919737
1,0,0.3811090436386668
1,0,0.3566262022814951
0,0,0.21562498212557188
0,0,0.19026619054451163
3,0,0.31778636518341863
0,0,0.16580285001078263
0,0,0.161543910141955
0,0,0.16460872667257465
0,0,0.1577638647409442
0,0,0.16505065867031385
0,0,0.18609925372677683
0,0,0.2337032757379164
1,0,0.3034291450677772
0,0,0.24763894016574287
0,0,0.2701064727756822
12,0,0.3525392474865275
0,0,0.19389604844512495
59,0,0.428370174352157
0,0,0.1955810237030506
0,0,0.18250354907830676
0,0,0.25572645550670176
0,0,0.258334098963503
0,0,0.18329998629152228
1,0,0.40830316415582874
0,0,0.20041112680948645
0,0,0.20827591403564674
0,0,0.24856310774718063
0,0,0.2506396921188614
2,0,0.32075550618035786
0,0,0.27255514891176674
0,0,0.16038741339747803
3,0,0.3142353924960318
4,0,0.4069823992584944
0,0,0.27347354472934793
0,0,0.19377618838888322
1,0,0.317943932308562
0,0,0.2407778047498699
0,0,0.22146387109023846
2,1,0.5349981442320507
0,0,0.18304633014234933
0,0,0.2745966661734278
0,0,0.15257804360603291
0,0,0.18827847708642223
0,0,0.15379641357111315
0,0,0.2439871417705497
0,0,0.17703169064286073
0,0,0.20400957491991661
2,0,0.34148088660249615
5,0,0.41155649517796106
0,0,0.17239827139618583
0,0,0.2889211499914648
1,0,0.3329318252694112
0,0,0.27629370910078777
0,0,0.28803432107476745
0,0,0.2785897322842541
4,0,0.42221188786491104
0,0,0.20804255838322172
1,0,0.3235680862846384
0,0,0.21735843659365425
0,0,0.2458472668559972
0,0,0.19208076924665723
0,0,0.22128447574771978
0,0,0.17269078902986063
1,0,0.316022757134438
0,0,0.25992813171240886
1,0,0.3337267950705725
0,0,0.22634188680489958
84,17,0.6073574957451707
0,0,0.2816308910529864
0,0,0.2962530410090533
4,0,0.33488941499028596
0,0,0.20211552407485164
7,0,0.3881022600705674
0,0,0.2097814237896906
0,0,0.24230213709891305
0,0,0.195999483862594
0,0,0.19269370892851476
0,0,0.2157607716334453
0,0,0.23018913245784856
0,0,0.15053930345360092
0,0,0.23686973233176165
0,0,0.15902083429807937
0,0,0.26057684487743293
0,0,0.23367256921132618
0,0,0.24703351276411442
9,0,0.41171604619092295
0,0,0.26559262705264625
24,0,0.4211790238596627
0,0,0.18360269765492299
0,0,0.24720228201793615
0,0,0.1820421429761575
0,0,0.26152548758996463
0,0,0.23333076606799227
0,0,0.25298833618445427
0,0,0.2000760942681254
0,0,0.24354844271361428
5,0,0.3953962010139657
0,0,0.17478053201574734
0,0,0.16679980453911414
0,0,0.2619366082014229
0,0,0.2736044233167644
1,0,0.3924236950687682
0,0,0.18114743241301848
0,0,0.28331950595558186
1,0,0.30018213861263554
0,0,0.22828027160460038
0,0,0.184530308667713
0,0,0.23973089764891695
0,0,0.23461067896742804
0,0,0.27206686704818817
0,0,0.2954377427859505
0,0,0.25915400184749954
0,0,0.1763524302271487
0,0,0.21076152570230067
0,0,0.25837966840688603
0,0,0.21535338208088317
20,6,0.6113354622654651
0,0,0.2568716127571276
0,0,0.25487969946902733
0,0,0.18386071108168486
1,1,0.45363145042071373
0,0,0.2853083517720836
0,0,0.22899118293033835
0,0,0.25151578844212047
0,0,0.2510096619552671
10,3,0.48165971504701455
0,0,0.23727716656207543
0,0,0.27252840842521464
0,0,0.19227387785473202
0,0,0.17280361493492216
0,0,0.2381509884307497
0,0,0.18424321053733364
38,11,0.6136358649290125
2,0,0.3381792007984731
6,0,0.3910490745952122
6,0,0.3563804969013476
0,0,0.22273817404633003
1,0,0.33338221615491914
0,0,0.19089111591586963
0,0,0.21849653748367415
0,0,0.1901804455632557
4,0,0.4174141593420075
6,0,0.42709091163593665
0,0,0.22659170217908614
1,0,0.33251729194030943
0,0,0.2848434183487911
0,0,0.1817517059539098
0,0,0.1840621699769172
2,0,0.3259524709746421
0,0,0.20068132772921998
0,0,0.21959053220570626
0,0,0.21376218986377993
0,0,0.14585222306996604
0,0,0.21089320069219933
2,0,0.3134528964585774
0,0,0.22585397944805796
0,0,0.26938005544331145
13,0,0.3296015342136005
0,0,0.2742542663423672
0,0,0.22333647455423764
0,0,0.2517336468830244
0,0,0.18972480280483925
0,0,0.19667834070239573
0,0,0.20068754283903473
1,0,0.3015864005698194
0,0,0.21117260742984256
0,0,0.1964485347945173
1,0,0.33836754086069704
0,0,0.166629602606013
0,0,0.2856911895265142
0,0,0.19069182158047826
0,0,0.27292937702403786
0,0,0.2875822036979486
1,0,0.3061765429590281
0,0,0.21420763667580112
0,0,0.19631501769063606
0,0,0.2216473115120924
0,0,0.18812620038990385
0,0,0.16925586222913758
0,0,0.20102129269103217
1,0,0.4063059159557551
0,0,0.23664198751005605
0,0,0.2748790348596531
0,0,0.19329243462140602
0,0,0.2903655547477419
0,0,0.23921534018487234
2,1,0.5164427779318869
0,0,0.2089158007301375
0,0,0.2450691648720665
0,0,0.2989666913148763
0,0,0.2694126176303564
0,0,0.21905220845722898
4,0,0.36228033685477556
1,0,0.35710237735253963
0,0,0.17454530820419767
0,0,0.17048720209258658
0,0,0.27465290998786046
0,0,0.25725174279674307
0,0,0.18318604995490154
0,0,0.18430487014073943
4,0,0.3780722794234919
0,0,0.19282469143409356
0,0,0.2326013392277654
0,0,0.22396499747157603
10,0,0.359532695860427
0,0,0.20813698238992634
1,0,0.34663154547204894
13,2,0.5221606396570805
0,0,0.1817930407953241
3,0,0.3504298937872083
0,0,0.23684605255437505
0,0,0.20055508556195986
0,0,0.2132818030934286
0,0,0.2205805590869944
6,1,0.45427402985733006
0,0,0.1979014348590947
0,0,0.21699402392699865
0,0,0.1421672747997235
0,0,0.18719678190882347
0,0,0.2668500316088399
1,0,0.42844217650146654
0,0,0.2294623678426369
0,0,0.22794929010480103
1,0,0.34709045639122466
0,0,0.20393149871501243
6,0,0.38358442294962236
0,0,0.17743860642368323
0,0,0.16997713838762127
5,0,0.3653076268214665
0,0,0.22430970649346313
1,0,0.353308921483328
0,0,0.19275200832360803
0,0,0.2758342604686383
16,0,0.39599432921385086
0,0,0.22726823942939786
1,0,0.36734863020511466
0,0,0.18830660982623312
0,0,0.17772405609062758
0,0,0.256990492342273
0,0,0.1435464179049094
0,0,0.19030139654371334
3,0,0.3388899228056925
0,0,0.20075061333502706
0,0,0.294485158345581
0,0,0.17562434285330936
0,0,0.24620803816479014
7,0,0.4180847479234776
0,0,0.276920235063268
0,0,0.2152713323354288
0,0,0.29909501069260475
6,0,0.32806169071841834
0,0,0.29803291386268016
89,14,0.6248104055540864
0,0,0.19457231499543962
0,0,0.2148273110008225
0,0,0.19335001893037054
0,0,0.2783081555812704
0,0,0.28960866454019907
3,0,0.3356194519745164
0,0,0.23512253610469175
0,0,0.19649158136138137
70,5,0.6118312091617393
0,0,0.2126002604367579
0,0,0.26037951469825726
0,0,0.16950930889320504
1,0,0.3173342318839005
0,0,0.21936773321579528
0,0,0.18718245575863152
0,0,0.25907396091604207
4,0,0.36581102756841716
56,2,0.4998637318397543
0,0,0.20018126983767007
0,0,0.2337589084954842
1,0,0.31816889382714425
0,0,0.2982663846264775
24,3,0.47710467535820467
0,0,0.19797204028577675
0,0,0.17335384995121592
0,0,0.1954564773657185
0,0,0.2511690318736608
0,0,0.16616204606181295
2,0,0.32805147002641416
0,0,0.2927822876372173
87,2,0.49641759385338713
2,0,0.3121877759205576
1,0,0.3110195234246384
0,0,0.18679918934090134
0,0,0.2375411411824515
0,0,0.28208720611297894
0,0,0.18188840389175098
0,0,0.27172578476953
0,0,0.20031328018621203
0,0,0.18957754865773369
14,0,0.31743111113252315
0,0,0.16403412757827196
0,0,0.17964660490550283
0,0,0.22064471239563505
10,0,0.4350040237006555
2,0,0.36601955178363577
0,0,0.18205327300438845
0,0,0.20847327826287715
0,0,0.29999051391696147
0,0,0.21327134693388985
0,0,0.18818553984795625
1,0,0.30091791938127727
0,0,0.19555385673794926
6,0,0.3888658816774179
0,0,0.1829471381220499
10,0,0.3557181445089128
0,0,0.17139853428997978
0,0,0.2277256805025919
0,0,0.18535192419518046
0,0,0.20902326675096544
0,0,0.25210818287573644
0,0,0.24972884779008125
0,0,0.25356744290185185
0,0,0.23044102241225548
0,0,0.19795558850978143
0,0,0.2170747474739972
0,0,0.28146338495555157
21,1,0.4865039840905267
0,0,0.2253044168729198
7,0,0.37983261020850967
0,0,0.20238148378773008
0,0,0.2769899532640391
0,0,0.20016358128396142
0,0,0.2512668601922163
0,0,0.19401433953251018
0,0,0.20286602098430287
0,0,0.26778135476007453
4,0,0.3989043741865727
0,0,0.253957870792605
0,0,0.2962868061416686
1,0,0.3126424751029623
0,0,0.20443791454933855
0,0,0.26293258636392197
0,0,0.22055640977194885
2,0,0.3195253800022322
0,0,0.143914325960691
0,0,0.2506142390726055
2,1,0.6060025030297538
0,0,0.24438421067468277
0,0,0.19289571839205863
0,0,0.18529671640802392
0,0,0.15959895029095572
2,0,0.3034034765184025
1,0,0.31255633047327336
0,0,0.19202479870463754
1,0,0.3497066139657397
0,0,0.23266121091504333
0,0,0.1922293391716149
3,0,0.3291933387265457
0,0,0.2759373557124244
1,0,0.3074323803223832
17,0,0.4210959106263134
0,0,0.15816648867333868
52,0,0.3859017304951835
1,0,0.31862512863786124
0,0,0.20393851083574502
0,0,0.2878107881153653
5,0,0.34448342011344985
0,0,0.19439268306029858
0,0,0.24143439715824713
0,0,0.21383022606544325
0,0,0.27200858060424726
0,0,0.1643998549243212
0,0,0.23567955936699003
65,1,0.47992656166716136
0,0,0.2705458637542453
0,0,0.23928267692770525
0,0,0.17786857330671274
0,0,0.19394960891290233
0,0,0.28075329167960433
1,0,0.30145261331544004
0,0,0.2850047416859525
0,0,0.24296762672017833
0,0,0.2487873918916769
0,0,0.1949868663811862
2,0,0.34093591267991247
3,0,0.3092689800677026
6,0,0.40093356076233416
0,0,0.27680221872472793
0,0,0.24953103791227557
1,0,0.3227963707780308
0,0,0.15119665267545113
0,0,0.21619126751089746
0,0,0.18360601820715977
0,0,0.16706451267050887
0,0,0.2769559754544781
0,0,0.2843245421822269
2,1,0.5201547936183385
0,0,0.13333965277560453
6,0,0.4221965786821275
0,0,0.20491448923794314
0,0,0.2807264397798933
0,0,0.19423574517710301
1,0,0.32161619941499464
2,0,0.31286106065040575
0,0,0.17905383513293213
1,0,0.43291859157878776
0,0,0.29624081123195534
0,0,0.20627140926515827
4,0,0.38641229170094643
0,0,0.20739933240715347
0,0,0.18375418463612728
0,0,0.21894466566277504
0,0,0.27011774696587887
0,0,0.22693870002882713
0,0,0.19019350883150385
0,0,0.1779794707497838
0,0,0.17625705270282233
0,0,0.26867811861091884
2,1,0.47376930703836434
0,0,0.18082902096776002
0,0,0.23853112298975815
1,0,0.3262822134346535
0,0,0.200642527570308
0,0,0.2817600791228203
0,0,0.26391775168659143
0,0,0.2806675663450331
0,0,0.1835337093560284
6,0,0.4264718677904006
0,0,0.29944666687223404
4,0,0.33538304476865394
0,0,0.26626657229521417
0,0,0.21315664698428188
1,0,0.3008796086198448
0,0,0.2850644069497027
0,0,0.2275437956770313
2,0,0.3443976830287704
0,0,0.2226807132128644
0,0,0.16606085334283818
2,0,0.421334122850606
0,0,0.2545246948108711
0,0,0.21348056061359383
0,0,0.17627691176761853
14,3,0.5194379437115431
0,0,0.20333316958001083
0,0,0.2688977895242936
2,0,0.3319060772964762
0,0,0.26065267420148835
0,0,0.25911844612843454
0,0,0.1888298711005666
4,0,0.35146361904057405
0,0,0.27359040379227834
2,1,0.6020422137067539
0,0,0.22501775712125535
0,0,0.25423799810455855
0,0,0.24646144948842638
0,0,0.28256783844875216
0,0,0.23928865207003883
3,1,0.5423690574609752
0,0,0.20239027523582345
0,0,0.19015001462837866
0,0,0.23614256208315418
0,0,0.26411898108546356
0,0,0.2514000959134843
0,0,0.2412267908468368
0,0,0.16563034065875157
0,0,0.27305675845625166
0,0,0.24598362985374095
0,0,0.21011660748554417
0,0,0.18070776301583177
0,0,0.20840486417363857
0,0,0.22640173413287176
0,0,0.22600262169408586
0,0,0.23076450542117938
0,0,0.2885485241173126
0,0,0.23703886995152823
1,0,0.3092195482380871
0,0,0.18512410304332363
0,0,0.26850663587157214
0,0,0.2271028303586788
2,0,0.30999204343422165
0,0,0.22879593191235714
0,0,0.2012583913237311
2,0,0.358486054896262
0,0,0.22260546268878653
0,0,0.2836072473395957
0,0,0.23572717882895597
0,0,0.20746253265989745
0,0,0.1830921197471279
0,0,0.21542378824762956
1,0,0.3196977220782992
0,0,0.22222091140963118
0,0,0.16281355930966904
0,0,0.21797338415108067
0,0,0.20116287484644058
1,0,0.3174808629436375
2,0,0.3053577742505333
0,0,0.2703004884526292
0,0,0.20945303474448915
0,0,0.208026799239621
0,0,0.2665010867204691
0,0,0.2995595908961642
0,0,0.20378986622278708
0,0,0.29612356839072745
0,0,0.20849000653817065
0,0,0.25338556607693136
0,0,0.2810554202525222
2,0,0.30755092221617486
0,0,0.2586186306855259
0,0,0.23547285218430483
0,0,0.2732347418250823
1,1,0.4705992066821193
0,0,0.2291857296102127
0,0,0.1892086617967636
0,0,0.19329138693065964
0,0,0.22846615553420793
0,0,0.23485179453327135
0,0,0.2673002900427763
0,0,0.20249763884809063
0,0,0.1989576411615944
0,0,0.2008541923362061
1,0,0.3896229135825882
1,0,0.3140479273953653
1,0,0.3385252922201507
1,0,0.3375713837967097
3,0,0.3674277972040514
0,0,0.29683920086556803
13,0,0.3569218308856923
0,0,0.1856110723011112
0,0,0.24502731734555785
0,0,0.18279480537504444
26,1,0.4524350386544528
0,0,0.17592937540963308
2,0,0.39432239051619355
0,0,0.16581286601350534
0,0,0.19940649537545352
0,0,0.20532740988477255
0,0,0.2181050917332881
0,0,0.2798349015738816
0,0,0.1904653665325928
0,0,0.2953940988216504
1,0,0.40294630793137304
0,0,0.21702753878111153
0,0,0.2185012130564195
0,0,0.2134780102944929
0,0,0.19761288008971042
0,0,0.2783624050229611
10,0,0.3811220463749048
2,0,0.3378988826661433
0,0,0.2850236377606572
0,0,0.16148579080715944
0,0,0.1524254584259422
0,0,0.15930972773742025
0,0,0.1742740127809322
1,0,0.30526166099718277
0,0,0.2931590537640655
19,5,0.5124537702327314
2,0,0.37228611451422544
0,0,0.26799956039924266
0,0,0.1920463697444666
0,0,0.27877855379021294
0,0,0.26928270628066414
0,0,0.23184955878701524
0,0,0.23399475535308398
0,0,0.16152744332892816
0,0,0.21740896287416023
0,0,0.20310294167841828
0,0,0.2527629874966767
0,0,0.2032800687731653
2,0,0.3482322227686
0,0,0.25634589570804184
0,0,0.14419427774134375
6,0,0.39632445648781844
0,0,0.24937372706438876
14,0,0.3431469139037326
0,0,0.16468132250261341
0,0,0.23865861392788168
8,4,0.5022251058355865
0,0,0.19219208209580513
0,0,0.1373422163864166
0,0,0.24369076128300723
1,0,0.31866862386121686
12,1,0.4648896077161737
2,0,0.31843859804030494
0,0,0.18220042349977236
2,0,0.3398209082456535
0,0,0.18226880432456566
0,0,0.22863646212609243
0,0,0.2391969195754619
0,0,0.22497234910446076
0,0,0.24741437465838537
0,0,0.24812809310762104
0,0,0.26475094563795043
3,0,0.36104198326226883
0,0,0.2487069153319016
0,0,0.2352125571358513
0,0,0.17321407172967895
0,0,0.24284458409819065
0,0,0.296355123996968
1,0,0.3187830436751812
1,0,0.30334477180109093
0,0,0.15428358998889236
0,0,0.19422745582720138
0,0,0.26814865222640955
4,0,0.3664080975421157
0,0,0.28910208589087816
0,0,0.23782900953787728
0,0,0.25475445597265595
0,0,0.2405572509926284
0,0,0.27888591548411795
0,0,0.19368214659896266
5,0,0.4309306485697996
1,0,0.32163816209560847
0,0,0.2886061816237572
0,0,0.2827780562721931
0,0,0.13956650546024946
0,0,0.1977209532302288
0,0,0.1936976248007695
0,0,0.19101985609957836
0,0,0.2444899258598757
0,0,0.21140896560692415
0,0,0.19761666402144046
0,0,0.22673443818481745
0,0,0.2568158431791401
0,0,0.19589592778190718
0,0,0.27351488196109797
2,0,0.32051393873562845
0,0,0.2352948981549102
0,0,0.14314830655526067
3,0,0.33501734488569274
0,0,0.17104215561502345
5,0,0.32614161210799525
0,0,0.1448991132283885
1,0,0.37289784339143944
2,0,0.37606525682311753
4,0,0.3362948920853068
1,0,0.3037987809489023
0,0,0.17597072633091965
0,0,0.21167272493514627
0,0,0.20902956316461516
0,0,0.1566388736993602
0,0,0.19124162594499483
0,0,0.2129151324165582
0,0,0.23460830772728306
9,5,0.5364175768355882
0,0,0.14683803803946505
0,0,0.2338635342683969
0,0,0.18680546296338651
0,0,0.18879697441506976
0,0,0.2529481226984955
1,0,0.38192177876899946
1,0,0.3089470283442662
0,0,0.19687235641021003
3,0,0.3492915276405706
0,0,0.2091777909015354
0,0,0.2477853855338016
0,0,0.22366303802609538
4,0,0.3529206151119351
0,0,0.20324326077057492
0,0,0.20051703828990053
0,0,0.2034388053521902
1,0,0.3196181904016672
0,0,0.22021550043218122
6,0,0.3647905860179014
6,0,0.4103668613176619
0,0,0.2530852680711134
1,0,0.3023701221051932
5,0,0.37133218820343167
0,0,0.21133819172049886
4,1,0.5781988305942156
13,0,0.42005249763435104
2,1,0.4511641033913458
0,0,0.2392150979204778
11,2,0.4835863159541833
0,0,0.17215299774985585
0,0,0.20605956995196295
0,0,0.1899982020308922
14,0,0.34602498108750024
0,0,0.20139567296441233
0,0,0.21305033513584185
0,0,0.288567546116134
0,0,0.27512925362021845
0,0,0.16076792691563702
14,6,0.6232891781770056
0,0,0.18225146115589508
0,0,0.2025298079531686
0,0,0.20001939106759878
0,0,0.2728033315565606
0,0,0.20268473322363073
0,0,0.21762869011692842
0,0,0.24094084514198646
0,0,0.17803148272283367
0,0,0.18400807397094734
0,0,0.2819428769221042
0,0,0.19263797864622348
0,0,0.15829985686851722
0,0,0.23406354154304296
3,0,0.3489719106538157
0,0,0.2440820558596945
8,0,0.4111016817507974
1,0,0.34093448227475315
0,0,0.18251318690634494
0,0,0.15659870004447118
118,19,0.6345531653885362
0,0,0.17861087119335675
1,0,0.3872753061268829
0,0,0.2536340376196161
0,0,0.2138254561176632
0,0,0.18863509001051496
0,0,0.2815189393970606
0,0,0.22722886331597988
0,0,0.23544517800162038
0,0,0.2363825527172324
0,0,0.25028956727444285
0,0,0.21980722501242292
10,0,0.41518538910989805
0,0,0.20394683306219527
0,0,0.24514809093142415
1,0,0.3005373549968729
1,0,0.31393573903171773
0,0,0.2431884321585734
0,0,0.2731287316139032
0,0,0.2801230219444605
0,0,0.29085731222640926
0,0,0.2171432983741936
0,0,0.24363193458884408
0,0,0.2717260746016611
1,0,0.342045549271543
0,0,0.2988211926845526
0,0,0.16645814399294484
0,0,0.1936192951547781
0,0,0.2630268444696933
0,0,0.21343031407412652
0,0,0.15372953958543065
0,0,0.23209756501369747
0,0,0.22288171658007816
0,0,0.20199487804618832
27,1,0.4540231869273984
0,0,0.2922337517421349
0,0,0.17944067824336898
0,0,0.2375562074862471
5,0,0.3240486488776602
6,1,0.4678955141654125
0,0,0.1478836884482951
1,0,0.3702184791536754
0,0,0.26067916358011045
0,0,0.25253618458011906
0,0,0.2520908847002392
0,0,0.24467325885808838
0,0,0.23770482395222034
0,0,0.20838380271584145
1,0,0.4129274050027456
0,0,0.26581519266836906
0,0,0.24449772349923363
0,0,0.2924454877312864
0,0,0.19978294016061093
0,0,0.20701898724050877
1,1,0.48489328731078596
0,0,0.22439188984787284
0,0,0.17201917834131386
0,0,0.21359878984033
0,0,0.23188220304099164
0,0,0.17228168980213268
0,0,0.1910186133053029
38,2,0.5435892009166009
0,0,0.1753734836300747
0,0,0.19936110008529592
0,0,0.27985841106584497
40,11,0.6199739822667543
4,0,0.32487988676108237
0,0,0.2604210301775434
0,0,0.23030101460901126
2,0,0.3671828973668427
0,0,0.21761675163179328
0,0,0.2130307824894726
40,11,0.6253844716932139
0,0,0.24389269091889992
1,1,0.4886234422712689
1,0,0.31603948688006694
2,0,0.3175667040136536
1,0,0.3443840406075075
0,0,0.17822325523351243
0,0,0.17970096107332903
0,0,0.23990429546882228
34,0,0.3980852400417537
1,0,0.3190208200884346
4,1,0.5623280174058859
2,0,0.4453846982009716
0,0,0.1551570706777398
2,0,0.44849027107631834
0,0,0.2404285473649511
0,0,0.2869190957756414
0,0,0.21630474718729364
0,0,0.26318040639213675
2,0,0.32969484509449337
0,0,0.29399381233047395
0,0,0.24969331362032943
0,0,0.1662101729180219
0,0,0.19584863378161044
8,0,0.4272648880342978
0,0,0.18535217005173793
1,0,0.3071875065899087
0,0,0.21380417293911053
0,0,0.2212197589071127
0,0,0.1914575186934944
39,1,0.4603615253044825
0,0,0.23300575748153168
0,0,0.22914625234624655
0,0,0.22663790679276533
0,0,0.2550412177963125
0,0,0.19505895209059668
32,2,0.513049580024199
4,0,0.3852849188935756
0,0,0.2327138700960669
7,0,0.34279142964959325
0,0,0.23729162273350551
0,0,0.28613303373700505
1,0,0.33479418581064097
0,0,0.23212051848430193
0,0,0.1591458524224389
0,0,0.19960283874395696
3,0,0.32579718647413364
0,0,0.21468960934016942
0,0,0.28447752531386605
0,0,0.22859918098638374
1,0,0.33259506982514997
3,0,0.3555200070576236
0,0,0.1950506300315201
0,0,0.2696139737415657
0,0,0.2881768967112397
0,0,0.2786744861596969
0,0,0.20717411683699183
0,0,0.16749124992999403
0,0,0.20900154350151112
0,0,0.18001196634449496
1,0,0.30071835126751084
0,0,0.20066334103177208
70,6,0.5965413249743352
0,0,0.2183144651414204
0,0,0.24809376596239094
1,0,0.3837443417667153
0,0,0.2260626788834797
0,0,0.28958557973191595
2,0,0.3054300573101677
7,0,0.34332393231743136
0,0,0.21131810109107954
3,0,0.37411758360877295
0,0,0.1573102003322135
2,0,0.33501538373168166
0,0,0.15783429546983138
0,0,0.20765289631108547
103,49,0.5727143457239481
0,0,0.2861397503385465
5,0,0.3436290614719841
0,0,0.1784160136255168
1,0,0.30985445445381643
6,0,0.3773527748297718
0,0,0.2639038791402561
0,0,0.21291709569004302
0,0,0.18944205727870292
0,0,0.23945934034616817
0,0,0.2286093265061758
0,0,0.28824908052306375
0,0,0.18604884507267144
0,0,0.20963009184990805
0,0,0.24316089925181444
0,0,0.2686265545716072
0,0,0.20644267141982608
0,0,0.24546928987112396
0,0,0.23190838292577234
0,0,0.1464858735269822
0,0,0.1800253096025625
130,6,0.5923872697669141
0,0,0.28375735463522117
0,0,0.16089537101215914
2,0,0.31224864480691733
1,0,0.3410983177187705
0,0,0.17102696452316624
0,0,0.22666930606601357
0,0,0.1600208473206145
0,0,0.14288076515677678
82,9,0.5870175771209682
1,0,0.3554004028573348
1,0,0.3294834920725983
0,0,0.17214759004634209
0,0,0.2730435211292634
0,0,0.26924287896218285
13,2,0.4534835048578577
0,0,0.20279709227884812
5,0,0.35558149655666665
0,0,0.2598518919395978
1,0,0.3075873529838714
0,0,0.28615346023996
0,0,0.2873327516454657
0,0,0.16643008657907246
0,0,0.19483248912794854
0,0,0.2361980949440344
0,0,0.19514816301268184
0,0,0.18684216166692574
1,0,0.30080722983549035
0,0,0.22759834479520222
0,0,0.18423966133434527
0,0,0.2542631671373867
0,0,0.23319092099274288
0,0,0.22638606138260356
1,0,0.3666840102928725
0,0,0.24611979361707248
0,0,0.24142388316173588
1,0,0.3004731331636015
2,0,0.3201436975197719
0,0,0.16462344732137496
0,0,0.2854722297341187
0,0,0.19262233710291143
0,0,0.23133936336157016
0,0,0.22940539200034762
0,0,0.20037132384530865
0,0,0.19592177478695477
0,0,0.2000359570111775
17,2,0.46237071475485325
2,0,0.3629601212914486
0,0,0.19206927042717806
0,0,0.18581814371849692
0,0,0.16273598388625982
1,0,0.3054428333430087
0,0,0.2192472983353183
0,0,0.28973900058969065
0,0,0.2118883520386331
0,0,0.26632670207192
0,0,0.24245671163665283
0,0,0.1938277445963274
1,0,0.36514142784846043
0,0,0.19344687676431727
2,0,0.31172336808690526
0,0,0.2170195435555267
0,0,0.22593532924372656
0,0,0.24883634080110462
0,0,0.2426021249494678
0,0,0.22363696479436604
0,0,0.2899808400899044
0,0,0.22268652386147866
0,0,0.2456192915079705
4,1,0.6427066091617551
2,0,0.3956580813824464
0,0,0.2103190809038297
0,0,0.24072400144889944
0,0,0.2213419429054103
0,0,0.26893400892349456
1,0,0.3019719624273202
0,0,0.21335151423410337
0,0,0.20644163771492366
0,0,0.2272947096562527
0,0,0.19857391549593004
6,0,0.38444990023410885
100,4,0.5808724693094779
0,0,0.22616061942067542
0,0,0.18595890151330333
0,0,0.2729918593750134
4,0,0.30470649883341455
0,0,0.2444210494073374
0,0,0.24984692647943474
0,0,0.21339443064847535
0,0,0.2058496607364619
2,0,0.3541819072982027
0,0,0.197938009791699
0,0,0.2125275646282844
0,0,0.2241849961634538
0,0,0.19463600025108815
0,0,0.2535301865697522
3,0,0.34565776930341985
0,0,0.2531396084162776
1,0,0.3383092053368232
0,0,0.2195298822255484
0,0,0.19877187760958542
0,0,0.18986907885597148
0,0,0.21936082119541345
0,0,0.23463172085432527
0,0,0.15817145806632002
0,0,0.17672610322234655
0,0,0.19693819942648763
4,0,0.3967536220379167
0,0,0.24702282072559872
0,0,0.17857926217064057
0,0,0.2534356003282767
22,0,0.38779050207674265
0,0,0.27829607314028665
7,0,0.4131737201828631
0,0,0.2584274113136697
0,0,0.27747680376151124
0,0,0.19363406598465838
0,0,0.19845171387680158
0,0,0.21216744093585072
0,0,0.2701307899177828
0,0,0.1566751464848222
0,0,0.24489683786169514
0,0,0.19885776510071396
0,0,0.19271372540387646
0,0,0.23436339992218955
0,0,0.28179521254320855
0,0,0.1950550944377665
0,0,0.22516467741004226
0,0,0.2790433686655973
0,0,0.2343021482216561
0,0,0.17425365654275393
0,0,0.22888232792630697
1,0,0.30595390322327215
0,0,0.2126337441629701
0,0,0.21802432361994462
0,0,0.18469876261205814
0,0,0.26454293405003415
3,0,0.3412024189316394
0,0,0.1640850957910668
9,0,0.41228829500592734
0,0,0.18317222152017995
0,0,0.22717279312886
0,0,0.18732674390678217
0,0,0.22192617489539745
0,0,0.2773691250138716
0,0,0.23892604571860795
0,0,0.16067384338393387
0,0,0.2558239171602379
3,0,0.3711002997107747
0,0,0.18132806796212927
5,0,0.4150694623018728
1,1,0.5294164973304011
1,0,0.312702726199923
0,0,0.19787587928857128
0,0,0.25489923253135155
0,0,0.23423788695803802
11,0,0.3998567085775901
0,0,0.2455337274868895
0,0,0.16925395188629502
3,0,0.3190608693161718
0,0,0.1915407011865406
3,0,0.3339368398725401
14,1,0.4592019938816887
2,0,0.33013039349392465
0,0,0.28630382031828744
0,0,0.14645589398441
7,5,0.5050216191176192
0,0,0.2733229442328653
0,0,0.21979922053135525
0,0,0.16537696800140383
2,0,0.3441371891687793
0,0,0.2096814533115574
3,0,0.32155207207287145
0,0,0.281633258562419
0,0,0.21127322119530742
2,0,0.31168534129885284
0,0,0.21954517307982252
0,0,0.24255536534260078
0,0,0.1656174842845363
0,0,0.24330171562049804
5,0,0.35388249649341097
0,0,0.15134628678617915
0,0,0.27796680544009505
1,0,0.30040735788383455
0,0,0.2064591121878512
0,0,0.180966211484488
0,0,0.1681774629234422
0,0,0.16744932444994629
0,0,0.2822355028317226
0,0,0.25302388931720105
0,0,0.22824597967615462
0,0,0.21606732490538738
7,0,0.3208296539281391
0,0,0.26809434233424334
0,0,0.18746132910894497
0,0,0.2972364021975905
0,0,0.294813890115362
7,1,0.45501030922969055
1,0,0.3280057856272527
0,0,0.16685502970907695
0,0,0.1879718177741359
0,0,0.2395422784598893
0,0,0.22359567606638323
0,0,0.1819869913462445
0,0,0.25021915031764974
0,0,0.16648358202244695
0,0,0.22503971242374834
0,0,0.2872314313785737
0,0,0.22972959822709774
0,0,0.235735163885441
2,0,0.4337239867375399
2,0,0.36322279313938566
0,0,0.28853634689001784
0,0,0.25649602074044947
1,0,0.30710231350463824
0,0,0.259176774288313
0,0,0.2179826758418371
0,0,0.23526123008113164
0,0,0.23616667526998117
0,0,0.2717825918204182
0,0,0.20883015079218406
0,0,0.20885467917749082
0,0,0.2415738701689014
1,0,0.3043070188587498
0,0,0.15177064507408222
0,0,0.21856718740861233
14,0,0.32785976211599854
0,0,0.27849093388691243
0,0,0.18350620721470037
0,0,0.2623928182365785
1,0,0.34032591802591367
25,6,0.518956810758339
7,3,0.46677273186048457
1,0,0.3380386385365099
0,0,0.18588108522704996
0,0,0.18224648552858308
1,0,0.3176722685559706
0,0,0.2204258083494531
0,0,0.1376713050953547
0,0,0.2788382456507668
0,0,0.2810763398644373
0,0,0.23010381004434086
2,1,0.4703926914463364
6,0,0.3985544736166669
0,0,0.28007783492905397
5,0,0.3906575221183644
0,0,0.1791527936717143
1,0,0.30030503370896133
0,0,0.2191700023535555
1,0,0.32118421037863676
0,0,0.2566990788628587
0,0,0.24153490757010182
0,0,0.19030965092061522
1,0,0.31038647149692794
0,0,0.27223934141169087
0,0,0.2521542797248929
2,0,0.33417376236473334
0,0,0.18542180091525381
0,0,0.201258333074843
1,0,0.32262294494570415
4,0,0.32516695737127244
0,0,0.21433527939449784
0,0,0.2143639721307601
0,0,0.29641242523702016
76,3,0.4960761856296462
0,0,0.2812341102074918
4,1,0.5290476326395863
0,0,0.2451093713884613
1,0,0.30561432658247134
0,0,0.23117339059192857
0,0,0.2134372388062852
0,0,0.24048671047083275
0,0,0.2521430297964149
0,0,0.20236913949265584
1,0,0.3092883008758585
73,5,0.6210150245551547
0,0,0.19335188028079145
1,0,0.3202700304766484
0,0,0.22801835539992085
0,0,0.2652619927104557
0,0,0.15653980251204064
0,0,0.17738468479201389
0,0,0.21212929661368693
0,0,0.17388220704697582
1,0,0.30549640040328535
1,0,0.3949364522258009
0,0,0.26305760705458997
0,0,0.22279784444442724
0,0,0.2287873368620379
0,0,0.26259713583672745
0,0,0.21279831828346282
1,0,0.3438496766513181
6,0,0.42345437136225894
0,0,0.25279364560637163
3,0,0.3396662211328365
0,0,0.2167357495459816
0,0,0.24180200792961332
0,0,0.1959019028688561
2,0,0.33076494712430554
4,0,0.39934792772379485
0,0,0.2778014022209185
0,0,0.22619094225456926
4,2,0.49181368160453637
1,0,0.3078959944823228
0,0,0.16392222163370374
0,0,0.23366467480037814
0,0,0.24316369931907594
0,0,0.17695764021891547
0,0,0.2949771714263267
14,2,0.48219036647090235
0,0,0.24780914371786109
0,0,0.2943720331602489
0,0,0.2603892064775006
0,0,0.18928028022558951
5,1,0.5335798882944691
0,0,0.19137912541194818
33,2,0.4733392705780445
0,0,0.1484764623339827
0,0,0.27334684845125434
0,0,0.17821416029376097
0,0,0.20185923432947928
0,0,0.19732493678533208
0,0,0.1613663858203915
0,0,0.2801820762634694
0,0,0.21734347147983424
0,0,0.2245484108965446
0,0,0.2816168379198382
7,1,0.4619901431204888
0,0,0.16129444016452882
8,0,0.4311840930983754
0,0,0.2017529865414528
0,0,0.2415858997748975
3,0,0.3684639494170193
0,0,0.17391311499149553
0,0,0.260565295729274
2,0,0.33243713997616364
0,0,0.21231997734334612
0,0,0.2933612782964738
0,0,0.2957046105300133
0,0,0.19429402976843252
0,0,0.20697236317748902
0,0,0.229987894358009
0,0,0.18091598242714407
0,0,0.250659331878774
1,0,0.3017192822583723
0,0,0.1953983662362372
0,0,0.2417861637120498
0,0,0.20472837763403157
1,0,0.31219589614961674
0,0,0.25434779389286066
2,0,0.31195787265946145
0,0,0.18197064734428578
1,0,0.3153657432722295
0,0,0.21338542463556529
0,0,0.23980531931042423
0,0,0.2908416106103106
34,6,0.5180998180849462
6,0,0.3270122569426958
1,0,0.32040550059366163
1,0,0.3097170579667324
1,0,0.33376999045816447
0,0,0.2790907006656892
0,0,0.2507469344990975
0,0,0.22223228188033375
1,0,0.36824861540098497
68,3,0.5198409873881069
0,0,0.223929665821019
1,0,0.3103252480567693
0,0,0.23401341153599745
0,0,0.2375810085779219
3,1,0.4869058655882167
0,0,0.23023471362335973
0,0,0.18974112520647285
6,0,0.3437918872977284
0,0,0.20829894743408525
0,0,0.23974890907748841
0,0,0.27385003994252677
1,0,0.33474780424169115
0,0,0.29178963753256215
0,0,0.21057191174177675
2,0,0.3066957515182176
0,0,0.21782995289398024
0,0,0.28731021334915613
2,0,0.33760478575447
0,0,0.22501429728863792
0,0,0.22011166705578286
5,0,0.32722769895566794
1,0,0.35134188849670256
0,0,0.19387435954222035
0,0,0.2005684246142453
0,0,0.24338564722677317
0,0,0.18102793529617447
0,0,0.22676273705749023
0,0,0.1662127471629121
0,0,0.18201105513743973
0,0,0.19760458998309763
0,0,0.2448223330978923
0,0,0.2718341110525841
0,0,0.26529750831396337
4,0,0.3692604271108026
105,6,0.5555074374229205
0,0,0.26061536996672885
4,0,0.35049971241148403
0,0,0.2044416604487945
0,0,0.23740080615110035
0,0,0.19380339308405944
0,0,0.29026531344887835
0,0,0.23284900574057724
0,0,0.20020937803681663
0,0,0.20717390108011632
0,0,0.19130084987480728
0,0,0.2613348361507247
108,17,0.641181140296652
0,0,0.22043151615608322
1,0,0.3101566468556165
0,0,0.22641629761686866
0,0,0.2757291123657542
0,0,0.20349817477930834
0,0,0.13728424882165757
0,0,0.18536006143610875
1,0,0.3196769234497837
0,0,0.147696815804199
7,3,0.4975004837054925
1,0,0.3516563280848035
0,0,0.22854647964432007
0,0,0.23395018485785338
0,0,0.2507180533747056
0,0,0.29789464137067456
0,0,0.23629780754885904
5,0,0.3939806624713224
1,0,0.4428504421878148
0,0,0.22942436188018064
2,0,0.379849282063553
1,0,0.3073772532454622
0,0,0.272952852335285
0,0,0.20678026837183672
5,0,0.3363266117053194
5,0,0.3808408127388246
0,0,0.1561639885720777
1,0,0.30863340328008665
0,0,0.21683803938919713
0,0,0.23753604158028224
0,0,0.20138207915075543
2,1,0.49878092161241383
0,0,0.2575044559275974
0,0,0.2334953872469639
0,0,0.24879621158773202
3,0,0.3372621640249491
0,0,0.17876282603680138
0,0,0.1854129194600427
0,0,0.2991983235637707
74,4,0.5900162163565958
0,0,0.2182149542599957
0,0,0.29043759022830723
0,0,0.21693025540873875
0,0,0.2141096136530498
0,0,0.14099006132575365
7,0,0.437443371323366
1,0,0.3015721458475038
0,0,0.2563776292962004
0,0,0.1901950511563456
0,0,0.20115635312208596
78,4,0.5317751520718731
0,0,0.19274463048079254
0,0,0.2661233010845533
0,0,0.22149400757490345
0,0,0.21405083076559872
0,0,0.20556992767130458
0,0,0.24594498253397995
0,0,0.27560791489958886
0,0,0.2799478240865812
0,0,0.16551151105850542
1,0,0.3116071449603237
0,0,0.2696578160567135
0,0,0.22566144360747228
0,0,0.167910163305714
0,0,0.23884583713645102
0,0,0.24175269420168866
0,0,0.2223479970509196
28,2,0.46609424176614095
0,0,0.18741439600396423
0,0,0.15896986346456063
0,0,0.24081669126056976
0,0,0.2204634426752469
0,0,0.20060502437058172
0,0,0.27330047295730725
0,0,0.2786074827049933
0,0,0.2010379601672763
0,0,0.28229252470853194
3,0,0.35350172789731493
0,0,0.2205140780589132
0,0,0.20428803341325658
0,0,0.2021661466453766
30,1,0.4596811721791257
0,0,0.28490388554425805
0,0,0.20435199916794786
0,0,0.16728886782297733
0,0,0.2821233649136387
13,0,0.3190142125982806
0,0,0.24187666352823015
0,0,0.18218658135862956
0,0,0.1781514576929853
0,0,0.20341533152439528
0,0,0.24556745059365795
0,0,0.18786611128468675
4,1,0.649664118045171
0,0,0.23478615684769433
0,0,0.2221236473298647
22,0,0.43700733606743264
5,0,0.4099607039937822
0,0,0.18191179699877363
0,0,0.20778239822708183
2,1,0.6102088213348122
0,0,0.28539423957095195
0,0,0.2530650001836263
0,0,0.18242589226022407
0,0,0.22457629589595887
0,0,0.189705278465086
0,0,0.19150997342972298
51,2,0.5725659038707891
4,1,0.5333475933187742
0,0,0.2167518700635422
0,0,0.19041614851259286
0,0,0.18851541496974045
0,0,0.2687777819864819
11,0,0.448056882808797
1,0,0.3276518166920907
0,0,0.17072091208865978
7,0,0.44647022761984717
1,0,0.3682777158924838
0,0,0.22786505559150397
0,0,0.21371465332767983
0,0,0.21979888991946459
0,0,0.29869605852939196
0,0,0.26481394335804737
0,0,0.2781240958491685
0,0,0.2305067536133384
0,0,0.22790147614301431
1,0,0.33485295766951123
0,0,0.182737880520206
0,0,0.2217685720085013
0,0,0.213704133762996
0,0,0.2192679117973234
0,0,0.2869749990232543
0,0,0.14382371355079063
0,0,0.21736652287950994
0,0,0.2958420006606075
0,0,0.20075601403340043
0,0,0.1989690490501214
0,0,0.24969707735023294
1,0,0.30106072265793865
0,0,0.2907269062871477
0,0,0.27347009684931456
14,0,0.4029812805899631
0,0,0.25873399399118496
0,0,0.2527509287820649
0,0,0.17127888608312328
0,0,0.2908991244058571
0,0,0.19875990034110755
0,0,0.2969239046774834
0,0,0.19906706947017933
0,0,0.14426362942888699
2,0,0.4050985080648044
0,0,0.23935501746387136
0,0,0.2236012300838765
0,0,0.24221403139772718
0,0,0.2952019200177517
0,0,0.16993254023189414
0,0,0.17408428536166226
0,0,0.22615970408957767
0,0,0.28982902280640765
0,0,0.2896208707868306
0,0,0.23319988807912112
0,0,0.26986388905912595
0,0,0.21775507126834087
1,0,0.3017692480072513
1,0,0.3331801473485819
0,0,0.2574846651138041
0,0,0.15752496029444457
0,0,0.20798345573256483
0,0,0.16386588154940457
7,0,0.39416638333422227
0,0,0.26165241698761005
1,0,0.4056535098257316
0,0,0.27197586283531033
0,0,0.13487755749530306
0,0,0.20440585225100935
1,0,0.3640835589622401
0,0,0.21544317315889386
0,0,0.2237737443193016
0,0,0.21488385034801205
0,0,0.16310339352160225
0,0,0.2143381482619242
0,0,0.16058761115443784
0,0,0.27203261130487755
0,0,0.1741850089871607
0,0,0.21947316151435067
0,0,0.1961588092515552
0,0,0.1620553819951765
1,0,0.3367628638944625
0,0,0.19442633089386183
0,0,0.2996945961331607
0,0,0.2903516528758472
0,0,0.25077062809485123
4,1,0.5524871004872638
0,0,0.18687372117350023
0,0,0.19634871294369827
0,0,0.24898017123968663
0,0,0.1919708706349266
62,6,0.6028515515550188
0,0,0.2201905811986235
49,0,0.4394112717651892
105,20,0.6150679899487284
0,0,0.20734425510207471
0,0,0.2538046249629911
0,0,0.18833328471476082
2,0,0.31221005251534445
2,0,0.3147421598928376
0,0,0.20929392419421025
0,0,0.29513697786887866
3,0,0.34507925245452886
0,0,0.1682122221523139
1,0,0.3115847878121294
6,0,0.3889405842530496
0,0,0.20890062566864448
0,0,0.2995762313539845
0,0,0.2526932938797353
0,0,0.22472427109455448
0,0,0.2169572312959235
0,0,0.23981015278263407
0,0,0.28485122566764276
0,0,0.17444322393133155
0,0,0.17349676765679764
4,1,0.4691731170455173
0,0,0.22720955124788483
0,0,0.17627715298797939
3,0,0.39617423607536245
0,0,0.1667680094002342
0,0,0.21386026496518687
0,0,0.1866005485695475
0,0,0.17030166260728927
0,0,0.25479667730375366
0,0,0.25445279513279395
0,0,0.205457913700366
0,0,0.24080992857772812
27,0,0.37251518342946827
0,0,0.21858484543797665
7,0,0.39408705840137537
0,0,0.19735702307632197
0,0,0.18461937197545522
22,2,0.47828481316851684
0,0,0.23614208974038328
0,0,0.1777260120018558
0,0,0.28327594465561085
26,1,0.4656083726757196
0,0,0.2021420481785366
0,0,0.25241584828370867
0,0,0.2265803739739462
0,0,0.16459456273060336
6,0,0.4233360614232486
0,0,0.15898277460924484
2,0,0.38127113076472735
1,0,0.32992662921550775
0,0,0.19436239234060634
1,0,0.3031880696693384
0,0,0.1909733121727483
0,0,0.20752185293637088
0,0,0.17908157172519482
0,0,0.2367721310524412
1,0,0.30145882448299155
2,0,0.36151036861984787
0,0,0.15663704128957437
0,0,0.19976182387948105
0,0,0.22371334233387358
0,0,0.27946669082955344
0,0,0.16060490347081172
0,0,0.259218087908303
0,0,0.2843113201050356
1,0,0.31508626809709017
0,0,0.2110459767420599
0,0,0.2632663597819843
0,0,0.23748882262221888
0,0,0.18469979347045903
0,0,0.19363969061589173
0,0,0.29361054493624394
0,0,0.20229255006172736
0,0,0.1838757369519319
1,0,0.3235148373719186
0,0,0.24530018515659166
0,0,0.24471472080922807
8,2,0.4922213088213378
0,0,0.2099162146051021
0,0,0.17275738791471365
0,0,0.24072044762541048
16,0,0.34337798971981154
1,0,0.3522105578136361
0,0,0.19430164482127985
0,0,0.18574617034069052
0,0,0.2762811204624361
1,0,0.30708489714267984
0,0,0.2716411510260693
4,0,0.39078760038498045
1,0,0.3325724471717953
58,0,0.44936389709350827
0,0,0.14900763183223734
4,0,0.35734064221178125
3,0,0.39136060921895194
0,0,0.26227793079564365
0,0,0.21478653759650979
0,0,0.2659205998724157
3,0,0.3192994786366861
1,0,0.377025086627725
0,0,0.2309910197016637
0,0,0.23047274080880753
0,0,0.21765654531069886
53,2,0.5158799073257496
0,0,0.20976108674373564
0,0,0.1838828874086674
29,2,0.5062819287316819
2,0,0.35950735220175517
0,0,0.1843045669147867
1,0,0.30671084977571006
0,0,0.2889768725047538
0,0,0.16024074910317637
0,0,0.2643234179973335
0,0,0.2955925163997717
1,0,0.32154350584364966
0,0,0.17791262698701188
0,0,0.1844340984902175
0,0,0.22818201461739748
0,0,0.23515065457675713
2,0,0.36573185185692086
0,0,0.22931488629026317
0,0,0.1895363773625329
0,0,0.242531059609626
0,0,0.1912035849992985
0,0,0.1623293609387168
0,0,0.21784714298703048
0,0,0.28804150360266745
0,0,0.24147889413784276
0,0,0.22287137854756697
0,0,0.27265747428261494
0,0,0.17287133445208294
2,0,0.3056054453049127
0,0,0.24998121193858738
0,0,0.19743622293805616
0,0,0.2493139193300996
2,0,0.34155817699395224
15,1,0.45219423799371333
1,0,0.3748849926959756
0,0,0.21637126416765906
0,0,0.2387800683392608
0,0,0.2536841432869622
0,0,0.17726874231852238
0,0,0.24225952827211816
4,0,0.33551189710702234
14,0,0.33160716657347755
0,0,0.16562512246828978
0,0,0.2298945209936715
0,0,0.18566036074354964
2,0,0.371761573303373
1,0,0.4057619991012921
0,0,0.18557913652328908
80,29,0.5717751368198662
0,0,0.24574660968523426
0,0,0.18506297441836897
0,0,0.270159104987271
0,0,0.2028993265957865
0,0,0.2562509379972857
0,0,0.18822665311641396
0,0,0.14288953171760527
1,0,0.3442053092688601
0,0,0.28330087027345746
0,0,0.238677292943133
0,0,0.2566161736593493
0,0,0.1614501880197119
0,0,0.24520201402098768
1,0,0.355474928963461
0,0,0.27474692968437653
0,0,0.22990411966292396
0,0,0.24032028923480636
4,0,0.4257732650902683
0,0,0.17527377593084628
0,0,0.2582694864656873
0,0,0.24186248032939525
0,0,0.2517663442056146
0,0,0.16139308366067895
0,0,0.21964337754995508
30,1,0.4544524279565604
0,0,0.2879930719929202
0,0,0.2408982272948777
0,0,0.292233419579733
0,0,0.24248559667835295
4,0,0.3642666134350765
0,0,0.231695990231338
0,0,0.24922684575872495
0,0,0.2621597466106442
0,0,0.25259161454111007
2,0,0.34051489128115053
1,0,0.30378971691297463
0,0,0.24577243999046394
0,0,0.28905896548922944
0,0,0.22348251503068506
0,0,0.21828213083684275
0,0,0.2016232586693409
7,2,0.47451143496467235
7,1,0.4621787154567169
6,0,0.3950868274965662
0,0,0.265713357381545
0,0,0.18500714890087086
0,0,0.25463246522750155
0,0,0.23626229985734726
3,0,0.41885946976653854
0,0,0.1960138912054295
0,0,0.18179319954414455
0,0,0.20565977090412252
0,0,0.21724600436284636
0,0,0.17423156130958148
0,0,0.1850252342609966
0,0,0.2402145843323807
0,0,0.2250807569979957
1,0,0.3216242992127014
0,0,0.18431521816517693
0,0,0.18719816604221087
0,0,0.1980270398791832
0,0,0.17107876899842506
4,1,0.6153543985707964
0,0,0.19527387541433008
0,0,0.18865419082191656
0,0,0.2263320999855164
0,0,0.20232484908932338
0,0,0.2834159722123014
0,0,0.22393118715581548
0,0,0.1949360270190073
83,2,0.49033322169508786
0,0,0.25611409701866944
0,0,0.22925033137925402
0,0,0.282267062405166
0,0,0.2771507312090456
0,0,0.25983811418591624
0,0,0.20361670154583927
0,0,0.22407129131133285
0,0,0.162950571552602
0,0,0.2862232241828241
1,0,0.4267862512536256
0,0,0.17759695539612894
0,0,0.2599043168234879
0,0,0.22729619700066198
0,0,0.25394096503321417
0,0,0.24787962567341523
0,0,0.17433812917138217
59,0,0.44151632680076697
0,0,0.21172411858661805
0,0,0.22507824180981237
0,0,0.18740085366051773
0,0,0.1648750675853814
31,1,0.4586874092032892
0,0,0.17976649271238465
1,0,0.3525770616381384
0,0,0.23400648303621696
1,0,0.30728652980985505
0,0,0.23732562167070145
0,0,0.27777002537679
1,0,0.3087709047809773
1,0,0.3094842050904179
0,0,0.2480259383912568
0,0,0.2557410158769353
1,0,0.3052271782604217
0,0,0.20617366501005832
0,0,0.2825960292300059
0,0,0.19767695677699043
0,0,0.2741125402470852
0,0,0.18045048958214302
1,0,0.33637565978339773
0,0,0.2984576621921586
1,0,0.41596082892013997
0,0,0.23664724760976202
0,0,0.2511275199379697
11,6,0.5857012550727918
1,0,0.3473604339689502
0,0,0.2899338872442884
61,3,0.5172101712911638
0,0,0.2533569996600841
0,0,0.20947868754040144
1,0,0.34754526593293444
0,0,0.29722191707922657
0,0,0.17953943987599558
0,0,0.26548278399573155
1,0,0.3665634879679587
0,0,0.19208792048571102
2,0,0.3830311421955085
2,0,0.33082652559959513
0,0,0.26750675104810295
21,1,0.47682013155601594
0,0,0.21487421330595896
3,0,0.3967082056265924
0,0,0.21165483635698518
1,0,0.3273339094359442
0,0,0.20779350232923077
0,0,0.18841587257678905
0,0,0.17333395244547695
1,0,0.39551298267257506
0,0,0.18745569753979785
0,0,0.29120675420971615
0,0,0.19750548021922157
0,0,0.2601543856769094
1,0,0.38625261218934714
0,0,0.15618332124174314
0,0,0.14663630983267684
0,0,0.22713258168205475
3,1,0.4836096605739726
0,0,0.24905066133744144
0,0,0.2079674287670105
0,0,0.2911877693491016
0,0,0.2279785013379196
0,0,0.17848936333530843
0,0,0.23936166822050553
0,0,0.16879808069181718
0,0,0.18743298928359353
0,0,0.22898772364633965
2,0,0.44802566768818713
0,0,0.2736002184458251
0,0,0.22202217099401939
0,0,0.17078898497886902
0,0,0.14186510979587572
0,0,0.29050196212790447
0,0,0.18436340824760858
3,0,0.3106961446481343
3,0,0.35316570335281766
0,0,0.1770350430558296
0,0,0.2679308744101624
0,0,0.19533693162618068
2,0,0.3324375785375262
0,0,0.22547064224248034
0,0,0.19467125638706145
0,0,0.17989101297711435
34,0,0.42745092650343236
0,0,0.19729557447235468
0,0,0.18577844500444454
0,0,0.24204241183428213
0,0,0.19412702287141193
0,0,0.22286555135492622
0,0,0.21333085019550085
0,0,0.1689303476675082
0,0,0.20715329007404745
0,0,0.29252450619051923
0,0,0.20490514047144315
0,0,0.261008309717692
0,0,0.20073789031363076
0,0,0.2764389119214716
0,0,0.20605187329021263
0,0,0.2162357268255747
0,0,0.15559975761412007
0,0,0.26569638136380597
0,0,0.1859623522649076
0,0,0.22705839520518273
0,0,0.20973250842098295
0,0,0.20797079528133594
0,0,0.259233043830832
0,0,0.17342544538417506
1,0,0.30294972839920703
0,0,0.2590280739710351
13,0,0.37457591730874434
0,0,0.2745680297801079
0,0,0.25713408959151624
0,0,0.28536503888719783
0,0,0.22315985705099772
0,0,0.2216244960028578
3,0,0.36096566309616374
0,0,0.23670038327855078
0,0,0.19645935144694465
0,0,0.19386380289265953
0,0,0.24912699177591954
0,0,0.25493573922961826
2,0,0.4135352654304479
0,0,0.20277388680601624
7,1,0.4506538601526634
2,0,0.31678310445249375
0,0,0.21245027625509444
0,0,0.29056781708720714
0,0,0.1701308710883035
0,0,0.271950890584473
0,0,0.20632012281508486
0,0,0.258729302564858
0,0,0.22156904834136135
0,0,0.16910241842267676
3,0,0.3905157257014482
0,0,0.2183093517290499
4,0,0.3635283600239939
0,0,0.28690312088847175
8,0,0.4249617095760301
0,0,0.206539353796732
3,0,0.33256018504397405
4,0,0.37545128956319856
9,4,0.5026245350225177
5,0,0.3446591707827458
5,0,0.3748754017566635
0,0,0.16591737562370484
0,0,0.2195737160643131
0,0,0.2536816804683105
0,0,0.19296854082560805
1,0,0.3060757308214177
1,0,0.3069663882109731
0,0,0.2741741338097352
0,0,0.2243665501703603
2,0,0.31309081530813476
0,0,0.22645632189072104
0,0,0.2013907825861253
0,0,0.20663657313782516
0,0,0.2308682544320426
0,0,0.282863538061231
0,0,0.21947275256373897
0,0,0.20953147903597924
0,0,0.23095509439988396
0,0,0.1748130137817492
0,0,0.28668289906178257
0,0,0.16224139503763213
2,0,0.3477154356051621
1,0,0.30542373632052694
0,0,0.2470689447688541
1,0,0.31201205546728655
0,0,0.19168199331942284
0,0,0.2541350448967621
0,0,0.21270073449314186
0,0,0.21171650745221346
1,0,0.3250613087096667
0,0,0.20488026871426337
0,0,0.28781997102832313
0,0,0.22454894307623988
10,0,0.4208353048124017
0,0,0.23028963679097722
0,0,0.2525631021851486
0,0,0.21901064536358977
0,0,0.24476641190701975
0,0,0.2805670479064659
0,0,0.1654564686380335
3,1,0.5110606395775917
0,0,0.15562438256432343
0,0,0.19627386506394
1,0,0.31952582860037965
0,0,0.2657041295964123
0,0,0.17618633698705827
0,0,0.22428629744095127
0,0,0.18668396745340024
2,0,0.3169419740785038
0,0,0.24062047708598805
0,0,0.23683333789885352
3,0,0.3085509750275373
0,0,0.28685757293492586
2,0,0.34566987523494563
0,0,0.2843064182021196
0,0,0.15200536111110194
0,0,0.17957144413643575
0,0,0.2945506610621484
0,0,0.1998019115458808
0,0,0.2706121181913807
0,0,0.2749017815263714
0,0,0.21069059258966974
0,0,0.20204575340899322
0,0,0.17718858068790785
5,0,0.3554672313755091
0,0,0.17626689682103713
0,0,0.23597719783848578
0,0,0.2642837590323414
0,0,0.17263408202951164
0,0,0.21262118226591056
0,0,0.1987783148517793
1,0,0.3013133414475162
0,0,0.29335924127470153
0,0,0.21056050113426128
0,0,0.17491537462404266
0,0,0.2871628265764548
0,0,0.23545724329405077
0,0,0.18649079217680717
0,0,0.14831399667451942
0,0,0.20591132355935626
55,0,0.42427914198750916
0,0,0.2961083386304469
0,0,0.2058806192536021
0,0,0.15782933269999266
1,0,0.30199965988568234
0,0,0.24153946065370813
0,0,0.27244181287894936
3,0,0.44883281356989174
1,0,0.318892087079044
0,0,0.23778056943843973
0,0,0.2035760752364106
0,0,0.23792807612390066
0,0,0.23961704374114143
44,2,0.5055716888010916
0,0,0.2481717730453955
0,0,0.23276436724113458
1,0,0.3499274175710528
1,0,0.44603827497425313
80,2,0.48552234912669084
0,0,0.23897947573843897
0,0,0.23409989580485444
0,0,0.27298864939657386
1,0,0.36763849907762286
0,0,0.2169952350065138
2,0,0.307600324159386
0,0,0.27288089605140453
0,0,0.2453386769896069
1,0,0.3365577454497967
0,0,0.20437753353030338
0,0,0.19958751926046353
1,0,0.34973056611924436
0,0,0.26752373790890976
0,0,0.2529040671948632
3,0,0.30892822583256574
0,0,0.17589975536841895
9,0,0.3820768978045159
5,0,0.36741748276530434
1,0,0.34161295483025794
0,0,0.2955425161064687
0,0,0.2983815389800641
0,0,0.24899838567711588
0,0,0.17110669913717727
0,0,0.20190720930285128
0,0,0.1515331365856082
7,1,0.5286176607094305
0,0,0.1828819915211759
1,0,0.30864375272114425
0,0,0.17579427022802588
0,0,0.20178891245804642
10,0,0.39295044883769736
1,0,0.31168930571845643
0,0,0.1985821921080425
1,0,0.32604548870859
6,0,0.41550455268531933
0,0,0.264178139324525
0,0,0.19524050701433682
0,0,0.20812501406743622
1,0,0.3522595539242397
0,0,0.23844821506863298
0,0,0.1779652146192412
0,0,0.1758409051904446
1,0,0.30660032831237094
1,0,0.4228292237814467
0,0,0.1966210186005963
0,0,0.20436918289724812
0,0,0.19998829101163626
0,0,0.18462455443587272
0,0,0.19363041089498004
0,0,0.26587550870702537
4,1,0.5263168113314782
0,0,0.23944942057740992
0,0,0.19106405881438177
1,0,0.33704813632313374
0,0,0.1835327684720955
0,0,0.17850000282774647
0,0,0.1856679178905528
0,0,0.23945055820692915
0,0,0.27466647731703175
0,0,0.19025980843599202
0,0,0.21336005129683086
1,0,0.305208928623036
0,0,0.20569520981597586
0,0,0.25556662967301547
0,0,0.28789377602804117
2,0,0.36493921680495606
0,0,0.24878973520478118
0,0,0.21898655979172982
0,0,0.23134627086042742
0,0,0.20132026309533416
0,0,0.21779652734080923
0,0,0.27113315764324014
0,0,0.27335546850550496
0,0,0.1758314559297808
0,0,0.2671206984942903
2,0,0.3489552423142327
0,0,0.20850586575483793
0,0,0.24876461670019104
4,0,0.38761329546375584
0,0,0.18209654311130963
4,0,0.40477872742321
3,0,0.30485948483242065
1,0,0.3181262121211784
0,0,0.20196880007447623
0,0,0.19126229041919623
0,0,0.259391621743691
0,0,0.27786641948414353
0,0,0.1720019229229473
0,0,0.1554400124048141
0,0,0.24481735110759778
89,4,0.5105647154752886
0,0,0.2073104419816546
0,0,0.18468002331058847
0,0,0.22573061604607392
0,0,0.23420141103314032
2,0,0.3567376980295283
0,0,0.21310746611407827
0,0,0.2954178380637673
0,0,0.15295319053293055
19,0,0.3818120550890243
0,0,0.20897935254052863
0,0,0.17307026953770369
0,0,0.23236338260080813
0,0,0.1942800853199772
0,0,0.23609222612614852
73,0,0.39960030400579793
0,0,0.232088798386431
0,0,0.18820490774296347
12,0,0.40986337654623517
0,0,0.23078293400051816
0,0,0.29833530306547207
1,0,0.41089148941684395
0,0,0.18230420354762653
0,0,0.2845408714748554
0,0,0.2708195256406263
0,0,0.1759062155134342
0,0,0.22346645962758313
0,0,0.15601309605634087
4,0,0.32427616448450747
0,0,0.22387743028920576
0,0,0.20786129233070244
0,0,0.2812798990138431
0,0,0.28484745781083
1,0,0.30333486390306397
6,0,0.4207280361334286
0,0,0.22302830136594723
1,0,0.340408900322562
0,0,0.1892745725343725
0,0,0.20462325610558832
0,0,0.2739954044730047
0,0,0.27353264654129483
1,0,0.31132505967928525
0,0,0.21871077136459802
0,0,0.1639446627778577
4,0,0.35604167850558033
0,0,0.21319769124233853
0,0,0.257078809382357
1,0,0.3068051769839292
2,0,0.3186680229342777
0,0,0.2791235436184447
0,0,0.19746017551937897
0,0,0.2933046618398632
0,0,0.2629301745114465
0,0,0.2296224527594465
0,0,0.21358415118983523
0,0,0.2693107100248102
1,0,0.334045048498129
1,0,0.3528002671740575
0,0,0.1953905020935699
6,0,0.34790794489193344
0,0,0.23126410211350126
0,0,0.21715085052624006
0,0,0.22336043210903725
0,0,0.2383838384308178
0,0,0.15763084815687498
0,0,0.15163551995151828
0,0,0.22680080392849092
0,0,0.20313899134799282
0,0,0.18165211299757295
0,0,0.16706826806409733
5,0,0.40261108445381755
0,0,0.22400345280915998
0,0,0.2396675508735807
0,0,0.1509651029908145
1,0,0.3389404451239468
0,0,0.18550886720032447
0,0,0.2241402614626338
0,0,0.2044310826425603
0,0,0.21668488876048317
0,0,0.20378706274692274
0,0,0.2208549626207808
0,0,0.22777942454538128
1,0,0.3594413840863677
0,0,0.23596472004706753
0,0,0.2420574831385183
0,0,0.18142204857232203
0,0,0.18524401574816565
51,4,0.541281001095698
0,0,0.25500184604942244
1,0,0.32879725855130776
0,0,0.184291834723157
0,0,0.17780842669432573
0,0,0.29185460051800016
0,0,0.23110185153019336
0,0,0.25685967903293866
0,0,0.16484183353335866
0,0,0.23636369285984296
9,0,0.35971706796146113
0,0,0.2773988160674151
10,1,0.4823963734215311
0,0,0.18464566712391672
4,0,0.3681799850058522
0,0,0.2767247716518627
0,0,0.2021913169544622
0,0,0.2718651171129522
0,0,0.18561085082353235
0,0,0.2514468294056684
0,0,0.1694060498003877
0,0,0.1951059478805136
0,0,0.23575508402096637
7,0,0.4221191275368042
1,0,0.30824260351148913
0,0,0.2236839055915026
0,0,0.20205691978494006
0,0,0.15928567464355167
1,0,0.3050668593693339
0,0,0.25573776959850963
0,0,0.23537057568283204
0,0,0.17818979154721143
0,0,0.23786324187028338
1,0,0.30276807160585517
0,0,0.2667008225925872
0,0,0.2305984350418286
2,0,0.3523771886294752
0,0,0.2368574342518716
0,0,0.2962081070679567
0,0,0.24129235054055767
0,0,0.22761424176992137
13,0,0.35123168146117295
0,0,0.2097180182370977
0,0,0.25978855990579364
0,0,0.2134001686891902
1,0,0.33073701442217135
0,0,0.25235022398575924
7,0,0.39696446039506345
0,0,0.29987747922825886
1,0,0.32140633099549554
0,0,0.18377860092549023
0,0,0.2410629141262514
0,0,0.21878072435152277
0,0,0.18174445897170424
0,0,0.19459717187286216
3,0,0.3115732480265896
0,0,0.24584304500353768
0,0,0.1354296692941672
0,0,0.22825455617220147
0,0,0.23597360424791367
0,0,0.177130626776178
0,0,0.24560074498155818
0,0,0.2083891295456561
0,0,0.2704293753003296
0,0,0.23957963829238987
0,0,0.24475677630860773
4,0,0.319003363547554
0,0,0.245372098247447
5,0,0.366936701891518
0,0,0.23435447397872566
0,0,0.2084801770730487
0,0,0.19802663661190129
0,0,0.18718462601786864
1,0,0.3983420842853646
0,0,0.26118090157726076
0,0,0.1664989720863953
0,0,0.19936889714153186
0,0,0.23204408056701362
0,0,0.17249673550421415
0,0,0.23212691271822553
15,2,0.47124513153998515
0,0,0.19551616371993094
4,0,0.3695689892364236
0,0,0.2798988900892372
31,0,0.37717679701765416
1,0,0.3318945978764015
0,0,0.2257943028043555
0,0,0.2303000587685364
0,0,0.23772460079956723
3,0,0.3274434595046082
0,0,0.22381945935453054
0,0,0.15050364986499293
0,0,0.23016086591657012
0,0,0.21936591354249538
2,0,0.3769250855140457
2,0,0.38055385984389495
0,0,0.2979101657522559
1,0,0.3098278569226791
0,0,0.16113769999120445
6,0,0.4269108870869945
0,0,0.15659192200669242
0,0,0.23160016709323142
0,0,0.18700109142869825
0,0,0.2816357348083933
0,0,0.21327212512492458
0,0,0.1709688037191378
0,0,0.17642534618020955
0,0,0.18275917133226394
20,0,0.39447105215453987
1,0,0.33626504286691766
0,0,0.24932233673220586
0,0,0.19339078531077092
0,0,0.23031850876357773
0,0,0.28071756311994706
0,0,0.19021949610764619
1,0,0.33783609573612866
6,0,0.4168669505060286
0,0,0.17161242586509162
0,0,0.2107446367306843
0,0,0.2417648015014879
0,0,0.26689871863996223
0,0,0.18723930632061672
11,0,0.3317594935558751
18,1,0.4954360908044805
6,0,0.37905369090549146
10,0,0.3366664305906694
2,0,0.3057355429189178
6,0,0.38868620163355344
0,0,0.15768163886463885
0,0,0.2649967237587099
8,1,0.5252982718231599
0,0,0.2791452697229611
1,0,0.31867500387624437
1,0,0.4222090165664135
0,0,0.27242727435201375
1,0,0.3698602107228741
2,0,0.3609010076615284
0,0,0.22893644564991228
0,0,0.21271270262527694
1,0,0.32851763169370424
0,0,0.19033816860467156
0,0,0.23856918764867174
1,0,0.30734780921682
0,0,0.1886996189901949
0,0,0.18064489407729256
0,0,0.22047879475348195
0,0,0.2043329464208085
0,0,0.22073065458250518
1,0,0.3070985554676789
0,0,0.2847780882410374
4,0,0.3646180625267443
0,0,0.2961220944998331
0,0,0.23929081569691932
0,0,0.2224198977590051
0,0,0.222374323913086
2,0,0.3350446369316555
0,0,0.22575907563355138
0,0,0.23977043325473374
0,0,0.19681015491222303
0,0,0.1880975409767728
0,0,0.2565904336245316
0,0,0.24843632157330642
0,0,0.18830348380650638
0,0,0.22051988503586417
0,0,0.16434939332058437
0,0,0.18164961820277567
9,2,0.48421985199379847
0,0,0.16712482004932153
5,0,0.3338983681139105
0,0,0.20141025507585653
4,0,0.4076941408426624
4,0,0.3756423142268498
0,0,0.22720939246227992
0,0,0.17182181631505378
0,0,0.17872958829258637
0,0,0.21862760227190164
0,0,0.2005663340042378
0,0,0.2252135182265832
0,0,0.21460163734781024
0,0,0.21606976464275157
0,0,0.18566312947469693
0,0,0.20696407188025778
0,0,0.2399095903182926
0,0,0.19544230933219142
0,0,0.2474477733613674
0,0,0.28999327662371743
0,0,0.21192996275201192
7,0,0.42656280931676405
0,0,0.18110566414209384
0,0,0.2070888316350258
0,0,0.23398457938425246
0,0,0.23514115548984885
0,0,0.21091003137650163
10,0,0.4094509280511677
0,0,0.21232369658038877
0,0,0.2387100453409352
0,0,0.1996838837977096
0,0,0.2098737025792458
0,0,0.23097558066587626
0,0,0.2369825386305072
0,0,0.2304835631792166
0,0,0.1632438465554603
0,0,0.26092413913139406
0,0,0.27791546088665364
0,0,0.25942087828156846
0,0,0.22198087384366938
0,0,0.18841367925277944
0,0,0.29038000062297264
0,0,0.18144723606109958
0,0,0.20802420713127565
1,0,0.3695206108804225
0,0,0.17381476807613538
0,0,0.18436902871906533
1,0,0.30433543628507786
0,0,0.17482744239638337
0,0,0.2284561968486536
0,0,0.16827718371256825
67,3,0.5594707961713927
13,0,0.4460285257918118
30,1,0.4818680484811879
0,0,0.21362684082990782
0,0,0.22839141504484411
0,0,0.23521674292352032
1,0,0.3233568153707604
0,0,0.17571067326003528
0,0,0.2417253257861904
13,0,0.41215524935051756
0,0,0.20987403863708773
0,0,0.21559252339870974
0,0,0.22116510827292354
0,0,0.18770789959257855
5,0,0.39621439078750653
0,0,0.16876653161393632
0,0,0.19741609895050471
0,0,0.28622305777984686
0,0,0.1954194328502229
0,0,0.2574701767063986
0,0,0.19606713954357902
0,0,0.20064897299327042
0,0,0.23908253362195322
0,0,0.25992031242027996
0,0,0.19568814023213915
0,0,0.29242970334894364
0,0,0.2347381619640715
3,0,0.37659839319931576
0,0,0.2847505485092815
78,1,0.4946706295446526
0,0,0.20123174836703467
0,0,0.250391769933874
0,0,0.25524824026717396
71,7,0.5861784327886499
2,0,0.3173191303528833
0,0,0.22402755543655725
0,0,0.18984652827136567
0,0,0.24133871047683822
6,0,0.4250811188504772
0,0,0.220556598113028
0,0,0.20971250206548853
0,0,0.18662175461765268
0,0,0.2275656816536745
1,0,0.3018839361325866
0,0,0.2785959099056936
0,0,0.24606196611628897
0,0,0.2323774535893843
0,0,0.20676676494282664
0,0,0.2736154488015749
0,0,0.14489735146898497
0,0,0.26909552151971183
0,0,0.20537348595963448
0,0,0.2710615799569588
0,0,0.2965300186134796
0,0,0.1996678177463893
0,0,0.2596551907928857
0,0,0.1983726258142012
0,0,0.18674567094125752
6,0,0.41602175860974017
1,0,0.32358847602548824
0,0,0.18026190306361797
1,0,0.30656210681647705
0,0,0.23706215358193108
0,0,0.1951499099150988
0,0,0.20679041346828786
1,0,0.39186470404224616
1,0,0.32009131014053926
0,0,0.18145153187826918
0,0,0.2666788493206411
0,0,0.2810466735982495
0,0,0.2805830412063461
0,0,0.20057509521220682
0,0,0.27391772936728104
0,0,0.23058318517919896
0,0,0.2170645802011243
0,0,0.22859271638719006
0,0,0.21758344555714285
0,0,0.22280913113458423
0,0,0.2073392917501071
0,0,0.21196588945462722
0,0,0.2760453667479992
2,0,0.31329494116947826
0,0,0.21000053948475134
0,0,0.251525802293135
0,0,0.25200116789866756
0,0,0.17953137895267585
0,0,0.22518776761031153
0,0,0.14855277521868346
0,0,0.21601797007198695
9,0,0.41879445228858203
0,0,0.19467895482277756
1,0,0.3530675985856624
0,0,0.2878925060058696
0,0,0.2594189122789323
0,0,0.17940532726074968
0,0,0.22040326827746398
0,0,0.2769775844860022
0,0,0.23866903237621595
0,0,0.19915186525614065
0,0,0.25059364665522305
0,0,0.2568293195905081
0,0,0.19374469200598846
0,0,0.18916793677519914
0,0,0.22240023009020884
5,0,0.4404167604284594
0,0,0.1501284044723918
0,0,0.2536021610580653
0,0,0.2582691228450917
3,0,0.40973507208568233
0,0,0.16054392171637394
0,0,0.21578720553266628
0,0,0.2581322901098961
0,0,0.20906416148040324
0,0,0.25554005528188684
0,0,0.27251734098359687
0,0,0.20099214723795333
0,0,0.2038952762939562
0,0,0.24554696944940668
0,0,0.2795914908956171
1,0,0.3310585578793533
0,0,0.13880425469216978
0,0,0.21290745114892604
0,0,0.24252418404886317
0,0,0.2126680634701828
0,0,0.2305867488669232
0,0,0.18004214050115183
0,0,0.2754107074923483
0,0,0.28497019701123766
2,0,0.4368371960601168
0,0,0.23600001732121406
0,0,0.24784639732311797
0,0,0.20222707450614263
8,2,0.4833413477018382
0,0,0.22682439231207516
7,1,0.5638855000447707
0,0,0.14039166892900862
0,0,0.27333141919515463
0,0,0.2439835710906376
0,0,0.2984803447389155
3,0,0.363747843499197
0,0,0.16836380504721662
0,0,0.24781455912383968
0,0,0.15739477486004497
0,0,0.18019077399904196
0,0,0.20647749649926442
1,0,0.30317325591138866
0,0,0.19871455073981614
0,0,0.21013693042626197
0,0,0.24726484350198727
0,0,0.2048258169238357
0,0,0.28024142569563393
3,0,0.33598284329890793
0,0,0.17842240339760587
0,0,0.2946191242438172
0,0,0.23234179777711209
0,0,0.28662077136296277
1,0,0.30745223670092053
0,0,0.2114917217944832
60,4,0.5640230424979996
0,0,0.26220553489327486
0,0,0.2395115358514536
0,0,0.23447124395588753
77,15,0.5034586397082701
0,0,0.17922696216228912
0,0,0.16691228956297277
0,0,0.19899625483658867
0,0,0.2306091503235553
0,0,0.2848536345208163
3,0,0.3565122790073935
0,0,0.22834843006243966
0,0,0.17214658948107078
0,0,0.2923747752982936
0,0,0.2336900843168727
7,0,0.3864583919735983
0,0,0.23546410024959724
0,0,0.2863904250602167
0,0,0.28933108226303117
0,0,0.2955103748638487
1,0,0.30358713349674005
1,0,0.3269472944180145
0,0,0.19787146744467934
1,0,0.3645553279197566
0,0,0.21222410296332445
0,0,0.18267739020289073
0,0,0.2449713320356612
12,0,0.4310803257773941
0,0,0.19483804088867263
1,0,0.3300380839550171
0,0,0.2950944753655178
0,0,0.2956851811919286
0,0,0.284769642838911
0,0,0.21016403358309987
0,0,0.24959544130035605
0,0,0.23043881338127234
0,0,0.1492419431130519
21,0,0.36373512237720895
0,0,0.22606053611885985
1,0,0.3056513045755358
0,0,0.17691339992089306
0,0,0.2632334274620966
16,1,0.4701690048777335
2,0,0.3547849956694065
0,0,0.28663239226935433
0,0,0.23867180631273685
7,0,0.33185804247397616
0,0,0.2932251114159404
1,0,0.30681191745040604
1,0,0.3080401356311581
0,0,0.21829586090654704
0,0,0.24942209639070986
1,0,0.39204707007275996
1,0,0.309975271215978
0,0,0.19329420903529082
0,0,0.22490010699857313
0,0,0.23285653785975244
0,0,0.24475967229039677
0,0,0.24660763791646512
1,0,0.36958682820892397
107,20,0.6609606351692594
0,0,0.21687464638708376
2,0,0.3407393926118712
0,0,0.20950289047499207
0,0,0.29362555178447475
0,0,0.23115557722291827
0,0,0.19171568822810325
0,0,0.2435551183146815
10,0,0.3907931383681443
0,0,0.19443088349873183
1,0,0.30399291164184367
0,0,0.29625086517850635
0,0,0.21302292620711327
0,0,0.2711497452768771
0,0,0.22812756923017877
0,0,0.18808867841230362
0,0,0.20436499848818696
0,0,0.15925421168754
18,1,0.46935715190174865
0,0,0.2521221261107076
0,0,0.21307232899467748
0,0,0.24704298366170624
0,0,0.23241333766962477
1,0,0.3751493598026336
1,0,0.3133918189711833
0,0,0.20882440282355386
0,0,0.161321738662738
0,0,0.20207092206102661
0,0,0.19478643027716674
0,0,0.2824305873237143
0,0,0.20463855551370203
0,0,0.2691036536459019
11,0,0.3388498662322811
2,0,0.31945080399111636
2,0,0.3099066420196917
0,0,0.2437582242955585
0,0,0.18196395767167386
4,1,0.5700057018829031
5,0,0.38815075137352495
0,0,0.20989816703421332
0,0,0.2623618067676504
0,0,0.18195658618910873
0,0,0.20891759964159617
7,4,0.4969510582995189
0,0,0.18537081611516112
0,0,0.2637829313023126
0,0,0.14180215060149298
0,0,0.17800973682639273
1,0,0.3030875562151452
0,0,0.28128803701649346
0,0,0.28746530600899217
3,0,0.31638520564680445
0,0,0.190044038636934
0,0,0.2418702216511191
2,0,0.31189760375908987
18,0,0.4391707752913028
0,0,0.2571601159935117
3,0,0.32787108000068754
0,0,0.16389058821712357
0,0,0.16747424068317585
6,0,0.4182187914659402
1,0,0.44268521933656185
0,0,0.2943203218912258
0,0,0.21166938816012454
0,0,0.2068618163448708
1,0,0.36092768563859023
0,0,0.2842415384607162
0,0,0.26503219391255034
0,0,0.2714782971137108
1,0,0.3325336498818969
0,0,0.22299148722381193
0,0,0.19766854782554164
0,0,0.24660280483136757
0,0,0.20969634487602284
1,0,0.30280494855541845
0,0,0.17686005087088097
1,0,0.33862976859752
0,0,0.19516408363039206
0,0,0.17609511887877366
0,0,0.21084625678285362
0,0,0.2159226324653747
0,0,0.21412710918844272
0,0,0.20740853286757213
0,0,0.17507277646278985
0,0,0.12373396832691355
0,0,0.1605849998663043
4,2,0.47080785323161456
0,0,0.251238511573337
2,0,0.3238620239522902
0,0,0.23211301986470756
0,0,0.22097676381849757
0,0,0.2421259007560411
2,1,0.4888746673634603
1,0,0.33763258606096175
0,0,0.22099380298778376
0,0,0.16097902415785267
0,0,0.21914931797333667
0,0,0.2933479408906576
0,0,0.2875682688613207
0,0,0.2637895827735763
9,5,0.5321332877789502
0,0,0.2205812707761011
1,0,0.34097531605917236
0,0,0.16652883119760012
6,0,0.3859458487601127
0,0,0.2218604938534071
0,0,0.2631372336318158
1,0,0.3354726232173706
0,0,0.27748729288226265
0,0,0.19304877127058245
1,0,0.3256441555131744
0,0,0.17102112421262036
0,0,0.20085129069905713
1,0,0.3413496667502863
0,0,0.22377692077143546
1,0,0.3452791540141872
0,0,0.2565708945447106
0,0,0.2675254536774625
0,0,0.25718219143550336
0,0,0.22010475771239102
4,0,0.3843750262620267
0,0,0.20895085978828196
0,0,0.23678864554470347
0,0,0.23169437426242706
0,0,0.14406036326028487
0,0,0.14798596535924266
0,0,0.2511753638168294
0,0,0.26693676700791974
0,0,0.2396045365971364
0,0,0.1977857685025063
0,0,0.19964635605172468
0,0,0.2123744641861547
0,0,0.23779941109295114
0,0,0.2482981864079215
0,0,0.2074976660590378
0,0,0.23861517118408082
1,0,0.36881159495380444
0,0,0.21289978295114742
0,0,0.21373617871686926
0,0,0.26941042366183793
3,0,0.361740990379689
0,0,0.15306065820886525
0,0,0.27815716624361403
0,0,0.15925955787484392
0,0,0.18841164966028703
0,0,0.23681989306798684
0,0,0.21255647409120237
0,0,0.18303512426180743
0,0,0.18373095844223855
0,0,0.17550288941381617
0,0,0.22752509519416034
0,0,0.2589691999877037
0,0,0.26619962130712715
0,0,0.2575843145513318
0,0,0.20934755532368865
0,0,0.253152499639518
3,1,0.5498851015006561
0,0,0.16928969948208708
3,1,0.5474432155420175
0,0,0.17434179905236852
0,0,0.1777423331980978
0,0,0.1847702823558909
0,0,0.2550009656193896
0,0,0.1954725731678963
76,26,0.5758344348008585
1,0,0.3558416577132538
0,0,0.18407418479354143
0,0,0.27403845295684764
0,0,0.2050839758101874
11,0,0.36026383380933547
0,0,0.2468284961654918
1,0,0.3014953302012008
2,0,0.3175569978146817
0,0,0.2442987833901592
0,0,0.2512526932097188
0,0,0.29524725362925097
6,0,0.43822132797059793
0,0,0.2032391664570562
0,0,0.17475849564751994
0,0,0.2337449912156991
0,0,0.21509715567522383
0,0,0.21667597567135022
0,0,0.19716281580804415
0,0,0.29318654594843896
0,0,0.2343475019315945
0,0,0.24438660568788712
0,0,0.26110733832104926
0,0,0.17215988097366292
0,0,0.22201249006086587
0,0,0.22542527492054643
0,0,0.20879881171972875
0,0,0.19530854929531588
0,0,0.23778792817400846
0,0,0.26467749786505257
0,0,0.14508096158101255
0,0,0.1655191983708532
0,0,0.19544386189085544
0,0,0.21750032126536292
0,0,0.2413415775621721
0,0,0.16725962238435918
0,0,0.2360836440880523
0,0,0.18802177240615625
0,0,0.18563648273350392
1,0,0.3157670740150263
0,0,0.28365031508733773
0,0,0.26200330432359337
0,0,0.28126113617859944
49,3,0.4899491001963978
26,1,0.49594894403573053
1,0,0.32407934678717765
0,0,0.270293942558286
0,0,0.2627795980405301
0,0,0.19937530383952298
0,0,0.259240498832636
4,0,0.4271806129074073
4,0,0.44484853613473596
0,0,0.21329464457593303
0,0,0.2504846862779023
4,0,0.3461207384012052
0,0,0.239077856246531
0,0,0.14219091558739913
0,0,0.27026497679750805
6,0,0.3841508259913328
4,2,0.5029685526824907
0,0,0.17631146403182252
0,0,0.1811021371109169
0,0,0.19587846279625035
0,0,0.2337015440822192
0,0,0.16370717913779687
1,0,0.32761542246108105
0,0,0.20701213941014035
2,0,0.36071682751689405
0,0,0.16341211700136155
6,0,0.38382107923406056
0,0,0.21208870878655764
2,0,0.35119627497093
0,0,0.19592782799158656
0,0,0.2125698343213577
0,0,0.21680223976903032
0,0,0.2795214124277387
0,0,0.161071500402528
0,0,0.25168446778553205
7,0,0.42491295848939187
4,0,0.3349821926212824
0,0,0.2386894043463999
0,0,0.25115614150561644
0,0,0.21154356715955172
0,0,0.23736532398423832
1,0,0.35074649773588457
0,0,0.17706206581314488
0,0,0.2732104386335657
0,0,0.18566706754731097
0,0,0.22420641291059693
0,0,0.2717394604172692
0,0,0.2538865505773334
0,0,0.17089443735202137
0,0,0.28120228802998787
0,0,0.21774517671045676
0,0,0.2840069332363829
0,0,0.21561252974948353
0,0,0.19009402458074703
0,0,0.2183074868839969
0,0,0.16195152470918026
0,0,0.2522557366459089
8,0,0.4075450193400808
0,0,0.16585019867503104
0,0,0.2274427912950145
1,0,0.3444551210885847
0,0,0.2214449632046431
0,0,0.2649253064820373
0,0,0.18084357648462301
0,0,0.18906793690458798
55,1,0.4791752506647278
57,2,0.4931468209508178
0,0,0.20635348946952406
0,0,0.20037668990266877
0,0,0.2586418009972509
0,0,0.19192589313981456
0,0,0.22545620672052108
0,0,0.24851924379807758
0,0,0.16783732329336307
9,0,0.3897035120418041
0,0,0.21119255614710528
24,1,0.452369134174577
0,0,0.23441189056780679
0,0,0.2664606518036265
0,0,0.21007013888986165
0,0,0.17018408951094285
0,0,0.26283259785770685
0,0,0.16885693129928261
0,0,0.2987290656042443
3,0,0.3583414550425303
0,0,0.17471574395132156
0,0,0.18138628914060215
1,0,0.3072531840872796
3,1,0.45789551435429104
2,0,0.3701153546097507
0,0,0.16784124959750807
0,0,0.16831004036426864
0,0,0.15924386047153236
0,0,0.16120575742253732
0,0,0.23298719031155068
3,2,0.4693508280279582
0,0,0.18300170880281064
0,0,0.13211747840194182
0,0,0.16474119320909036
0,0,0.24819617179436995
2,0,0.33204544936000824
0,0,0.18026227103742354
0,0,0.228079238212213
0,0,0.15691897338500138
0,0,0.17400083094076343
0,0,0.2664105229916587
0,0,0.2854277892269431
0,0,0.2062841066554334
0,0,0.18142931414452004
0,0,0.23729080387571866
0,0,0.23988175517675955
0,0,0.20260480210149315
0,0,0.27097928130368093
0,0,0.15329090908226872
0,0,0.21354300913810217
0,0,0.2656624704421202
0,0,0.29615301241734343
51,0,0.40742195604351517
0,0,0.2498819481214358
0,0,0.20048734588663503
2,0,0.3575515235242388
0,0,0.2612796827819636
0,0,0.17291318087148838
0,0,0.21487394704134713
89,10,0.6103013871182679
0,0,0.20218082491981207
0,0,0.2458691568149146
13,0,0.4450263501168898
0,0,0.14373460157387496
0,0,0.19308157178642346
0,0,0.22331689523389436
0,0,0.20299768891603498
0,0,0.23511507727474837
0,0,0.22225196161143612
11,5,0.5575002969339127
1,0,0.3237671011395533
0,0,0.16021945408207333
0,0,0.19038928480241363
1,0,0.3062443215551901
0,0,0.21400681539389205
0,0,0.1929906460553021
0,0,0.2104730195392446
2,0,0.3344663241294286
0,0,0.24661111443038983
0,0,0.15730221627983831
0,0,0.29576938029155464
5,0,0.31188157551515305
1,0,0.3040868526133954
10,0,0.4173249809692684
0,0,0.29201564112924616
0,0,0.20180542210135452
1,0,0.300358009690643
0,0,0.20767430150595617
0,0,0.185692807299387
6,0,0.40133277527981603
0,0,0.19273586579601043
0,0,0.1885404609287115
19,0,0.37650692112454043
0,0,0.26169322322505684
0,0,0.2752306612964578
0,0,0.21236664601122918
0,0,0.16239930963184263
0,0,0.27570801659323224
7,0,0.348670798685931
0,0,0.20349180383408302
0,0,0.2559691276952173
0,0,0.18356773079063055
0,0,0.21430451622333882
0,0,0.1861161723920146
0,0,0.16609333541415133
0,0,0.2544806691362816
0,0,0.14733108616094684
0,0,0.20049755228094873
0,0,0.2350877019808083
0,0,0.19322215151180142
0,0,0.1683763682097718
0,0,0.20825661601504192
0,0,0.23169132283582455
0,0,0.2689533055968474
0,0,0.2616749579910878
0,0,0.2823427634100591
0,0,0.1908578231672179
0,0,0.20260093231203113
0,0,0.17109367544817047
0,0,0.2705662246626922
0,0,0.15752777471650575
0,0,0.17380729586082205
0,0,0.27328703259617976
0,0,0.20061787422469324
1,0,0.35098594684951184
0,0,0.2084753474363676
0,0,0.2643084149987103
1,1,0.45740637979927
0,0,0.1739506113038954
0,0,0.2655467731516713
2,0,0.34002064705966484
5,0,0.39246096510960965
2,0,0.42202186420094007
0,0,0.21848449200705236
0,0,0.24944844452054132
0,0,0.2861511453104032
0,0,0.27069418374916365
0,0,0.17754201561534544
8,4,0.6545442913824868
0,0,0.2357102910946499
0,0,0.22360929162513218
18,0,0.4252162593893542
0,0,0.15922975998918024
0,0,0.26359063413363976
1,0,0.39781548832304847
1,0,0.30554337842080115
0,0,0.258498722172906
1,0,0.4091894920387674
0,0,0.20970373622286748
1,0,0.35758584473071336
0,0,0.1635768256696247
0,0,0.2740016829202668
0,0,0.215143863614953
0,0,0.28876211654004735
0,0,0.27009919113890624
57,0,0.44334372756841084
0,0,0.201608000295288
2,0,0.3217061574865918
0,0,0.24802195025802265
1,0,0.3301370323148997
26,3,0.5104801158543408
0,0,0.14926241715005384
0,0,0.28505698614910185
0,0,0.18197036665644012
0,0,0.18019321725368062
0,0,0.240034225944841
0,0,0.14757005241561963
0,0,0.2160340898007836
0,0,0.27865668932067533
0,0,0.23470080050017647
0,0,0.20125579667116925
0,0,0.21103117094103788
0,0,0.15427963927943095
0,0,0.21156136295403358
0,0,0.23664570777981483
0,0,0.22021336213685408
0,0,0.2465810996608856
0,0,0.2900784397971829
0,0,0.21406044117859985
0,0,0.2966233969707089
0,0,0.20533230285271126
0,0,0.18509243796048783
0,0,0.21761982554152315
0,0,0.21023789587616443
0,0,0.24671653186395542
0,0,0.21597024207947302
0,0,0.17357697038996697
2,0,0.38225818178544524
0,0,0.23203299891688375
0,0,0.288918971614379
0,0,0.1974177863675965
0,0,0.24215502744995657
0,0,0.23951774370668
0,0,0.23414594050202495
0,0,0.20710905540728397
0,0,0.28834805270716957
0,0,0.19096208868036646
0,0,0.2868651261464026
3,0,0.3633017831990726
0,0,0.26456055095077063
0,0,0.2083424327698477
0,0,0.13996489109297774
5,0,0.3536160532635331
0,0,0.18714302716310627
0,0,0.29585272094166637
0,0,0.1988192826888148
1,0,0.3290253543821274
0,0,0.28894900973313187
0,0,0.1777312176147656
14,0,0.43764615222019543
0,0,0.2952297250923939
0,0,0.16413773958740982
0,0,0.25319762327427214
0,0,0.23582008605880597
97,27,0.5370152579878605
0,0,0.17397102820202326
0,0,0.21362154342466122
3,0,0.36343178529091
6,0,0.3851617113916861
0,0,0.1494601539067657
0,0,0.15676418058105998
0,0,0.24066323163512887
2,1,0.45635233684629845
0,0,0.20253029399498224
0,0,0.24422995212154597
0,0,0.2901129104904846
3,1,0.4692617822511774
0,0,0.2261397908608369
0,0,0.28943039874682625
0,0,0.1956089057168773
0,0,0.19041062323689964
0,0,0.17989837823973576
0,0,0.19432179262247348
0,0,0.1945523628780844
0,0,0.21323342247879232
1,0,0.31574864517221296
0,0,0.25130426622893937
0,0,0.17143336202036472
1,0,0.3173610429224046
1,0,0.3137091955370816
0,0,0.22093398527521244
0,0,0.21727017007879373
0,0,0.17432489965956152
8,0,0.4273155229515874
0,0,0.16730848096793202
0,0,0.2753176623021487
0,0,0.18588005972247706
0,0,0.2036726288627625
0,0,0.25850005131267106
1,0,0.31191109221280705
0,0,0.17908895098504882
7,1,0.47273481359358716
0,0,0.22718431653729465
3,0,0.3171125698686679
87,12,0.6089556466862746
3,0,0.3365796007801828
0,0,0.21806200612476154
0,0,0.22805519731979304
0,0,0.2200481855015135
0,0,0.28153890562119765
0,0,0.24627678273283715
11,0,0.3128671819882068
0,0,0.25896017398214854
25,0,0.34162243828598904
0,0,0.24316414063652017
1,0,0.3169781564702301
1,0,0.35872515675562416
0,0,0.2228369433871871
0,0,0.26207855542698205
0,0,0.1926847146436622
0,0,0.261230033677999
0,0,0.2622635253500413
0,0,0.23229627947478637
0,0,0.22543405166157324
18,3,0.5573599337521522
0,0,0.27769864230466534
0,0,0.2129532710846884
0,0,0.2882609196616975
0,0,0.16975262304568514
0,0,0.26665956953936837
0,0,0.24409195573055717
0,0,0.20935276955293192
0,0,0.23662985502797396
0,0,0.2600793577531838
0,0,0.1602057512089283
0,0,0.1739954627825037
1,0,0.35779866365437485
0,0,0.2151485094858692
0,0,0.18805797180170286
3,0,0.3578676824628188
0,0,0.16224428887900486
0,0,0.18320623380223766
0,0,0.18526502320075955
0,0,0.27940363919678013
0,0,0.21450202551110323
2,0,0.3216895857263959
1,0,0.3691101495592675
0,0,0.20258224422310284
0,0,0.2833832692427305
0,0,0.2587369810253876
0,0,0.22486726421531192
4,0,0.3869211563072172
1,0,0.30659871306782027
1,0,0.33402191556427313
0,0,0.2321318083114959
4,0,0.4325535063007903
0,0,0.24932218993836458
0,0,0.22828949038571333
0,0,0.17385485504502704
0,0,0.24682230760544902
4,0,0.3619898079460399
0,0,0.23852100762316944
3,0,0.3880532813934314
0,0,0.2530306241643875
0,0,0.2714001689323086
1,1,0.48021327959980115
0,0,0.20577742616712055
0,0,0.21863533124636547
0,0,0.2669345875899987
0,0,0.17799427251631272
0,0,0.1832446782045039
0,0,0.26179770203500086
0,0,0.24746192757985241
1,0,0.3180618778389864
0,0,0.2459470856385429
3,0,0.35934073455982546
0,0,0.2648416315880557
5,0,0.40114638202938935
5,0,0.39633510177354564
4,0,0.3598814324127236
0,0,0.25858598060729115
3,0,0.37775725840807756
0,0,0.20144982021445812
0,0,0.1715743334137474
0,0,0.2717953544903492
0,0,0.276379680345354
0,0,0.25564978655134823
0,0,0.29722886878504556
0,0,0.24820274876709622
0,0,0.15546098028377647
1,1,0.4601128857461848
0,0,0.16380179120266294
0,0,0.22415409909704448
0,0,0.23428319613584486
2,0,0.3543510259105719
2,0,0.308468145901462
1,0,0.3836575366412449
6,0,0.3658833876113007
0,0,0.2339152159035339
8,3,0.49080681526599823
36,0,0.4155782067487542
0,0,0.19702641514727628
0,0,0.22874534962611184
0,0,0.26021184704761424
5,0,0.4039356208672607
0,0,0.19643281609851176
0,0,0.29489189208946864
0,0,0.29280015515135654
1,0,0.3200208907019023
0,0,0.20925613362425485
1,0,0.3176601806893989
67,6,0.5579866232449713
0,0,0.16992925720428947
0,0,0.254911081555869
1,0,0.30247949890707804
1,0,0.30222888817206656
0,0,0.19605537287207925
0,0,0.18637589381201897
6,0,0.4272491566506101
0,0,0.2619366129008024
3,0,0.31989369282064967
0,0,0.1891748841652592
0,0,0.25824861545543387
0,0,0.2603001176763351
0,0,0.28107942139928416
0,0,0.25496022928257756
2,0,0.3324540304711289
0,0,0.21590132109457288
5,1,0.6380146900063118
77,6,0.5527777158354593
0,0,0.2307301682669679
0,0,0.2263455668695768
0,0,0.20829629489866427
1,0,0.33565003911335
1,0,0.32579680272253275
0,0,0.29115677490706005
0,0,0.24568677009323162
2,0,0.33580954102790256
1,0,0.3195611689835569
0,0,0.20875354138519378
0,0,0.25840678078211776
0,0,0.2979679260124871
0,0,0.2581780761969728
0,0,0.2421606666583625
0,0,0.155425461691721
0,0,0.17292679118593024
0,0,0.2524146531275097
84,14,0.6666849427663545
5,0,0.3759127804500655
0,0,0.2772897959632678
0,0,0.21162286555503002
0,0,0.23109945665887419
5,0,0.3694239229705036
0,0,0.28848949804750557
0,0,0.29490215680587994
0,0,0.21819129793494027
5,0,0.4367118984419598
0,0,0.24628502358476922
12,0,0.41542331317133624
0,0,0.23817431008013873
0,0,0.26883936028726246
0,0,0.28345238337169204
0,0,0.2033678479772223
0,0,0.17052669622216146
0,0,0.27437207284526793
3,0,0.3296361553027959
0,0,0.2671667592014325
0,0,0.27575966447156053
0,0,0.20889340770576
0,0,0.19116791247721088
0,0,0.199581072139523
0,0,0.20188224463022672
0,0,0.23272953131117816
0,0,0.20816821163855623
0,0,0.2549534932197645
0,0,0.23635398116265705
0,0,0.25189965742411663
0,0,0.22446403507280602
0,0,0.2010534090682392
0,0,0.2706134503491338
0,0,0.27205793588099403
0,0,0.23312838212622683
0,0,0.19004902008659497
17,0,0.40396452158784346
58,1,0.48231863488053045
0,0,0.22269751836969198
0,0,0.2844009975357978
0,0,0.26263065468471336
0,0,0.2691772615332066
0,0,0.2827772445983438
0,0,0.29430739503173214
4,0,0.34873230987708875
0,0,0.22756557570818267
0,0,0.24201367116892414
62,1,0.46414345548316166
0,0,0.21808953287566285
0,0,0.196643456674671
0,0,0.19371265108523963
0,0,0.2283007197293913
0,0,0.29416144310279085
0,0,0.25270743156413383
0,0,0.20568396857428065
0,0,0.2257387551648038
0,0,0.22952017016019916
8,0,0.4425851258121781
1,1,0.45330482385925513
0,0,0.2207861009265412
0,0,0.2542178339882633
0,0,0.23655046734877747
0,0,0.26959436000952447
1,0,0.3840571912564207
0,0,0.233212023561412
5,0,0.4020055260511171
0,0,0.1763601501586132
0,0,0.18914886340452663
4,0,0.38793030658586874
0,0,0.17112186541418128
6,0,0.4304284763036975
0,0,0.16869089469005935
0,0,0.24237812882261495
0,0,0.16881936110451695
1,0,0.3243034615804694
0,0,0.19550442576823257
0,0,0.15863797981509228
1,1,0.48682291611700945
30,8,0.5645134266255808
0,0,0.2793439536995336
0,0,0.1584416765504781
0,0,0.19976828769837005
0,0,0.13981562105954543
0,0,0.2881316947245173
0,0,0.20991058456363546
2,0,0.33531135684925506
0,0,0.2404913187908104
5,0,0.410801170999351
1,0,0.33632915448661
2,0,0.3365426114183398
0,0,0.21230728478774424
0,0,0.17207039145232844
1,0,0.30419328363151565
1,0,0.3827234004179385
0,0,0.2458169889514123
1,0,0.3771636091391766
0,0,0.21600171801566595
3,0,0.3122037945974361
12,0,0.43657953001122685
0,0,0.19915908300710392
0,0,0.27350535289237493
0,0,0.2443127016516201
0,0,0.1811091881820602
2,0,0.32361185481186483
0,0,0.25806758338681024
0,0,0.17226667755904188
0,0,0.2500735968686736
0,0,0.17441659832805495
0,0,0.2106632176440594
0,0,0.20970398145446587
0,0,0.2766106229724
3,0,0.35466467302848803
0,0,0.28630681917664785
0,0,0.18544291551794392
0,0,0.1906150813194363
0,0,0.24673921168976892
0,0,0.27335418450660814
0,0,0.2645905312198826
0,0,0.17478850201958593
1,0,0.362739925984988
0,0,0.20968135413012454
0,0,0.2520768560698572
0,0,0.2943921281808737
0,0,0.22951432575854183
0,0,0.179310555913975
0,0,0.19364524064186145
0,0,0.19789325893817666
0,0,0.16404976004264427
0,0,0.2001091046931652
0,0,0.27909630171159916
0,0,0.27255377007439885
0,0,0.2157570358177137
0,0,0.2225451028964957
7,0,0.4076020810827919
0,0,0.22280283376588125
2,0,0.35715731724102
6,1,0.45116879259980025
0,0,0.2332782119816839
2,0,0.3518622928106927
0,0,0.17208680897496878
1,0,0.3499509176613863
7,0,0.4221798444597289
2,0,0.3042978432376289
2,0,0.30900757075836677
0,0,0.2753191965118703
0,0,0.2214124391215165
0,0,0.2951863421522798
10,0,0.44186504712865166
3,0,0.3225202798306508
0,0,0.2552146449423199
0,0,0.20723439700106927
5,0,0.3759147969146648
1,0,0.30407669295461404
0,0,0.24478287778957367
0,0,0.22835453069543268
0,0,0.19799003124035897
2,0,0.40414091077789904
1,0,0.30757316052826505
0,0,0.24407822507714383
0,0,0.24412015982240765
0,0,0.2800234819648835
0,0,0.20868103395446377
0,0,0.15018467559094742
15,2,0.48038403853899975
0,0,0.24755314751443463
11,0,0.3556531200515678
0,0,0.23754407791325197
0,0,0.26077513385624956
0,0,0.29028979173353897
3,0,0.3563670985859334
1,0,0.30032631407229304
1,0,0.3512512845616337
1,0,0.3117265296743228
0,0,0.1957258735338213
0,0,0.232151357373247
0,0,0.18605787945884286
2,1,0.6070464703508133
0,0,0.2416836685964738
0,0,0.22931873291688465
0,0,0.18091626134080616
0,0,0.22190296938511966
5,0,0.3458334488072377
0,0,0.1290706982137999
0,0,0.20694864175798197
0,0,0.24137343549841597
0,0,0.22550763634500934
0,0,0.17688124063362856
1,0,0.30660069679129054
0,0,0.19884383471572292
0,0,0.2669764308320126
0,0,0.17251093020547006
0,0,0.25294444957215095
0,0,0.15718283649823922
0,0,0.2216895797847892
0,0,0.16108979044243
0,0,0.2505722765864027
0,0,0.20016107920697723
0,0,0.11938624675467852
4,0,0.3637823594660081
1,0,0.31445284343269814
14,0,0.330645577046627
0,0,0.2157929069553856
5,0,0.360188348702014
10,0,0.435716403745786
0,0,0.20980467577899678
0,0,0.20929206288061042
0,0,0.22419217091028487
6,0,0.39691774057749235
0,0,0.29494084108004065
0,0,0.2519754540780222
0,0,0.1697290257065828
1,0,0.3214184123175103
0,0,0.21433180428329607
0,0,0.24889754958361754
0,0,0.1480732321996605
0,0,0.2859855471176901
5,0,0.3723452890955607
4,1,0.4850407488457506
0,0,0.2621322990587431
0,0,0.19572184298353174
0,0,0.2807912931344101
0,0,0.22795573546751735
0,0,0.28478476893576093
0,0,0.17264963424339502
1,0,0.3081582467190882
0,0,0.22143848766678412
0,0,0.175411952354861
2,0,0.31293859913913175
0,0,0.2444039817524716
0,0,0.1994779402957291
0,0,0.2799612616803352
0,0,0.27896267756929105
0,0,0.213173883308982
0,0,0.19180946101528454
0,0,0.27524483176627745
16,2,0.5549793465894901
0,0,0.26060646570807267
0,0,0.2618500608542265
0,0,0.16771010856668592
0,0,0.23728705432012015
0,0,0.22503974722317255
0,0,0.23981026924942067
0,0,0.2090257938612712
0,0,0.2564071574931392
0,0,0.27303549914398273
0,0,0.20693421183917934
5,0,0.4042929860951661
3,0,0.31523828774513496
2,0,0.34240571541562514
1,0,0.38638814974059926
1,0,0.4102553852452835
0,0,0.17431484678316977
0,0,0.21922325806467294
0,0,0.17170217218522926
0,0,0.2242726237959094
2,0,0.3267791279948548
5,0,0.3843527114619673
0,0,0.2260046762741286
0,0,0.2786802921798072
0,0,0.25180452043965
0,0,0.2917540717879994
0,0,0.2309248302198314
1,0,0.3089674338967806
26,1,0.45279050718938646
2,0,0.35128898329945407
0,0,0.2740413091913051
0,0,0.2609117880768836
0,0,0.2096100448043726
0,0,0.21011049099399387
0,0,0.22242841083867915
0,0,0.18431729630958774
1,0,0.3003724230293263
0,0,0.15766300431246824
0,0,0.2328131440778686
0,0,0.224609596104458
0,0,0.2480056193563759
0,0,0.2061879820996978
0,0,0.2953458969770132
0,0,0.19951445205153795
0,0,0.1807106432394049
0,0,0.22175171246966266
0,0,0.19767232932933082
0,0,0.16860293251826322
0,0,0.20382706102017709
10,0,0.44293461892253705
0,0,0.24553501802186226
0,0,0.2822084048998492
1,0,0.3188906191701315
0,0,0.17257514608521204
0,0,0.25996180665956586
0,0,0.2085607422429763
0,0,0.23510894065456928
0,0,0.19982995891253225
4,0,0.3411307785108844
0,0,0.2977842273316976
0,0,0.25580919411428893
0,0,0.20243511661582397
0,0,0.18027761264567657
0,0,0.17492526935594332
1,0,0.38669883404768995
0,0,0.23497331418564676
1,0,0.3182982419973177
0,0,0.2731889885481406
0,0,0.19804498031484485
0,0,0.16862595753315462
2,0,0.44551919600853296
0,0,0.17981446826515332
0,0,0.17435664781116733
1,0,0.3429836811538873
0,0,0.2724849918041203
0,0,0.22435733831724117
0,0,0.24720031195594266
0,0,0.19210762995637157
0,0,0.22088965176590522
0,0,0.2382098465407663
0,0,0.2761914985625852
0,0,0.28054487319944654
0,0,0.20569359098803758
0,0,0.2594370512256389
0,0,0.24635579141416092
0,0,0.19451902380075897
4,0,0.36938058891926656
3,0,0.3349387722272082
1,0,0.31272221425286845
0,0,0.18639623247507703
0,0,0.20120556991927901
0,0,0.203809639238015
0,0,0.1543298714049571
0,0,0.237632200446861
0,0,0.18940633043694302
0,0,0.25035216402426724
0,0,0.29681355709666457
0,0,0.17474474640872598
0,0,0.29734145456700467
0,0,0.23141545517923734
0,0,0.18834898319615345
0,0,0.24287930498266608
2,0,0.31563138755924625
1,0,0.39297618982958954
0,0,0.20411183464378002
0,0,0.22263727463162994
1,0,0.31159409568152985
4,0,0.3430660711040248
0,0,0.17178826275195994
0,0,0.2724613367197281
0,0,0.14040569065782774
0,0,0.19767258869385188
0,0,0.1700619557061933
0,0,0.25296427300782187
0,0,0.27747067406386783
1,0,0.4282485567214111
0,0,0.22076356791272075
0,0,0.26395162604971156
1,0,0.33581905202284895
0,0,0.2259807425209224
0,0,0.1867741229797889
0,0,0.15108562090901978
2,0,0.3100347782786473
0,0,0.20116134193893379
0,0,0.20240998470527216
1,0,0.30909655325391056
0,0,0.16601627856134923
0,0,0.22282979623758187
0,0,0.24705029329921524
47,2,0.471795180657489
2,0,0.44417258156835926
0,0,0.1759657115627936
0,0,0.28219185603476077
0,0,0.24515311056225175
0,0,0.22783063419951244
0,0,0.25653147845594965
0,0,0.22150487971926247
0,0,0.27820622812758006
0,0,0.19971232515368598
0,0,0.28141935947254937
5,0,0.42983401096625806
6,0,0.3988483413884994
0,0,0.2550878256435078
0,0,0.2957727341662339
0,0,0.2733529593162565
1,0,0.30737813872562175
2,0,0.3203214457666042
0,0,0.17363278767120313
2,0,0.31083724643895183
0,0,0.28961691695609876
0,0,0.21801840037324327
22,6,0.6335273647179729
0,0,0.2163526335575386
0,0,0.26956715532794356
1,0,0.3420969638196553
1,0,0.3545041762142419
0,0,0.20109622315692152
4,0,0.356478505828949
0,0,0.21625692739910615
0,0,0.2821593487524311
1,0,0.3428303884260835
0,0,0.22354608374485316
0,0,0.2252859579405105
3,0,0.3273651896823077
55,3,0.49629417081035554
0,0,0.19592819947896048
2,0,0.39774275438244716
0,0,0.2760527109278602
0,0,0.2413336917905175
0,0,0.27315643879000406
0,0,0.2871582383153043
0,0,0.28967085799339
1,0,0.30758286930223844
0,0,0.16920397165447837
4,0,0.38366368927797695
0,0,0.1715167387731161
2,0,0.3851304523778026
0,0,0.21846841006306494
0,0,0.281880616804311
1,1,0.5310666201441694
0,0,0.18706598929021429
0,0,0.27398006944539177
3,0,0.37722476153546197
0,0,0.17159923268422075
56,4,0.5464821230223194
0,0,0.14213208259488125
0,0,0.28458443673712747
0,0,0.1921952564300076
0,0,0.18254476611728657
0,0,0.2945171661923
0,0,0.19749069318632254
0,0,0.23700674141047268
0,0,0.23004288580438725
0,0,0.22325987085967575
0,0,0.19315180858882247
0,0,0.2063839036218344
0,0,0.28118780139666955
5,0,0.4140222645396855
0,0,0.17716898687830673
0,0,0.14488023725628046
0,0,0.18474634953577249
1,0,0.3715957067706195
0,0,0.22150256139331073
0,0,0.23044040789656764
1,0,0.41058265664483024
4,2,0.5740017166674384
1,0,0.3139761540204634
4,0,0.32120661010247553
19,0,0.3540435596784866
0,0,0.1905202341318579
0,0,0.27574526008039907
0,0,0.2152419087874001
2,1,0.46643765720265884
2,0,0.3329639697324097
0,0,0.2303302017384258
0,0,0.1760684228298126
0,0,0.23355734757265673
0,0,0.2936947501473608
0,0,0.19627837751535646
0,0,0.19240876879817784
2,0,0.3631833523287281
0,0,0.21421268763881215
0,0,0.16286010654629815
0,0,0.19924844892001123
0,0,0.2189789282177887
0,0,0.2360033385872894
0,0,0.18198300846652252
0,0,0.18371927232527044
0,0,0.2774688165281316
0,0,0.24855604041856955
0,0,0.19879613892918213
0,0,0.2036200829918211
5,0,0.43323564757109967
0,0,0.24275754915064793
0,0,0.1946427391381024
1,0,0.3574147535083097
0,0,0.2077036267675793
0,0,0.2778495535067883
0,0,0.1844907322394136
6,0,0.40636436533743386
2,0,0.4011797280475607
0,0,0.1840633398505021
0,0,0.2826263411832538
4,0,0.3813531452063172
0,0,0.26003268352978925
0,0,0.259248844228253
15,0,0.4218088569142013
0,0,0.19838200389650357
0,0,0.24259885391406272
3,0,0.33261554036992397
0,0,0.25550453929348566
18,6,0.6439082779165677
1,0,0.3603428162874163
1,0,0.38576746432643294
0,0,0.2708034116434857
0,0,0.2926474375307442
0,0,0.1958865948045935
1,0,0.3562975329177941
0,0,0.2572636587764435
6,0,0.33437461579429156
26,1,0.46306585058082705
3,0,0.3353643646307119
0,0,0.2635998787598188
0,0,0.2211970077073828
0,0,0.26101868455954713
0,0,0.267294384873535
0,0,0.21206505850637822
2,0,0.33251606182194876
6,0,0.3879325809498845
0,0,0.22186438072958237
0,0,0.23556516365850264
3,0,0.3954722955010822
0,0,0.24068017136445746
0,0,0.267543216753196
0,0,0.2929727578978294
0,0,0.2056434008248602
0,0,0.2887719584250112
0,0,0.16793324168258783
0,0,0.1588421124053016
0,0,0.17173607312307157
0,0,0.2111098010827499
0,0,0.1624287813227865
2,0,0.39957393818514214
1,0,0.41251873154715
0,0,0.17134509765432612
0,0,0.24526820380823713
0,0,0.25475023457959745
1,0,0.3812263347753765
16,5,0.6383866345546678
0,0,0.1930361881497532
5,0,0.3588957443249209
0,0,0.18880944956118553
0,0,0.19932984398006717
1,0,0.30450466498066875
0,0,0.20057776865628957
0,0,0.2245388377365947
0,0,0.26024413743930597
0,0,0.1475839779801774
0,0,0.24473928342469456
0,0,0.23714379507393477
0,0,0.22431471252412308
0,0,0.17505917475355656
0,0,0.28711638786752675
0,0,0.18874781133711216
0,0,0.28951844755672124
0,0,0.17493235855866066
0,0,0.274020604833539
0,0,0.28194168313759554
1,0,0.3407678374071143
0,0,0.20746730450685555
0,0,0.26112802379473893
0,0,0.19615382685042174
0,0,0.20391783348796244
0,0,0.25071416196458124
0,0,0.29916095587460634
0,0,0.21107051294059198
0,0,0.25651871689690414
0,0,0.23583138821623204
0,0,0.2585610033982599
0,0,0.1810751561836587
9,4,0.49378213999497284
0,0,0.2692309277998434
0,0,0.2574430887184743
0,0,0.20559832422434987
2,0,0.3250456703469891
0,0,0.20904329684420783
1,0,0.30231164150964007
1,0,0.3046083133545138
0,0,0.2873273734490866
0,0,0.21625438780253445
0,0,0.19599773691199435
0,0,0.19265741347065868
2,0,0.4015938614438424
0,0,0.2509053272225665
3,0,0.34032123800648134
0,0,0.17023817558059012
0,0,0.18445548552363034
0,0,0.24139535692714675
0,0,0.22746895030493447
0,0,0.21145375470463876
50,2,0.4827305382626029
0,0,0.2579385523497045
0,0,0.1540094968138
1,0,0.3004117274312707
0,0,0.2476909103427701
1,0,0.33348223460956755
0,0,0.19693485874543637
0,0,0.22101018192085922
0,0,0.2791892295575938
0,0,0.23021063294615346
0,0,0.24787069088797023
0,0,0.17563777705970648
0,0,0.22900957659817126
1,0,0.3795972409073117
150,15,0.6059682363685336
0,0,0.27965585561535033
0,0,0.22728396880490379
2,0,0.3550473384685866
0,0,0.20853085671151045
78,11,0.5037817687313283
0,0,0.21532035250253784
0,0,0.1671587228683045
0,0,0.21650554760019636
2,0,0.33616417766921364
0,0,0.2793885436541055
0,0,0.21726080361439656
0,0,0.1664136854423766
0,0,0.28078789002515214
0,0,0.22360894127567457
0,0,0.20390493340414018
0,0,0.16140713821989383
3,1,0.5714326092878815
0,0,0.2461258337086531
2,0,0.30816888075779364
0,0,0.22420199060189358
0,0,0.20846505655177947
15,0,0.38886750118940955
0,0,0.25363848856250076
0,0,0.24232770042040996
0,0,0.16700346151701187
2,0,0.3640503238323029
8,3,0.4813187429023843
0,0,0.20211634957728988
0,0,0.2290302833214903
0,0,0.26262431377729917
0,0,0.14662067324121933
0,0,0.14665333070999895
0,0,0.16958076157485857
0,0,0.17202843292630404
0,0,0.15227626237416433
3,0,0.31507153214442446
0,0,0.19413223987678394
0,0,0.16659236625540555
0,0,0.2221608893597847
0,0,0.29996709340608074
0,0,0.18826266417932425
0,0,0.233781209298595
0,0,0.17029953465447115
0,0,0.21121360806499304
0,0,0.23906449345748396
0,0,0.19872890439504265
0,0,0.22517564160665599
0,0,0.2043311121603775
0,0,0.22809659545789338
0,0,0.2056175469752858
0,0,0.20120703842334878
0,0,0.18752864462045213
0,0,0.28082574026188817
0,0,0.16968560932873472
0,0,0.26938170264369243
0,0,0.1717426742105981
7,0,0.34383864397750175
0,0,0.16842490622856265
13,0,0.40663766869548273
0,0,0.2005146235049831
0,0,0.24652606697410515
0,0,0.1929379381671669
0,0,0.2467109781637267
0,0,0.2223856951935883
0,0,0.2630405720760589
1,0,0.30546340693520385
0,0,0.20321607037828923
0,0,0.20069555305105438
0,0,0.17633900563732532
1,0,0.32295957812864634
0,0,0.22104398495757815
1,0,0.3215460620944619
0,0,0.17481461592249464
0,0,0.20222231791304698
0,0,0.1428616511050072
0,0,0.2015770383175994
0,0,0.16750504198164037
0,0,0.2725923453410559
0,0,0.2652887656703743
0,0,0.24699773850428375
0,0,0.20784775392535365
0,0,0.19528284287579942
0,0,0.1564090386957684
0,0,0.29400651276346806
19,6,0.604083637008822
1,0,0.3064362822459869
0,0,0.23706305009405643
0,0,0.23640011507832276
0,0,0.21127715805849304
3,0,0.3599273516397338
0,0,0.23395846445056626
0,0,0.18081309945029064
0,0,0.1907917747080158
14,3,0.5550181013067618
0,0,0.21794485547075587
0,0,0.27016577227006605
0,0,0.20016445120318704
0,0,0.2919073318711775
0,0,0.21461248675719707
0,0,0.24579512425724587
0,0,0.2151953824242974
0,0,0.18036006372550317
1,0,0.3386383447918715
0,0,0.26595579447985435
0,0,0.18118301695859315
0,0,0.28305262532959047
0,0,0.18444164477238945
1,0,0.3334837772590668
0,0,0.2719634852336181
0,0,0.2136430422092998
133,34,0.7022185582541335
0,0,0.2557626619378936
0,0,0.23891262079942238
24,0,0.38795781192953477
0,0,0.18807016767232
0,0,0.20942116260567778
0,0,0.25876362136250913
0,0,0.26083946593369484
0,0,0.22359446948143297
0,0,0.2144342604642767
18,3,0.5420545343436973
0,0,0.23108947736923086
0,0,0.23332284908812537
0,0,0.23506796472269706
0,0,0.2526124921491445
0,0,0.15859509700126365
0,0,0.24805156085378705
1,0,0.3746490052362218
0,0,0.2688218787619993
0,0,0.2478822253393714
0,0,0.2640016884729559
0,0,0.22431754656792147
0,0,0.14951867467843588
0,0,0.18982392691417566
0,0,0.21246315239011804
0,0,0.15982654245942401
0,0,0.13220787377618812
0,0,0.21077568263008795
11,3,0.5445511452555273
0,0,0.24096517926695082
0,0,0.1932756511267474
0,0,0.2075951375629736
0,0,0.240083799075651
0,0,0.2825050207257943
0,0,0.2443022463259178
0,0,0.22237401945347776
75,13,0.505208458805237
2,0,0.30772124154996244
0,0,0.20267684480411163
21,1,0.4831026837550706
0,0,0.23768594479666105
0,0,0.22831947844419712
14,2,0.4809399011314596
13,1,0.49558205885348067
0,0,0.28611480619587204
0,0,0.27377613711352206
0,0,0.26383505571682014
0,0,0.18953951004082814
1,0,0.3234664673721861
0,0,0.2869026476437402
0,0,0.2557957106371868
1,0,0.3040340904043423
0,0,0.2243842141164581
0,0,0.2262345321694275
0,0,0.18683372995000275
0,0,0.19112707471359383
5,0,0.42594019779427744
0,0,0.1546765096165244
0,0,0.27570027923000245
1,0,0.32448887435333906
0,0,0.18939206836220282
0,0,0.25125949263026354
13,1,0.46029602609500897
0,0,0.22407836985005264
0,0,0.18724558998398497
0,0,0.19843484370546716
0,0,0.2637683885777451
0,0,0.2236881381970249
0,0,0.2643937524080812
0,0,0.23731799160373032
0,0,0.2871871600161737
0,0,0.21190776711947049
0,0,0.19276939907307308
1,0,0.33149127490910973
0,0,0.2710659291651872
0,0,0.18894499362827719
0,0,0.29123840523434785
10,1,0.5160994520862756
0,0,0.2419129202417332
0,0,0.22448871285922473
0,0,0.2592969480919425
11,0,0.4319019944418329
1,0,0.3681990364770052
64,4,0.5586373170596279
1,0,0.337063077155115
1,0,0.3453408395996193
0,0,0.226366443273763
0,0,0.2208688049471529
1,0,0.3376402000702482
1,0,0.3032841808382185
0,0,0.2952032924074908
0,0,0.2725572436673123
1,0,0.4037296799089677
0,0,0.2049288215642266
1,0,0.34577565751718176
0,0,0.19088217842108024
0,0,0.16107147067434302
0,0,0.21183229865935274
0,0,0.1885081445535834
1,0,0.30906077709382235
0,0,0.22223497124571603
0,0,0.23816305895396994
0,0,0.20842219081768135
0,0,0.22952220664522707
0,0,0.20967893462872952
0,0,0.2893586899490389
0,0,0.2404195787076168
0,0,0.17876456063846996
0,0,0.24015681815849954
0,0,0.24084995836765916
4,0,0.41280050433276366
10,6,0.5119590873494516
0,0,0.15255136505138506
0,0,0.22894621983017444
0,0,0.20138993776186892
0,0,0.2122463674494039
0,0,0.23055880398163098
11,0,0.3255035412190961
1,0,0.3142543319847913
0,0,0.20789993284618827
1,0,0.3530897939507124
2,0,0.3143703047795518
0,0,0.20313539074389433
1,0,0.30843471895317864
1,0,0.40613577842258686
0,0,0.238514123004611
0,0,0.20939165346071326
0,0,0.15222143586784956
0,0,0.2571480403280018
0,0,0.20554349284452766
0,0,0.22618151989370575
0,0,0.19509796608510552
0,0,0.2895058552060653
0,0,0.22437168687505257
0,0,0.14886540147678695
0,0,0.29026361211587753
0,0,0.20235574368817716
2,0,0.42307004967814144
1,0,0.32319148317966095
0,0,0.22111843036178772
27,0,0.3916320040107532
0,0,0.20365573148468888
23,2,0.5834364012114508
10,0,0.3793747584801791
6,0,0.3711223206137537
0,0,0.23064333117377447
0,0,0.21538327023349857
11,0,0.3610355283261325
0,0,0.2736675217084925
0,0,0.17962160467925212
0,0,0.20944770870405174
0,0,0.2436027780131364
0,0,0.2284893753667416
0,0,0.2721229418031036
0,0,0.2779678876874787
0,0,0.21233554490373852
1,0,0.43148411434079353
4,0,0.36924908283162905
0,0,0.2598978696575593
0,0,0.1843029641707009
0,0,0.24215487901231164
2,0,0.3988961275382543
0,0,0.24804322676583745
0,0,0.18072502210151067
21,0,0.35762633726100324
0,0,0.17304954200502257
0,0,0.244683125629663
0,0,0.19178716856377312
0,0,0.1964183141453226
0,0,0.24954587130333536
0,0,0.20520975678035347
0,0,0.24900322820806078
12,0,0.35363539979530934
0,0,0.19381821446636938
2,0,0.3415350406727464
0,0,0.24324935390823035
4,0,0.40293679319743436
0,0,0.2556402912947614
87,16,0.6311928682421406
0,0,0.1942184609690223
0,0,0.2555950732481209
2,0,0.31537648577870653
0,0,0.183637811862476
0,0,0.17997021059607182
0,0,0.2462067065399306
0,0,0.20657790354926328
0,0,0.2637656614962846
6,0,0.34344645807788826
0,0,0.20110675902959882
0,0,0.1902279914635333
0,0,0.29926783753196773
0,0,0.16476036211294798
0,0,0.2966651195324232
1,0,0.3012267439121154
1,0,0.3225068716103446
0,0,0.27738944362599044
0,0,0.22707106773110025
3,0,0.3455852920275653
0,0,0.19859257408859105
0,0,0.2181232354715839
0,0,0.2908609267463817
0,0,0.2971075722263577
6,0,0.38342923669449464
0,0,0.21578882878960995
0,0,0.18083386079078848
0,0,0.18276200697660216
0,0,0.21247545186289904
0,0,0.29671698005433733
0,0,0.28931431091719834
0,0,0.26058883308531106
0,0,0.27568507205108805
0,0,0.1915965942354488
0,0,0.19233404184932376
1,0,0.3224538499271025
2,0,0.3115830727174723
0,0,0.19490662821804172
0,0,0.20010448676241296
0,0,0.26067982978174487
0,0,0.18768838799332868
0,0,0.24718302137985454
0,0,0.2894527663169129
0,0,0.22537930665527503
0,0,0.26019300208075397
0,0,0.23465802899374863
0,0,0.16174651934229292
0,0,0.2179292568267288
0,0,0.19216509960984132
0,0,0.23169365876107817
0,0,0.27918543498374104
0,0,0.20176023895793826
0,0,0.18775589553141217
0,0,0.2658694507962558
0,0,0.22581680462093529
0,0,0.24271418697690897
1,0,0.3295766580065719
2,0,0.32451381766924836
0,0,0.23379478137899676
3,0,0.3136662159539235
0,0,0.15474738564529159
2,0,0.3708911175906098
0,0,0.1994728208008009
0,0,0.1967783618901281
1,0,0.3173121565204247
1,0,0.4083613029958618
0,0,0.2633005962842103
8,1,0.5158102167888479
0,0,0.28940057411825637
1,1,0.46436972039152485
60,2,0.4849192655564745
0,0,0.17512904898489065
0,0,0.22423143750596383
0,0,0.2320675872657571
118,14,0.5970186125884451
0,0,0.18815485434833115
0,0,0.21528781031823307
0,0,0.22460339059392326
0,0,0.2312988395263387
0,0,0.2131848608159001
0,0,0.19360687653774006
0,0,0.18526548470236356
1,0,0.3044310628650565
1,0,0.30295755850761763
0,0,0.254580649944664
5,0,0.3945012534655342
4,0,0.3493966093500166
1,0,0.34293362271066286
0,0,0.19670784302111693
0,0,0.25996819999515364
0,0,0.16689205903211776
0,0,0.2264478163041235
0,0,0.23825863078939477
4,1,0.47241637010117554
0,0,0.22883603751037346
0,0,0.1872422065180999
0,0,0.24102553850501937
4,0,0.3475092031945683
0,0,0.1981442293703338
0,0,0.25416345972933685
3,0,0.377561186671985
1,0,0.31458279084054475
0,0,0.19043223593309969
0,0,0.21793210901397245
0,0,0.2274793936520477
0,0,0.21164506120519902
0,0,0.21828209029902534
0,0,0.2307425389021286
1,0,0.3131472371689177
1,0,0.30555314494719615
0,0,0.1652714263729016
0,0,0.19596129861946868
0,0,0.25106856387185517
2,0,0.317091334607148
0,0,0.18051720815767985
0,0,0.22104678521987506
0,0,0.2767095883739865
0,0,0.24908672881134336
1,0,0.3198252987191967
0,0,0.23664037142528296
0,0,0.24760046561862625
0,0,0.2165694822070576
0,0,0.258736831147366
0,0,0.19853057951750594
0,0,0.224373099309994
0,0,0.23353010656162804
31,0,0.43055502910818744
0,0,0.19806000838815646
0,0,0.25246104717358514
0,0,0.24015416029617714
0,0,0.204956835153661
1,0,0.30994495558635915
1,0,0.376629850607233
0,0,0.2630082366573344
0,0,0.1947752972362804
0,0,0.17585907246891766
1,0,0.40542008520924794
17,1,0.455799854439771
1,0,0.34972856190565066
0,0,0.191418132732247
0,0,0.28264871500392186
7,0,0.39899922181752057
0,0,0.24749192861186312
23,0,0.3214499261777166
7,0,0.3589163025391878
0,0,0.18494308371937235
0,0,0.2649098769825256
0,0,0.2798094874448112
1,0,0.3050047810173759
0,0,0.22286461494019275
1,0,0.3386921630025641
0,0,0.20347057566511145
0,0,0.186220053727631
0,0,0.28818414572600703
5,0,0.39184008526852043
0,0,0.24629499274096792
0,0,0.2804740303072854
0,0,0.19601113881760365
0,0,0.24508832695639593
0,0,0.19444897257738178
1,0,0.3810321177644042
0,0,0.1862334569851221
1,0,0.3177987731950861
3,0,0.3691101320491457
1,0,0.3016411486126994
0,0,0.28347853024857333
0,0,0.20213846396761967
0,0,0.24470722328126615
0,0,0.24952756246669272
0,0,0.2034272924902826
0,0,0.26410401223436203
0,0,0.22416642457965355
0,0,0.20077302780396222
18,3,0.5410711193690226
0,0,0.28455925131918675
2,0,0.31110443358545503
0,0,0.2987472888145757
0,0,0.26645188468213343
5,0,0.3555812114987989
66,3,0.5165514555689357
0,0,0.23476847008813145
0,0,0.17004489353514723
1,0,0.3053226357926464
0,0,0.29042485976791554
0,0,0.19958523940279504
0,0,0.23658571213659363
1,0,0.35603599931397906
0,0,0.2643083865988872
0,0,0.23250553350693823
0,0,0.1541498405884674
0,0,0.2139274307493114
0,0,0.2420028675132245
0,0,0.1828690644293493
10,3,0.49976068939784685
0,0,0.2754107270973166
0,0,0.23307257569183149
0,0,0.1712630065551455
0,0,0.1647535385083673
0,0,0.2010974962847272
0,0,0.2634285294254504
0,0,0.24451309479587124
0,0,0.23627075334854467
0,0,0.2907147210607853
0,0,0.2417754809624391
0,0,0.21007292303506384
5,0,0.40650281115026504
2,0,0.3921653404290712
1,0,0.3315594227139674
2,0,0.38282505789078014
0,0,0.2512280907610373
0,0,0.1961316554547113
0,0,0.2644578454667312
0,0,0.2528627418422057
0,0,0.19587426927378032
0,0,0.17120313767884132
0,0,0.2719717130418467
0,0,0.18344892709049176
1,0,0.3090296027138092
0,0,0.252865185969013
0,0,0.23346643019121724
0,0,0.26240823379938977
0,0,0.22619429172293146
0,0,0.19223591852855443
1,0,0.44922311305797
1,0,0.31553165270750877
6,0,0.39575496792455367
0,0,0.24102528579851693
0,0,0.24045431647840163
0,0,0.16044365769480726
113,24,0.7182331517464607
0,0,0.2213818999853631
0,0,0.2357573356431332
0,0,0.27942770851165993
0,0,0.298715299610159
3,0,0.34329515139521893
0,0,0.2171091369872534
0,0,0.27651184752563396
0,0,0.21426195866369552
0,0,0.26207815124930073
2,0,0.3535718175907412
4,0,0.34640875500745066
0,0,0.17475142261547424
0,0,0.17945975323462623
4,0,0.394442959917867
0,0,0.2193086488121553
0,0,0.18033028508351254
1,0,0.33783241911618156
0,0,0.2960832644184003
1,0,0.31568698949290985
0,0,0.2403042383963209
1,0,0.32149239466316265
1,0,0.3066505727760841
0,0,0.1956751416401475
0,0,0.20468059241623776
0,0,0.21138531064824717
0,0,0.2145686712742777
0,0,0.23326556734748022
0,0,0.2273827410819926
0,0,0.16662670494736154
0,0,0.2104393090806132
1,0,0.3070996592099802
0,0,0.27669157466109423
0,0,0.24053788099742587
0,0,0.224736354715042
0,0,0.2892582160032665
0,0,0.2519337207879665
0,0,0.2414422539386474
0,0,0.1693524774050581
4,0,0.35452529357592316
1,0,0.3337660329628297
2,0,0.3177774606684197
0,0,0.21184564380997958
0,0,0.2116769350666891
0,0,0.19508114527434087
0,0,0.1993375588317119
0,0,0.1744499334218575
2,0,0.3167053461620835
0,0,0.2826080878295155
0,0,0.18545753924064642
0,0,0.2793893911092348
0,0,0.20052180663544264
0,0,0.21585720505964892
0,0,0.19247871070426784
0,0,0.1812224499442773
0,0,0.2458359835093484
0,0,0.20159248691466383
0,0,0.20111542851883485
0,0,0.19295867785096854
0,0,0.2263348398951404
0,0,0.23870384021778185
0,0,0.23625561256763988
2,0,0.3660611843826464
1,0,0.31022449548168324
0,0,0.2328125949955757
0,0,0.29282614723500316
0,0,0.20246676036772826
3,0,0.3766752567120281
0,0,0.2770012167799292
0,0,0.21145389101931691
1,0,0.30927281820050023
0,0,0.23325570051852051
0,0,0.26883706129122564
0,0,0.19087768433334268
0,0,0.21797069652850623
1,0,0.3061241239409136
0,0,0.25079376479795973
0,0,0.2312261090439751
4,0,0.4282567718485261
0,0,0.26766216130202836
0,0,0.2009160397247024
0,0,0.1776192422259254
0,0,0.16490437203729014
0,0,0.20595510607497175
0,0,0.25485008544954824
0,0,0.22068138800719664
0,0,0.23750495454538426
1,1,0.4609629060710547
1,0,0.34566217346151007
0,0,0.207113556678396
0,0,0.2766446066704621
0,0,0.2520084362641693
0,0,0.18111277117013444
0,0,0.20113383624742268
0,0,0.17011305005938443
0,0,0.23133571480292334
0,0,0.19951485167115168
0,0,0.21064815666660464
0,0,0.26689553885228495
26,1,0.4839657786353553
0,0,0.19518376631316933
0,0,0.19698300869099433
6,1,0.4534742177327601
0,0,0.20675657803163883
0,0,0.23791129823023233
4,0,0.3635820971740128
0,0,0.2465615364008866
0,0,0.20956037123440244
0,0,0.1510790780277664
0,0,0.26407283289839417
0,0,0.23143501261603983
0,0,0.26138652650670086
0,0,0.21094565493416453
2,0,0.4397323395246882
0,0,0.15556371733799487
0,0,0.19018122376319774
0,0,0.24476452171166221
0,0,0.23082043205684194
0,0,0.18199755398751008
0,0,0.24055330634433536
0,0,0.19551467220869725
1,0,0.3826119731526865
0,0,0.19418149594260567
1,0,0.37726332108887795
0,0,0.22852093665592593
0,0,0.2987990409893655
23,5,0.5141422267832434
0,0,0.27319169642603225
4,0,0.4257767310118953
0,0,0.23394922324621373
0,0,0.26643567571705995
0,0,0.22649954902634592
1,0,0.33548514908009497
0,0,0.18987089265640852
0,0,0.20393692978923159
7,5,0.5101141071923995
1,0,0.30824835891843577
0,0,0.24969756851695435
0,0,0.2019108191818289
0,0,0.15952610256383418
0,0,0.24324259680832522
0,0,0.26825503064451284
0,0,0.19900273309579755
0,0,0.1598261991913657
3,1,0.518561918038164
43,1,0.46239869969944947
0,0,0.17433335611412334
0,0,0.25468526625688387
0,0,0.20027394415431513
0,0,0.19189848537295434
0,0,0.19346384901932967
0,0,0.17978767842565133
0,0,0.23637350553176972
0,0,0.19558204645976762
0,0,0.2169803601855518
0,0,0.2145152005462326
0,0,0.24775405883626173
0,0,0.23701257224944164
0,0,0.2086622732234462
0,0,0.272923779517949
10,0,0.4421915628429696
0,0,0.20825091418184002
2,0,0.3417902989841213
0,0,0.22201594628391427
1,0,0.30733731300365935
0,0,0.20713972817233975
0,0,0.2147629956379946
0,0,0.17025250957542906
0,0,0.23711259410850666
0,0,0.17924652380251874
0,0,0.16431801051165204
0,0,0.24866903649418426
0,0,0.2620405492179061
0,0,0.27197542998418733
0,0,0.21693421795799256
0,0,0.17934907096802885
0,0,0.17441845142936233
0,0,0.279320147019478
0,0,0.20438530511681838
2,0,0.3237400020252123
21,0,0.37513941975315224
0,0,0.29368144225216086
0,0,0.2600134184042468
0,0,0.1984467346694286
0,0,0.16587821744255615
0,0,0.2994913615950364
2,1,0.5257308465690925
0,0,0.2608369385279687
0,0,0.29227975450577304
0,0,0.23847683113633464
1,0,0.3331580664088678
1,0,0.32272235745471683
0,0,0.21336814372816354
0,0,0.16638247887204818
3,0,0.33666697503466214
0,0,0.22770566439056017
0,0,0.2958619845261179
0,0,0.24661756042163485
0,0,0.16409223493692682
0,0,0.2972203786277931
0,0,0.26659514812915625
0,0,0.27125969702060626
0,0,0.29356583369956424
0,0,0.23214406782414507
0,0,0.20827300594478484
0,0,0.20928231736745354
0,0,0.18012002294546658
0,0,0.22264707079730556
0,0,0.2665419088390185
0,0,0.20505956194844416
0,0,0.2517375144641806
11,0,0.4492874878887547
0,0,0.2832535802780525
0,0,0.2440055161794678
0,0,0.24052988480154835
35,9,0.5816923308402969
0,0,0.22467165112579734
0,0,0.29417451526690575
1,0,0.3666445902496474
1,0,0.3058699471607163
73,1,0.45204559164968816
0,0,0.24161220498095573
2,0,0.37026032772508016
0,0,0.24292777956213304
0,0,0.29815239306850005
0,0,0.22627749170096545
1,0,0.4139251954743361
1,1,0.46266332886318073
0,0,0.22247918691204618
0,0,0.16724879846850743
0,0,0.18358243138759908
7,0,0.44196422102876864
0,0,0.19182556123314032
0,0,0.19902628234918404
0,0,0.1893185037476784
10,0,0.42560528283553295
0,0,0.2223713666885635
2,0,0.3121459668596207
0,0,0.22866871416240173
0,0,0.2769439018511012
0,0,0.2337720129292888
0,0,0.19144301937826502
0,0,0.18798269890101935
0,0,0.20929276854712392
0,0,0.22523807768448376
0,0,0.21370244427273535
0,0,0.17533352512727526
0,0,0.23602585508909105
0,0,0.23115303448125302
0,0,0.24282756705053501
16,1,0.46765894984222817
0,0,0.19810516047147297
1,0,0.3474198518498018
2,0,0.3441381534931593
0,0,0.27267181634693827
4,0,0.37238907517997755
0,0,0.26702091577125164
1,0,0.31298651983272646
0,0,0.19482955047218928
0,0,0.2708353032039717
4,0,0.36823227888574384
1,0,0.30559075754281706
0,0,0.24169289249127898
0,0,0.2441971398860273
30,2,0.48391012676321343
0,0,0.22894279423274255
0,0,0.2142760331053311
0,0,0.29218471899553755
26,0,0.38245024308590925
0,0,0.18352431504795297
0,0,0.2309208690566563
0,0,0.28432852063540154
0,0,0.2722193242354909
0,0,0.2225647061622993
1,0,0.30043261353480794
6,0,0.4080575728289208
0,0,0.20982028552698967
0,0,0.2581908319265242
1,0,0.30762534713998824
0,0,0.16822682838964234
0,0,0.2546597608779623
0,0,0.28603461943019065
0,0,0.26300022910286713
0,0,0.25261888516920844
0,0,0.19979306418035153
0,0,0.1989372240735541
1,0,0.3465327000179988
16,1,0.47349118944591695
134,4,0.5582223413201318
3,1,0.5239478691543402
0,0,0.1669325875537604
0,0,0.1997566891775356
0,0,0.17305109041050173
0,0,0.23136865315912927
0,0,0.2937968198289727
1,0,0.3342350953754746
5,0,0.3781972019410235
0,0,0.1823776491866945
0,0,0.24560928524663142
10,0,0.40835286351976097
0,0,0.23266645712613845
0,0,0.15698864440981602
0,0,0.28530996209911397
0,0,0.20319798975144715
0,0,0.17252751829251722
0,0,0.20310941002425148
0,0,0.24940207810170412
0,0,0.2529199454950617
0,0,0.23438889994913
0,0,0.22007221149479347
0,0,0.27125966309328364
1,0,0.4460217598074084
0,0,0.1842258564680503
6,0,0.4010522612118631
0,0,0.2525286281976615
0,0,0.16573053856032088
0,0,0.18493622982201482
0,0,0.16939092835304223
1,0,0.3156617638495855
0,0,0.2601336311309144
2,0,0.37165223077803583
0,0,0.29973633930805316
66,1,0.4976298355057159
0,0,0.280879083406301
0,0,0.2431594316491901
9,0,0.3985158821788901
0,0,0.18078236414968765
0,0,0.18250302335016955
2,0,0.31612758032816507
1,0,0.3125354308104646
2,0,0.3123785973626344
0,0,0.1900006368002032
3,0,0.31502851692709727
19,0,0.44138472931463907
0,0,0.20906566061514184
0,0,0.2695785994284029
0,0,0.19665637788548168
0,0,0.24448282762620313
0,0,0.29932923837563624
0,0,0.28673002473340153
0,0,0.25489184699648304
4,0,0.32688248959680083
0,0,0.23191064004900275
0,0,0.20688160981798456
4,0,0.3166678159984234
0,0,0.1976813712562021
0,0,0.29063245429669027
0,0,0.2694095787096851
0,0,0.29271370399489677
0,0,0.2762616896406139
4,0,0.41883617040959253
0,0,0.178649511170644
0,0,0.23172122224221997
0,0,0.19561864775464183
0,0,0.21164081404053525
0,0,0.2504794837643378
6,0,0.33903033019148243
0,0,0.2559560126327452
0,0,0.222164474477995
0,0,0.2535649167509822
1,0,0.3068192850421279
0,0,0.21816975544932257
6,0,0.4006614334560161
0,0,0.17064914185268942
0,0,0.2679047964985654
0,0,0.2510102805063903
0,0,0.20843454320040627
1,0,0.3381667333542251
0,0,0.1691568299387814
0,0,0.29491132642459494
0,0,0.16303845822290203
0,0,0.2593418401592385
0,0,0.20139672295265368
1,0,0.382810357219285
0,0,0.2613207603236079
0,0,0.20778076782382054
0,0,0.2167837858196606
0,0,0.17253657638770184
4,0,0.34552454116449066
0,0,0.2758144044132686
0,0,0.17750549819066816
0,0,0.2170336359430075
0,0,0.19276031086717182
2,0,0.3576404229199096
0,0,0.15408732449406137
0,0,0.21611777568797305
0,0,0.2279776781376406
7,0,0.3955414171704973
0,0,0.2668213710294423
0,0,0.18223416730955555
2,1,0.45466782948756657
0,0,0.22183768862905073
0,0,0.19743714768513637
0,0,0.23034335706205764
0,0,0.16014790377881516
0,0,0.25320306476883897
3,0,0.33483269800256116
2,0,0.36005880299777104
0,0,0.1674018920934475
0,0,0.161845714205325
1,0,0.3135671600827522
0,0,0.1471209205435108
0,0,0.16450764959248937
0,0,0.1662125389986436
0,0,0.2776529420474088
0,0,0.17283157582625744
0,0,0.21946240998768562
0,0,0.20241420274362953
0,0,0.21372128069707774
0,0,0.278879514781561
0,0,0.18733208013731176
0,0,0.15688113578694907
0,0,0.25636985269412776
0,0,0.20663846636904337
0,0,0.23259865043643538
0,0,0.23165856292392661
0,0,0.20466687603303405
0,0,0.23599217440688444
0,0,0.18407810491178098
0,0,0.2705316701550397
2,0,0.3325767929689522
3,0,0.3577407366846535
5,0,0.3989148155555379
0,0,0.18055481711357446
0,0,0.2776440636627586
1,0,0.3916255170278499
0,0,0.23355625444313807
0,0,0.2795917122876453
0,0,0.21446874812785527
2,0,0.3679131447365709
0,0,0.23475796946151004
0,0,0.27548711662516434
0,0,0.28059516613620367
0,0,0.20731425441193857
0,0,0.29401448269642566
1,0,0.3572217970185166
0,0,0.2011556853519829
0,0,0.2137347661234841
0,0,0.28295713787098703
0,0,0.2249096697389763
2,0,0.31684560387764205
0,0,0.22215274273891994
0,0,0.2487127592285296
11,0,0.36837831979088753
1,0,0.3009927899448259
0,0,0.20284442827706758
0,0,0.28274518006817245
0,0,0.17834644192867694
2,0,0.42825428313113284
0,0,0.23496828422298568
0,0,0.2386429334383782
0,0,0.1499079273729777
0,0,0.21488420543981407
0,0,0.29564891348542816
0,0,0.17399337020490835
0,0,0.24942742554525751
0,0,0.2382664045366612
0,0,0.23528539413406815
23,0,0.4484758289264903
0,0,0.2427858472488642
0,0,0.27005912752228467
0,0,0.2729431709591965
0,0,0.23130214113260042
2,0,0.3807649738856159
0,0,0.22763273977023604
0,0,0.19364066862756385
0,0,0.17420330761379246
0,0,0.1980318213241926
1,0,0.32159690123713897
4,1,0.5089089752868049
0,0,0.15914132805716527
0,0,0.23603213286151792
0,0,0.19037567895804486
0,0,0.24146573111569095
0,0,0.27626886775507015
0,0,0.19828928002308285
0,0,0.2170674223083685
4,0,0.38106675583559885
0,0,0.19873012931806178
0,0,0.17266953980008806
2,0,0.3224397131762955
0,0,0.24409450431364096
0,0,0.2387315574914695
0,0,0.16074016904940036
20,2,0.4606345766562331
0,0,0.17517243861750567
1,0,0.4000155066232347
0,0,0.2199441131527666
0,0,0.2899174999068151
0,0,0.2894405121163235
0,0,0.1604088912251418
2,0,0.3528578413615191
0,0,0.213211737932811
0,0,0.1872186984159977
2,0,0.378789851777292
4,1,0.5778996581815414
0,0,0.2558875275259637
0,0,0.21541300194701735
0,0,0.24115732423622288
7,0,0.38703413419183125
1,0,0.4260641031318883
0,0,0.1733831518845813
0,0,0.20903882967046886
0,0,0.2725598173332269
1,0,0.3046054472170364
0,0,0.24133980235835975
0,0,0.2657643304664706
14,0,0.4288607612785147
0,0,0.28804466991500816
0,0,0.19486667307240396
0,0,0.23264338545094626
0,0,0.19529716542747044
0,0,0.22629541375343182
0,0,0.16156965510678578
0,0,0.2659463067782048
1,0,0.3549239446645646
0,0,0.2841514910306538
0,0,0.2316562389419851
0,0,0.18971277489431884
0,0,0.19871121546165177
0,0,0.21675692726833734
0,0,0.26384241667413855
0,0,0.18561385504478847
1,0,0.3165599365761202
0,0,0.2447642824078027
0,0,0.27548853202781576
7,0,0.3857788943916686
0,0,0.24662654110918952
0,0,0.21159411038842726
0,0,0.15313283196350108
0,0,0.22929677137022128
0,0,0.18593211358288297
0,0,0.1960893939310573
0,0,0.18752414966227385
0,0,0.2903236956037382
27,1,0.4981175097674175
2,0,0.32976990338538203
0,0,0.2624729499474492
0,0,0.1900046885554201
0,0,0.2768897207233098
0,0,0.2640643383447541
0,0,0.20791809710545428
0,0,0.18557919654691946
0,0,0.17419691701707807
0,0,0.2779179869375682
9,1,0.4521708842955328
0,0,0.23005950912234827
0,0,0.20973833012674775
0,0,0.20105505154433384
0,0,0.19621625220117225
1,0,0.3295924284107721
0,0,0.20818648251723007
0,0,0.23290484987879556
0,0,0.29950785923384005
0,0,0.19579279586270068
0,0,0.18456976989627658
0,0,0.27678889421597896
0,0,0.17298416115226417
0,0,0.2850563592778117
0,0,0.2867391220565632
1,0,0.3089028397448982
0,0,0.23436309851464432
0,0,0.2874145792409691
0,0,0.1930127534865805
0,0,0.2221219979641002
0,0,0.2945301226272396
64,4,0.5823518468459159
4,1,0.489934359206786
0,0,0.18320228539326022
0,0,0.17567598895359252
4,0,0.39459627162478883
2,0,0.3438857858385012
0,0,0.18283209628986657
0,0,0.2897299848630093
0,0,0.18002678853525347
4,0,0.41333167686756644
0,0,0.21696463421843518
0,0,0.2117126344278598
0,0,0.2799193942607231
0,0,0.1970816049966324
0,0,0.2856937400580546
0,0,0.227721941437144
0,0,0.23435302366408048
0,0,0.18484617811323875
1,0,0.3407617323450223
0,0,0.17871248327883485
0,0,0.21590039199412622
0,0,0.24772201896070234
0,0,0.1416203567892767
2,1,0.5064929604216252
1,0,0.3590201897502878
0,0,0.164229474811072
0,0,0.20175510946296246
0,0,0.28086048053902135
0,0,0.16936147049947042
0,0,0.15028318487287662
0,0,0.203613921391079
0,0,0.19581523812079352
0,0,0.18354578741112465
30,1,0.4650405020034241
0,0,0.20887165278801856
1,0,0.3022039658998613
0,0,0.22970749971696436
11,0,0.41779177019625635
0,0,0.20172251008281933
0,0,0.19764368496179763
0,0,0.17273328410416702
1,0,0.43148297439943073
5,0,0.3534766067947847
0,0,0.2766340319781613
0,0,0.1909080356809012
0,0,0.2635772213612865
0,0,0.24998843562298503
0,0,0.22068682452128763
0,0,0.28488491475429123
0,0,0.28545480859892236
0,0,0.2140425764283493
0,0,0.23259058407318275
0,0,0.2596142242644016
7,0,0.41208282997661516
0,0,0.25122876275974987
0,0,0.22060459059995982
0,0,0.2081515124133433
1,0,0.33353064260990134
0,0,0.22125974170876606
1,0,0.35119527428204067
2,0,0.405691954575475
0,0,0.1829243070051546
0,0,0.229558292636469
0,0,0.2927472177524112
0,0,0.26861631320972795
1,0,0.30273684260214273
0,0,0.20236188347708534
0,0,0.2182638617191993
0,0,0.2190415404811367
0,0,0.14618183736039228
8,0,0.40780490842965705
0,0,0.2705487211521217
0,0,0.2671075998408635
0,0,0.28392137127501377
0,0,0.2026576485993713
0,0,0.15720218983588724
1,0,0.31396454376525545
0,0,0.17228191814799185
0,0,0.23733331844068514
0,0,0.21392104593906563
2,0,0.40878401113883683
0,0,0.23143412770041683
11,0,0.37080714303407775
0,0,0.18426369735768944
0,0,0.29228458332752716
0,0,0.2087095292310363
0,0,0.19739314572045807
0,0,0.18393330828340484
0,0,0.26053602587004376
0,0,0.2589689637957793
0,0,0.23224309028488005
0,0,0.27401887819338633
0,0,0.2863297395926184
1,0,0.42034580368798924
1,0,0.3022341895710029
0,0,0.27631032933211486
0,0,0.23192650598120398
0,0,0.2739884958981585
1,0,0.33713853186479315
0,0,0.14011008837312391
0,0,0.26938481816193416
0,0,0.22507259365976284
0,0,0.21779770832298725
0,0,0.25756793883866075
2,0,0.33282642675056684
0,0,0.21971958301765485
0,0,0.2757299263392397
0,0,0.26702186783701787
0,0,0.16640014710884818
1,0,0.3425316002773894
0,0,0.1911478172297071
0,0,0.2859490070834772
0,0,0.26170550958385747
0,0,0.27749376221212385
0,0,0.20012099224739371
0,0,0.16752015338010465
0,0,0.19184885189505657
1,0,0.44945450088831557
1,0,0.30521003807857994
1,0,0.3314122316546949
0,0,0.19970431799411334
0,0,0.17678956279522956
0,0,0.1986541826660796
0,0,0.1968457220319469
1,0,0.3476247548982992
0,0,0.18186412977232633
1,0,0.3478514496165121
0,0,0.28564724091207766
1,0,0.3586910286587184
0,0,0.16108056091840803
0,0,0.26268147315501694
0,0,0.24478896126603136
0,0,0.24610548654692835
0,0,0.2042140835338379
0,0,0.2880886904741844
7,0,0.43191021527270546
0,0,0.2350445252526703
4,0,0.3535896927248669
0,0,0.15176199565363932
2,0,0.3126108226594563
51,4,0.5295551587263102
0,0,0.1943150794050123
51,11,0.6250582056994566
1,0,0.30403045847948457
0,0,0.2897740918422068
2,0,0.3512948746540079
0,0,0.2089596906779366
1,0,0.3011942684093943
0,0,0.19499931523912867
0,0,0.24923473106028896
0,0,0.15225218664957957
4,0,0.35317807071288726
0,0,0.22490443989537276
0,0,0.2646251711930189
0,0,0.16166351916888172
0,0,0.22867414905496325
0,0,0.23332567724264852
0,0,0.16642543785023856
4,0,0.36066391005560694
0,0,0.16896061867234535
3,0,0.3690659506638183
0,0,0.19696509321483738
0,0,0.15835710768167024
0,0,0.17777733428283582
0,0,0.2175363550422612
0,0,0.2485514800463067
0,0,0.28651419597654315
0,0,0.23378954568124408
0,0,0.2259965268532898
0,0,0.2905272324449738
0,0,0.2138268406593124
6,0,0.4133380794347622
0,0,0.1598885585337637
0,0,0.19572883619590573
0,0,0.2785614934582287
0,0,0.25589957594659507
0,0,0.21533473022486987
0,0,0.25276835956870064
0,0,0.1789652454695138
0,0,0.14971408254842136
0,0,0.28709456723414795
0,0,0.2888869742100436
0,0,0.18557169243773758
0,0,0.20779661957243664
34,1,0.46964230929205936
0,0,0.1874397746681794
0,0,0.2593796974798671
3,0,0.4152651527388083
0,0,0.2858301448912454
0,0,0.17651514103925323
0,0,0.21027892469872053
0,0,0.19373675961082593
0,0,0.221185543882032
0,0,0.2957997089414283
2,0,0.3759700797466081
0,0,0.2754435532860453
0,0,0.25198865287641226
0,0,0.2628952026579615
0,0,0.2543493206940415
0,0,0.19444983820263959
0,0,0.2677257885680544
2,1,0.5361565779723884
0,0,0.22947016557769412
2,0,0.4202261247093806
0,0,0.1535526809569772
6,0,0.3457233170608714
0,0,0.21975959216717034
0,0,0.19916493060788087
0,0,0.20670663972062336
0,0,0.2491704850390817
1,0,0.3027168436186671
0,0,0.17483636473861766
1,0,0.38165453165178015
0,0,0.28283285797816154
0,0,0.298609419052797
42,11,0.6041641866539244
0,0,0.22554002259630562
0,0,0.26014929254815256
0,0,0.2123335841285573
18,0,0.4120626501831061
1,0,0.31508264854683804
13,0,0.4155187816029455
0,0,0.19890767085535657
0,0,0.16034140662076338
0,0,0.18609602762147034
1,0,0.33603828968518484
0,0,0.24516715151639829
0,0,0.24120561690681755
0,0,0.14255484825581624
0,0,0.23324698809217873
0,0,0.2078599255787387
0,0,0.2394026954711904
0,0,0.22874625211655575
0,0,0.18931556271011565
0,0,0.20014394219848428
1,0,0.33977296395006357
0,0,0.22438120426776187
0,0,0.2222736303895705
0,0,0.2351868005006094
0,0,0.21183011626583867
0,0,0.23732213801102542
0,0,0.28958574358950684
0,0,0.20318810130325182
0,0,0.22921762849012353
0,0,0.16923991006387937
1,0,0.351541477252947
5,0,0.39873703346037187
0,0,0.24573457637510615
0,0,0.22730704572135801
0,0,0.19387641939994016
0,0,0.13036767427068688
0,0,0.2240017332974962
0,0,0.22155469998569965
0,0,0.2287365673220336
0,0,0.21473649660197058
0,0,0.19720489990570766
0,0,0.19874151582504548
0,0,0.17941152471824698
1,0,0.304960306943227
2,0,0.3774808479199622
0,0,0.16352128136828364
0,0,0.2637982173085217
0,0,0.24914951438690228
0,0,0.21840959163803342
1,0,0.3131691197404283
1,0,0.32263862237264523
0,0,0.27965258574831225
0,0,0.19468860779426106
30,0,0.4483576609425137
0,0,0.2928448902608816
0,0,0.26317409518774865
0,0,0.2606578813008902
0,0,0.20120621495818883
0,0,0.2697794439756547
8,0,0.4115617997565179
7,1,0.4739423194520807
0,0,0.17870692941358962
0,0,0.16498830077682944
0,0,0.21572564041845166
0,0,0.17032423931601368
2,0,0.3284759430025284
0,0,0.20135920289721843
0,0,0.16472461780352887
0,0,0.227869593639911
1,1,0.5274474009270186
0,0,0.19238950372419694
0,0,0.2063865418854325
1,0,0.30553320363693337
0,0,0.20438181795868635
0,0,0.22526430630510194
0,0,0.24426904624221132
0,0,0.21258143722502856
0,0,0.26004500916279216
1,0,0.41692637078304595
0,0,0.21568660808996704
0,0,0.17200272973632855
0,0,0.18590840444306195
19,2,0.4931890304143719
1,0,0.3878634622046892
0,0,0.28156362853579425
0,0,0.18380800538544173
0,0,0.21342832291502487
0,0,0.22458278404244636
0,0,0.24199993713469561
9,0,0.3583935864175638
0,0,0.18491187272223256
0,0,0.23538923561793854
0,0,0.2392921286729277
0,0,0.2467866461010722
0,0,0.2626347199551993
0,0,0.18861614243403935
1,0,0.3151642225085219
1,0,0.32528844616394476
0,0,0.13007091426844736
0,0,0.1612565303340571
0,0,0.24585765245609661
1,0,0.34122030798177894
0,0,0.25594897406204326
0,0,0.2057309885005684
0,0,0.1835867029046571
10,0,0.3837259749562062
0,0,0.2792368989822595
1,0,0.3131111962482386
0,0,0.2070714319915141
3,1,0.5004532456996847
0,0,0.2419774058209881
1,0,0.31647543996367444
0,0,0.2043967303406907
1,0,0.3683559680623261
0,0,0.2816074717096699
41,0,0.3540943981982528
0,0,0.2210717482445294
0,0,0.22817067439447639
1,0,0.3508809180675822
0,0,0.22315401618399405
0,0,0.26591212485312615
3,0,0.37725673257951087
0,0,0.2697748973758482
1,0,0.3222452471670672
1,0,0.30076017755039675
0,0,0.2607519625605157
0,0,0.256044197642551
0,0,0.24925200181909976
17,0,0.40915192945010964
10,0,0.43503364610288525
0,0,0.2705323386400649
4,0,0.34015407297701467
0,0,0.2642516980029874
0,0,0.17514348341084893
0,0,0.23122338901324477
7,0,0.4384354709509088
0,0,0.22255336882468482
0,0,0.24384197962337048
3,0,0.3128763857504233
0,0,0.2288450744076254
0,0,0.2156114053236455
1,0,0.30847390864204216
30,1,0.46315252600272727
0,0,0.28123604190645474
0,0,0.15626256922542694
3,0,0.3413714993627005
0,0,0.22654614227615513
0,0,0.1307111335828093
0,0,0.23296240740365004
0,0,0.15162927674721058
0,0,0.2405785345997675
0,0,0.23814083594639995
0,0,0.23427585339322796
97,16,0.6095140528025066
1,0,0.310377451129782
0,0,0.24653720027069553
0,0,0.23365199113291
0,0,0.22861499037554267
0,0,0.24779041606376687
0,0,0.21995308323041662
0,0,0.20588315359068593
0,0,0.21581824729046586
0,0,0.27277189812585456
13,1,0.47229086514155755
0,0,0.24115525803907226
0,0,0.24364134615810656
0,0,0.20559056001318501
2,0,0.30442531656028504
0,0,0.24173873529281195
0,0,0.25680586805905053
1,0,0.30214643630700466
0,0,0.2748508670195326
0,0,0.2310443086380521
0,0,0.24512512575357354
2,0,0.32253832423883977
0,0,0.2991229079685767
0,0,0.29460911127904843
0,0,0.22114531470665547
0,0,0.2681220340997478
0,0,0.23038391355455423
0,0,0.20204730204231983
0,0,0.19371277882874222
4,2,0.5094742775961251
0,0,0.17218137548576384
0,0,0.2889061685635016
0,0,0.22758761179262665
0,0,0.1762620724027194
0,0,0.20272919159936936
3,0,0.35320404711549347
0,0,0.22263154179640685
0,0,0.2568724301876618
0,0,0.280257952127534
0,0,0.2976509108218739
0,0,0.2769085379895596
0,0,0.2862967953852988
2,0,0.3254427261563156
0,0,0.1681386296725607
0,0,0.28722087440143795
1,0,0.32750197450040563
1,0,0.31551780034487753
0,0,0.29519574619023387
1,0,0.30193999769227614
54,3,0.5326031932164762
0,0,0.22679742050144475
1,0,0.324177228663704
0,0,0.17283728514653426
0,0,0.28406704780612446
0,0,0.27838482500027795
0,0,0.1977385763342987
0,0,0.24806544317100954
0,0,0.2812113317031394
0,0,0.2984121138846834
0,0,0.2476027075367567
7,0,0.40549075565147363
0,0,0.21776704335228533
0,0,0.20520090440753175
0,0,0.2681269927901683
0,0,0.1690053848482664
0,0,0.18323319136268906
10,1,0.4749925445678948
13,0,0.3625076888674029
0,0,0.26798583406915477
1,0,0.30603385934227206
0,0,0.191962842442322
0,0,0.23296368953335225
0,0,0.28489191467968955
0,0,0.2110674999366433
1,0,0.30691092920070095
1,0,0.32636488237382855
2,0,0.4042815528738483
0,0,0.2514963869087281
0,0,0.25349612864271187
0,0,0.2046439724976724
4,0,0.3326614438776894
0,0,0.19336622396740755
0,0,0.17711194246144388
0,0,0.1742159223429792
0,0,0.2084549063195464
0,0,0.21190139169610467
0,0,0.21353776236956612
3,0,0.32411273944587443
0,0,0.22837645631087833
0,0,0.17137282268299547
1,0,0.378346831957945
0,0,0.19557714081575006
0,0,0.2462426591941407
0,0,0.2225027274103199
0,0,0.2716523430200348
0,0,0.28217285597347097
0,0,0.24472674886266513
7,0,0.41531036508638647
0,0,0.16947733336674967
1,0,0.3047026560360303
2,0,0.3741281533659943
16,0,0.3906953335304793
0,0,0.15344627402286207
0,0,0.2705303664281064
0,0,0.2991700393437928
0,0,0.2540365043438676
1,0,0.3457776969286018
0,0,0.269599960019623
0,0,0.22018043672651666
0,0,0.2536282391920101
0,0,0.194768747975072
0,0,0.13529588267189788
0,0,0.21161672344544974
0,0,0.240827243831628
0,0,0.26798825758233497
0,0,0.2634344250852079
0,0,0.22467809772001487
1,0,0.3188549342479117
0,0,0.2141143269990459
3,1,0.49466519792470326
1,0,0.34335648817963565
0,0,0.20100667942507522
12,0,0.36230054653208954
31,1,0.49131094226908517
9,0,0.3922814335386492
0,0,0.2551020399749248
0,0,0.21642555374001154
0,0,0.17554305062888664
0,0,0.21352288398017347
2,0,0.33550942487173774
0,0,0.2479101597489788
0,0,0.20847279187758286
0,0,0.1754319197330567
50,3,0.48622875734767435
0,0,0.21299367919976211
0,0,0.1997209610786459
1,0,0.3197847790254226
0,0,0.19062413492471367
0,0,0.1874469175341383
0,0,0.1732258310309111
4,0,0.39379468617701474
2,1,0.4815450342541173
2,0,0.30326126627707223
1,0,0.36822470161522586
0,0,0.274174311408271
1,1,0.4732203092956461
0,0,0.21461535680896066
0,0,0.22287030795005427
0,0,0.28396743980495787
0,0,0.18095844664190586
0,0,0.22269254338818192
0,0,0.273170617329653
0,0,0.2827281983727234
0,0,0.16269693500543508
0,0,0.18189542211439677
0,0,0.2226728661883798
0,0,0.15558023467819487
0,0,0.24451689320463518
0,0,0.250197173020263
113,33,0.5685392959501478
0,0,0.1585168606058444
0,0,0.2987426445270067
0,0,0.22154744054952796
140,8,0.5177055714923191
0,0,0.1894033370473872
0,0,0.19149833333512442
2,0,0.38960063003761425
0,0,0.20607534250079693
1,0,0.3073601771949421
0,0,0.1533756099304363
0,0,0.1999437625101267
0,0,0.19455093745331792
0,0,0.2596012877802305
0,0,0.17070716381757187
0,0,0.19887933234099966
0,0,0.21135375144499333
0,0,0.2852252992300135
0,0,0.20050393722227314
0,0,0.2783020418556985
0,0,0.2508880318246529
0,0,0.2791665664314254
2,0,0.41077593990405004
1,0,0.3014505344683762
0,0,0.18997888346718061
2,0,0.31662429738609
0,0,0.25513819773539187
0,0,0.20325157595400584
1,0,0.31589889912882707
0,0,0.20378352381770656
0,0,0.27014803061552733
0,0,0.2266905152862125
11,5,0.6089131868377254
0,0,0.15078486203519864
0,0,0.2488886799219158
0,0,0.25689587898895194
2,0,0.33745036344627016
0,0,0.23529397321913145
0,0,0.16076876016755923
9,4,0.5249619082689486
0,0,0.14381274191528476
0,0,0.2602667336988207
0,0,0.24708230970531617
5,1,0.4650293536963892
1,0,0.41449176273804106
0,0,0.1571506456681058
0,0,0.16580828675936066
0,0,0.22574520822875627
1,0,0.3482601571746794
0,0,0.18230299275352907
0,0,0.28329275168832124
0,0,0.2941969042711213
0,0,0.2014733223115789
0,0,0.17695450520239148
0,0,0.257927270279112
0,0,0.19723869145072695
0,0,0.19648167049240084
0,0,0.2535880966422088
2,1,0.49577520309808737
0,0,0.2681189613162959
0,0,0.16828637193992693
0,0,0.2975401967364447
0,0,0.1990781929907953
0,0,0.20762203046058844
0,0,0.23896649363285144
0,0,0.1759828848128235
0,0,0.2436276171542058
1,0,0.3400114717551327
47,1,0.5145561904674255
0,0,0.15148294440745472
0,0,0.2536532760670102
0,0,0.1619134101690899
0,0,0.2748872885348689
0,0,0.18605202369669932
0,0,0.21942872662292923
0,0,0.22199566960570524
3,0,0.39931457776885537
1,0,0.3007384935724473
0,0,0.2644269504825974
0,0,0.2249175395881701
0,0,0.22318083099388084
0,0,0.24945064683161386
0,0,0.2513251635737949
0,0,0.2077159415663363
0,0,0.2977834684426322
0,0,0.22647740755946905
0,0,0.2490733545370161
1,0,0.327510957971577
0,0,0.24534672592338894
1,0,0.40612680275268565
0,0,0.20516335846895198
0,0,0.21866063262894325
0,0,0.1903622452586649
0,0,0.20068237700134986
0,0,0.2647232854758174
0,0,0.1793464792487778
0,0,0.2621323753706126
3,0,0.3357764741868262
0,0,0.240318158090635
0,0,0.19669884507604354
0,0,0.26151736820740473
0,0,0.14683538181980907
0,0,0.18902107963588144
4,0,0.33281863906789605
2,0,0.4137600719425516
0,0,0.26355879578685454
33,1,0.4548966282375512
0,0,0.21796445120717675
0,0,0.1676803461689733
0,0,0.27326785378045215
0,0,0.19133573485200805
0,0,0.19904126305451975
0,0,0.2283929608633796
0,0,0.2610209567580775
0,0,0.17045019567281755
0,0,0.1811448838081711
0,0,0.19518892660252304
1,0,0.3083152111997628
0,0,0.17062669967249647
0,0,0.21102934106887022
0,0,0.2100816141383733
0,0,0.21837608201291084
0,0,0.1870795680080586
1,1,0.4984321532455499
0,0,0.16549384200279307
0,0,0.14997375801012658
1,0,0.30401758414118657
0,0,0.17561460910201868
0,0,0.1905102530509923
0,0,0.22743841675446697
5,0,0.3541289335086267
1,0,0.3199041826995542
0,0,0.28891590303263603
0,0,0.297170621256785
11,0,0.4311642857764063
0,0,0.27643314497016747
0,0,0.28259388434024546
0,0,0.2338545871299999
0,0,0.26790026095037034
0,0,0.20647785341252237
0,0,0.1871115971014963
0,0,0.21020239631231719
0,0,0.27509010690174884
0,0,0.208558129710759
0,0,0.24374240608939196
21,1,0.5949761092044694
0,0,0.18780359734959035
0,0,0.22910352821720328
0,0,0.27925945612479003
2,0,0.32703818386287425
0,0,0.21400239021475387
0,0,0.16032771081182284
0,0,0.21544128867667625
2,0,0.3081134411873531
0,0,0.2936708453050503
0,0,0.23919706767427665
0,0,0.2689341161998524
0,0,0.24799909318169505
4,0,0.39964831484642926
0,0,0.20543496571171452
0,0,0.18776908786937577
0,0,0.21172710031189945
1,0,0.37585878156890795
11,1,0.4962493673145073
0,0,0.17558969001241584
0,0,0.14661120084526566
19,0,0.4303799578483445
0,0,0.2780579435378063
1,0,0.32418796214045503
0,0,0.2630439085064741
1,0,0.3010751932575799
2,0,0.33325929872877946
2,0,0.3417745220740852
0,0,0.16886025667062857
0,0,0.1985844588452804
0,0,0.1937283707563754
0,0,0.19692570674430793
0,0,0.18941931517160573
0,0,0.1870927276183811
0,0,0.20332880504174067
0,0,0.2350149602399001
0,0,0.2951451986234918
0,0,0.19442394344127184
0,0,0.18757921767982536
78,0,0.41206780354381983
0,0,0.217493943225371
0,0,0.14777353387155082
0,0,0.1896168275747098
0,0,0.1984096224954094
0,0,0.2900273705586382
0,0,0.2737607226885281
0,0,0.21883167333473816
7,0,0.3482546580979837
34,0,0.4374623828313547
2,0,0.35915872845345165
0,0,0.262568946608996
0,0,0.18673408710367645
1,0,0.3638743303275258
0,0,0.2343697418872269
0,0,0.17764467507438828
0,0,0.2998528519788342
0,0,0.17396848838715961
0,0,0.20459660285756648
0,0,0.2089521928747356
0,0,0.18036849418100653
0,0,0.24983435490262682
0,0,0.27298577441049426
0,0,0.1952856177930138
1,0,0.30077808164286807
0,0,0.26870583718768387
4,1,0.6009152529783724
2,0,0.3376844470451899
0,0,0.15831110086112937
0,0,0.2036992063253163
0,0,0.19822612355738628
0,0,0.1704069015225085
0,0,0.20304897462992577
0,0,0.2239224949443401
0,0,0.26461303730187036
1,0,0.3113569049558012
0,0,0.22588319306725088
0,0,0.1977924215742558
2,0,0.35231622523293155
0,0,0.17363657649190956
8,4,0.48041030863836276
0,0,0.1972439365980296
0,0,0.2630743509438979
0,0,0.2427897424277798
0,0,0.26160797547664305
40,9,0.5665289099695032
65,3,0.5197998367948515
0,0,0.1604087988087234
0,0,0.20408076973649683
0,0,0.21615413051778617
0,0,0.29896135032745036
0,0,0.22584147782585418
0,0,0.20574943847405824
0,0,0.208698300442245
0,0,0.2993511866659761
0,0,0.23486300153914813
0,0,0.24072939804693141
0,0,0.1734697555485505
0,0,0.2410658754251327
3,0,0.36327289713703104
13,0,0.4396778581406068
0,0,0.2873074067148019
0,0,0.2522562880720566
0,0,0.22871107915172909
0,0,0.1879555967929089
0,0,0.2809184380469508
0,0,0.19967791750681865
29,0,0.396916111246654
0,0,0.23620079300885857
0,0,0.1882245588890901
0,0,0.19680602343695822
0,0,0.19580995513975027
1,0,0.3274276158739574
12,0,0.38135420588760416
0,0,0.249043898251182
6,0,0.44961117257298827
0,0,0.20514924490448597
1,0,0.30043808490590573
13,0,0.394862669519705
0,0,0.22411539021949653
0,0,0.20625908852055108
106,9,0.6317478025809388
2,0,0.3437566963928018
0,0,0.19639499272762195
0,0,0.2997352035314891
4,0,0.34298697997397487
0,0,0.20274231908214976
0,0,0.16630144097797708
14,0,0.4256859067534504
1,0,0.3447880855711952
0,0,0.16480791701912173
0,0,0.2200202001963291
0,0,0.27041250834799746
0,0,0.2082421351540665
0,0,0.20451486164307703
1,0,0.3386663560809299
0,0,0.18402851394531342
16,0,0.4153833815523198
0,0,0.27669193957699517
0,0,0.1906419844507195
0,0,0.21014870161083002
0,0,0.2425183294787494
3,0,0.3897825974120591
0,0,0.27210069829397765
0,0,0.2823304902032696
1,1,0.5465484144389161
0,0,0.180023133391559
3,0,0.33451567657205933
0,0,0.2430701690084771
0,0,0.20300277600786698
4,0,0.3722141662400477
0,0,0.16767583670281114
0,0,0.22167932658786801
0,0,0.22890219021166575
1,0,0.31005163680716535
2,0,0.36795009473861956
0,0,0.24926192898870822
0,0,0.23623422906583652
0,0,0.22060491963848125
0,0,0.17606424995594927
0,0,0.1984324309252278
0,0,0.1964078103430674
0,0,0.24132788289231036
0,0,0.16693816223360555
0,0,0.20581853122327684
0,0,0.22757700777314543
0,0,0.18909605367775514
0,0,0.17376968352568112
0,0,0.2831369685130951
4,0,0.3875887866492085
0,0,0.25010851721099375
0,0,0.20658982737476453
0,0,0.22612340492478475
0,0,0.2203423526356145
0,0,0.20313522599930672
0,0,0.21933840507386965
0,0,0.217408084919841
0,0,0.20726063472757544
0,0,0.2046425779089531
0,0,0.1698046593430619
0,0,0.21850928973984468
0,0,0.20313027299340886
1,0,0.43283074102847846
0,0,0.2860347643919315
5,0,0.33335611756312716
0,0,0.22214264954992463
0,0,0.1890689186892266
1,0,0.3489196623341844
0,0,0.29376347577486783
0,0,0.23212742536795825
0,0,0.24819406617701684
0,0,0.2157173826206298
0,0,0.25718661024276634
0,0,0.19158756555723905
0,0,0.2689559274608253
1,0,0.3162368580836916
2,1,0.4627072618651057
4,0,0.33833003651870747
0,0,0.19829959833837824
0,0,0.1812418079675476
0,0,0.2244759835147598
29,2,0.49221766340474904
0,0,0.24427489187826829
3,0,0.41020150826289936
0,0,0.23507178579452784
0,0,0.23260525724383607
0,0,0.23351629412619798
0,0,0.187139286507309
1,0,0.308951014438775
6,0,0.38992155694234887
0,0,0.2804660931838952
1,0,0.3102914136825126
0,0,0.17282421291911307
0,0,0.23523262291630942
0,0,0.217879598603814
0,0,0.1746754140728522
0,0,0.2100058658637314
0,0,0.26425267865695107
3,1,0.48048596459394166
0,0,0.1924977748726755
0,0,0.25282644043473596
0,0,0.1904823004647061
0,0,0.14989640694245077
0,0,0.21480722137415825
0,0,0.265540019710883
0,0,0.18335092189707852
20,0,0.42882554445491594
0,0,0.23242650519902042
0,0,0.22767564101638607
0,0,0.24677575516777742
0,0,0.20300037523854408
0,0,0.20096420002907928
0,0,0.29966003467811436
0,0,0.17595082035156626
4,0,0.3994532886748028
0,0,0.1588987405389185
47,0,0.36916611182546416
0,0,0.24391743718563003
0,0,0.21166713481084537
0,0,0.16721879783482999
3,0,0.3623194325367023
0,0,0.2953688824652202
0,0,0.22814152964723117
0,0,0.1979395347469492
0,0,0.22614030708686703
0,0,0.2736797508096414
1,0,0.37075472187595965
0,0,0.17753746011830052
0,0,0.1326334297231259
0,0,0.15192258659539407
0,0,0.23803323453144193
0,0,0.16449572771551765
0,0,0.19834545929501582
0,0,0.2993365624488771
4,0,0.4247890169442857
0,0,0.23725967427380407
0,0,0.22827298305811536
0,0,0.2525891097865272
0,0,0.22381196079273438
6,0,0.4352269685199369
2,0,0.32950918886537467
0,0,0.21104126514607374
0,0,0.2595343049466499
0,0,0.24516695760565438
0,0,0.21424786827470632
0,0,0.18804530050576193
0,0,0.2517331726025991
0,0,0.20220340088761976
0,0,0.17897403732680792
0,0,0.2555279644344879
95,65,0.6070917631595576
0,0,0.2147540696470603
0,0,0.19548670861039677
92,3,0.5023406979255329
9,1,0.47251170037260504
0,0,0.275749279122426
0,0,0.1809198894207061
1,0,0.3120619418759009
0,0,0.2819511332690271
5,0,0.38537051219810686
0,0,0.22030049692294867
0,0,0.21841913533549467
0,0,0.16353406333259465
0,0,0.2008291215662342
0,0,0.21097943571893582
0,0,0.19554528964573978
5,1,0.46187562963617557
89,1,0.48952824076516765
1,0,0.3593314525280708
0,0,0.2373757073865934
0,0,0.26996233063887237
0,0,0.19096670605037924
0,0,0.2485013846671162
0,0,0.262154238891162
0,0,0.1865188706152575
0,0,0.20751728148801957
0,0,0.19482414475090487
0,0,0.2893136281950801
1,0,0.33188279665582604
0,0,0.26134951354215136
1,0,0.30322757924413146
1,0,0.3681730224280612
0,0,0.26698218219355563
0,0,0.2004410086427559
4,0,0.39160827143912424
0,0,0.2617161174453792
0,0,0.24248714009558392
0,0,0.16797647112880215
0,0,0.20281495477770298
0,0,0.253569905558369
3,0,0.3512147057206041
0,0,0.26382102055352835
0,0,0.16269102964422483
4,1,0.480994607299822
0,0,0.25876406613113223
0,0,0.27695162322969186
0,0,0.2965829617447525
0,0,0.26431561290354855
0,0,0.20385873442721647
0,0,0.19516881778112785
1,0,0.38003029726201876
1,0,0.3069025301674647
0,0,0.2290382769710521
0,0,0.278729519898454
1,0,0.34574536209068385
0,0,0.213024955303991
0,0,0.2389856286351433
1,0,0.3149009830884491
0,0,0.24186717342362696
0,0,0.19774397325661883
0,0,0.19527856103737257
53,3,0.5182315964183731
0,0,0.2614801280288456
0,0,0.1970488397064556
0,0,0.26426844586399767
0,0,0.2825081913330234
0,0,0.21788582846664306
9,3,0.45990272010276945
1,0,0.3561983112239744
1,0,0.316087333477594
0,0,0.20374576922500195
0,0,0.2224210438545386
0,0,0.20486392437722314
0,0,0.2526894382804356
0,0,0.2821527095603494
1,0,0.31420618429971053
0,0,0.2846764854732407
0,0,0.16087513807218054
0,0,0.17586821941365766
0,0,0.18001738067334916
0,0,0.23458957884981774
0,0,0.1498827820500331
1,0,0.30076742855951166
0,0,0.16068181367828832
0,0,0.2171007670249528
11,0,0.4140495512615311
0,0,0.28857638990369716
1,0,0.30228045394138753
0,0,0.2024155128941184
0,0,0.15686221917377183
0,0,0.23824398269394645
0,0,0.2216803161469721
0,0,0.19136183581216368
1,0,0.30363076178560217
1,0,0.3518091138483958
1,0,0.30028133657741607
0,0,0.24499684887631573
0,0,0.25625395153031627
0,0,0.17910050637544264
0,0,0.18988364561213236
2,0,0.4359274266933156
0,0,0.1999840946408043
1,0,0.31228465558987895
0,0,0.2100812520354128
1,0,0.31685362640321324
0,0,0.16827182883276562
0,0,0.2808657936986177
0,0,0.2332244703751185
0,0,0.27388010142623265
0,0,0.2973194577407712
0,0,0.19777162374062754
7,0,0.38840223724551437
6,0,0.34344090266557853
1,0,0.3305468198763451
0,0,0.23202964185364777
0,0,0.1957014939107769
0,0,0.1996392298944288
0,0,0.2804619705405939
0,0,0.18329217964494815
0,0,0.20656213165727275
1,0,0.3810999496711964
2,0,0.3629719798730133
0,0,0.261066521314652
0,0,0.2676101851656025
0,0,0.258797356443128
0,0,0.19698539240963783
0,0,0.2735943237752379
0,0,0.22584070604260648
0,0,0.1413478330246192
0,0,0.18099535715279763
0,0,0.1776638142301858
0,0,0.17952157450689576
2,0,0.3476539745829022
0,0,0.22197606301444858
8,0,0.38316329899488266
0,0,0.2510527175774618
0,0,0.20642321886326462
0,0,0.20280179201839516
6,0,0.36713578105189604
0,0,0.16000059053168714
0,0,0.20660568930460343
0,0,0.27228128595433604
0,0,0.21585399353026713
0,0,0.16479381543034297
4,0,0.3580270457441231
4,0,0.3370400949000003
0,0,0.2611094134951761
0,0,0.23650659966991736
4,0,0.3884379901369048
0,0,0.1543645854447609
76,12,0.5596713119550519
0,0,0.19511489085735081
0,0,0.2548010307962586
0,0,0.24955492654195896
0,0,0.2759032960161799
0,0,0.24684451947581165
1,0,0.32637764213755255
5,0,0.37343504078163814
0,0,0.221534829490904
1,0,0.3063399332152798
0,0,0.22336179739427614
1,0,0.3579052339730693
27,0,0.41093682292755385
0,0,0.19574362879372242
0,0,0.2590799536304245
1,0,0.30457954302251894
0,0,0.2623265528572123
0,0,0.25428380938364525
0,0,0.23447628867282697
0,0,0.1928995138988735
0,0,0.24751248538777537
0,0,0.16369029806784377
0,0,0.22399468341169393
0,0,0.20068436794185693
0,0,0.1644794105127266
0,0,0.19603754530855394
0,0,0.21711220898983685
2,0,0.3717729633166554
0,0,0.264452034252813
0,0,0.2827906266715323
0,0,0.22271662175900453
0,0,0.17179233439872427
1,0,0.3422816384325069
0,0,0.2502645768241064
15,0,0.3833186776640065
8,0,0.44872835504438047
0,0,0.255956249463171
1,0,0.30994707133930893
0,0,0.20835142207737745
0,0,0.20018841249383978
0,0,0.2672505859104424
0,0,0.2133955713992419
0,0,0.21091771439979426
0,0,0.2801676420022222
2,0,0.35314430447561984
0,0,0.23040960441192496
0,0,0.22391800714049742
0,0,0.2004826787622041
0,0,0.2508352085352704
0,0,0.19084884850190176
0,0,0.22922916928966922
1,0,0.32882976115391543
0,0,0.15390678762386867
5,0,0.3331959412338335
0,0,0.22458189524007527
0,0,0.24971927430452806
0,0,0.20712016077616283
0,0,0.22645434269926276
0,0,0.25008647464074135
0,0,0.2940133669060401
0,0,0.17387480817992915
0,0,0.21476816803790819
0,0,0.15715989388449284
0,0,0.2174994292836675
0,0,0.19844462890544126
0,0,0.19831446102806527
0,0,0.23259309432888553
2,1,0.5015178080016213
0,0,0.22941496659529237
0,0,0.28659735081099325
0,0,0.17266522742805276
4,0,0.3374509601583383
0,0,0.20405021307932522
0,0,0.26396980386096475
0,0,0.17635470071566614
0,0,0.29356403200119613
2,0,0.32528921677888445
0,0,0.2694754553654416
0,0,0.2401945015938622
0,0,0.2667889228955907
0,0,0.2463054860610097
0,0,0.2067569522827789
0,0,0.19926967011685573
0,0,0.28971650036950686
0,0,0.2676997502058427
0,0,0.24773701268130877
1,0,0.3031815102546538
0,0,0.28246852050781457
0,0,0.2341569640982098
0,0,0.23038814925373047
0,0,0.1699844722965347
0,0,0.19597012343470172
0,0,0.24473805084912667
0,0,0.17801058264405406
0,0,0.2878911275541091
0,0,0.246609834079315
6,1,0.4596892039612291
1,0,0.34710666794926803
0,0,0.251083905422166
0,0,0.19673606699241192
0,0,0.20146210769887624
2,0,0.30235568318222095
0,0,0.19738574811771528
0,0,0.2611364442107211
0,0,0.2112151800914367
0,0,0.1712043543089686
0,0,0.2600017357428459
0,0,0.1461916611335422
0,0,0.19796832088316965
0,0,0.164840399453856
0,0,0.28927271104526175
0,0,0.17189773380384676
0,0,0.24807257739379052
3,0,0.42107802911883097
0,0,0.26178496994911227
0,0,0.2587665829146474
0,0,0.17972553098764607
0,0,0.18105432385570805
0,0,0.24445048064533179
2,0,0.37279153847911295
1,0,0.3774808856588107
0,0,0.26738532612091975
1,0,0.30165931014276115
0,0,0.24853062204550302
0,0,0.29872353497077536
0,0,0.2948450819522992
0,0,0.2525032485895084
6,0,0.3842746326428425
0,0,0.21485373912934252
0,0,0.16814151355803328
0,0,0.262296734375162
0,0,0.2676001839885791
0,0,0.24804948686957548
0,0,0.1996235247011446
0,0,0.19447544594788793
0,0,0.26953440437212356
0,0,0.2319118987186262
0,0,0.15292387515947395
2,0,0.34950659959238445
4,0,0.4336771922372761
0,0,0.19592849104431354
52,2,0.4940673883491577
0,0,0.15597985715078747
0,0,0.28992573956237805
0,0,0.17092514724685137
0,0,0.18613552932374317
0,0,0.29541473058266826
1,0,0.3503644823905894
1,0,0.3528347693155774
1,0,0.37861023508216773
0,0,0.19817708346781152
0,0,0.2561074329695182
0,0,0.1901571264468117
0,0,0.21871926347196485
0,0,0.16413389892986882
0,0,0.16354251504720752
1,0,0.31050873700163767
1,0,0.3135382534086586
0,0,0.29774040710520316
14,1,0.48189984009665765
0,0,0.27702401832691004
4,0,0.37399188457966087
0,0,0.17180040340542382
1,0,0.3175164761563366
0,0,0.20273885143621143
0,0,0.20170969385238788
0,0,0.22652597557208587
0,0,0.20368330277993116
0,0,0.20043136982723583
0,0,0.29159006851606034
0,0,0.228473533791759
1,0,0.34852637172808565
9,0,0.3503817992040314
0,0,0.1693608231287894
0,0,0.20347578774869526
0,0,0.22710165526699147
3,0,0.37251324282679177
0,0,0.2699336644016969
0,0,0.23816612172985224
0,0,0.27743690286195405
5,0,0.34511313721151027
0,0,0.2999331953558875
1,0,0.4018252710095913
0,0,0.27530953428414345
0,0,0.27991626657627866
4,0,0.3877456171319823
0,0,0.18227344570273352
0,0,0.22365943479990225
0,0,0.23645801066227826
0,0,0.24700812042325151
0,0,0.2926407883512511
0,0,0.18507964826804948
0,0,0.29374045121848313
0,0,0.15004758003953508
0,0,0.28026738640675747
0,0,0.25329327391126555
0,0,0.1933773136643844
0,0,0.18255904332359843
0,0,0.25039679485469296
1,0,0.318291997732073
0,0,0.22522550871486033
0,0,0.18013929309936952
0,0,0.19637187841858972
0,0,0.29355485894955724
0,0,0.1651945210967214
0,0,0.18622358950411838
5,0,0.43637391633554845
36,0,0.36627948879200073
9,5,0.5627711545478072
0,0,0.22939623502459539
0,0,0.21677107199643664
0,0,0.28027066664146594
0,0,0.229633114183432
0,0,0.1671416869716217
2,0,0.31327945645012584
0,0,0.18052352378237843
3,0,0.37462639223008015
0,0,0.28856479340588115
0,0,0.2064100598395078
0,0,0.16240688892484426
1,0,0.31221232255672665
0,0,0.21465226419192948
1,0,0.32560168273402607
1,0,0.3094684681529676
0,0,0.2978828760797365
0,0,0.29093961251815675
0,0,0.25103428044437415
0,0,0.20162688736362785
0,0,0.2725079803510684
0,0,0.2650168233882504
0,0,0.23121269528179256
0,0,0.2200626629803306
0,0,0.18673837377920635
0,0,0.20016663071322602
0,0,0.1980661294207372
0,0,0.25697443559956384
3,0,0.3257358181956052
0,0,0.2993683145886149
0,0,0.189687715641368
3,0,0.3321916216958368
0,0,0.20585662392573828
0,0,0.17126829506930694
0,0,0.28112184725425815
0,0,0.2795697264358331
0,0,0.20748130243101953
0,0,0.23062304054607077
0,0,0.18084085367925617
1,0,0.3056448273042074
0,0,0.20051075692547313
0,0,0.2721598377966801
0,0,0.15024474834530854
0,0,0.22662500751394812
0,0,0.20929045749663738
0,0,0.17570587401998192
0,0,0.2158941175627409
0,0,0.2353473610596961
1,0,0.3323827277813464
1,0,0.34383266112350713
0,0,0.2435099110221633
0,0,0.171827868349499
0,0,0.2517437237410143
0,0,0.18240492553912574
0,0,0.1928798207444175
1,0,0.3690495932696558
0,0,0.2050592577361993
0,0,0.23677426377410535
0,0,0.20058036063579013
0,0,0.24793829496645503
1,0,0.3108007726808953
0,0,0.20238124243745406
1,0,0.327756760950176
0,0,0.21541297299241782
0,0,0.16970526516475923
0,0,0.21930302289193596
0,0,0.20780571646343035
8,0,0.39918008366208396
0,0,0.23993230801610407
0,0,0.20027950026891322
0,0,0.2046989566264987
0,0,0.21165695938723725
0,0,0.1849003264961726
0,0,0.1718892235196523
0,0,0.1727806433459917
0,0,0.2577924684103492
0,0,0.17431388211753474
1,0,0.33507385671414514
0,0,0.15718416188357873
0,0,0.17698982484540693
0,0,0.19835922808114778
0,0,0.23991657848595277
11,6,0.5648697747331959
0,0,0.2401600982887209
0,0,0.21657029782215936
0,0,0.20493719135963248
0,0,0.23114993078928206
0,0,0.22240557269201064
0,0,0.22892476721319918
0,0,0.24638398718128524
0,0,0.23089723978772866
0,0,0.2225257253367229
59,6,0.4651825863522899
0,0,0.24994260230126011
82,20,0.720487786471595
23,0,0.4408997007861103
0,0,0.21678151423214356
2,0,0.32813411868174364
0,0,0.17545679873904763
1,0,0.3132747420477871
3,0,0.3918791193433821
0,0,0.20410049346149664
0,0,0.1703213918148496
0,0,0.27072898263356276
0,0,0.22337781456411526
0,0,0.211210788358609
0,0,0.1867844754913061
0,0,0.28236247084602306
0,0,0.25189428422806254
2,0,0.39001568767800876
1,0,0.3533237632432172
0,0,0.20788675559822972
0,0,0.2707883799963033
0,0,0.26260661212200714
0,0,0.18751482466409633
0,0,0.1752804585526467
10,0,0.39811004610574857
5,0,0.3157451853030361
0,0,0.23365557413727875
0,0,0.2749654828499576
0,0,0.21733518615791636
2,0,0.32454789479931734
0,0,0.2207674151493392
0,0,0.26751801446262163
0,0,0.28234955251368027
0,0,0.1935012188361592
0,0,0.25612094628493515
0,0,0.23543226870078396
3,0,0.420648074940446
0,0,0.1986993946460648
2,0,0.32835939983644946
0,0,0.27676889799592586
0,0,0.24437777113440673
1,1,0.4712485015587567
0,0,0.1770376425108344
0,0,0.2561868511976099
1,0,0.3646447276929873
0,0,0.19576844210075786
0,0,0.1993507504850159
1,0,0.36876429836707947
0,0,0.17495648349046844
4,0,0.360214404213172
0,0,0.2918826265171863
0,0,0.21945534572816325
0,0,0.26912134065764304
0,0,0.19811215149534772
0,0,0.27524791012098465
0,0,0.22274001070302182
2,0,0.34361281972864127
3,0,0.33300208513972857
0,0,0.24202046425364399
1,0,0.3379627688934154
0,0,0.23363856610604786
0,0,0.22720417467229798
0,0,0.24935185428282194
0,0,0.18028045359166583
0,0,0.28158253942955896
0,0,0.22632212101379795
7,0,0.3772408586455025
0,0,0.1742404770964601
0,0,0.22696910990969288
105,15,0.6643213238347117
0,0,0.245757818570294
0,0,0.2688502636829946
0,0,0.19598049227586456
1,0,0.3323438788457815
0,0,0.2584124027031586
0,0,0.17561141118306928
0,0,0.2662914572947875
3,0,0.3260011366691549
6,0,0.40767482036573854
0,0,0.19474957705822124
0,0,0.297076360294231
1,0,0.38627021898102515
0,0,0.21315310532179235
1,0,0.30222818989253913
0,0,0.24738024256546146
0,0,0.19721670860272808
0,0,0.2708769822587079
0,0,0.2143482697809463
0,0,0.2531711413425163
0,0,0.21714229476365693
0,0,0.2256029939992411
18,0,0.3986750352861186
3,0,0.3288449944536571
0,0,0.21986489870825396
0,0,0.21361801909619915
0,0,0.2124701949527323
0,0,0.28131075729952687
0,0,0.262788785117439
10,0,0.4043749170726162
3,0,0.3546636823356403
0,0,0.2578319605900995
0,0,0.1705198886238378
0,0,0.2730178822840789
7,0,0.3768264937064363
0,0,0.19928709437435516
0,0,0.21365405920724687
0,0,0.19289910726976425
4,0,0.33232469898361816
0,0,0.2766596260180061
0,0,0.2391635831977588
0,0,0.17257801039235543
0,0,0.2078940194356039
0,0,0.27974651386744226
0,0,0.21751462833612722
0,0,0.19666015287599622
0,0,0.29595666426466205
3,0,0.3182546611821851
0,0,0.17902593905392314
2,0,0.3492053259140627
0,0,0.25047331145251184
0,0,0.29511368547842176
0,0,0.20047694939558128
0,0,0.17886038655101918
1,0,0.30721588804540745
0,0,0.26240486277415576
0,0,0.20416656334586852
1,0,0.3167004312177411
0,0,0.28122866640288685
2,0,0.34314824247347314
0,0,0.21398439489029844
0,0,0.1717656769411169
0,0,0.16962128420470338
1,0,0.3352131945781209
0,0,0.29286682468538267
1,0,0.40431745975836375
0,0,0.2545965873718596
0,0,0.22544795836772313
1,0,0.32613405594519906
0,0,0.23114905307658332
0,0,0.18337531104225246
0,0,0.26521385250835966
0,0,0.19107720270527062
0,0,0.29668574571265044
0,0,0.17960633786632565
0,0,0.19857106571022407
0,0,0.17234971680862357
0,0,0.1498116049502518
0,0,0.2351957478501381
0,0,0.22075279983300697
0,0,0.17014893832256742
0,0,0.17680420583846992
26,0,0.439470696638486
1,0,0.30353567773763857
0,0,0.2215188544956171
0,0,0.22449147524396854
0,0,0.29132043373616184
0,0,0.17942316417528226
0,0,0.2421152494913311
0,0,0.275990362840451
0,0,0.1611163766832899
0,0,0.2264138676307938
0,0,0.2510716466071477
2,0,0.41089618444659143
0,0,0.22718084955053897
0,0,0.27328437808521155
1,0,0.3016236348804612
1,0,0.31475785462835987
0,0,0.18070742913309057
0,0,0.15007400957684508
1,0,0.30046923532843994
8,0,0.3575642551712934
0,0,0.2539680169381549
0,0,0.20905912194807758
9,0,0.4097303026233078
1,0,0.3295014187428586
88,6,0.6201328943822462
0,0,0.2431919901249834
103,16,0.6089503588335036
0,0,0.19983500071749657
0,0,0.2782106305012283
0,0,0.2572041611503547
0,0,0.2669298490526107
0,0,0.24379894743981134
0,0,0.2858253666629304
0,0,0.22330697040918923
0,0,0.181257184134509
0,0,0.2083371072889708
29,1,0.4591859607906407
4,0,0.37361717618812934
0,0,0.17772857489673988
1,0,0.30196492892158894
0,0,0.2744708231480546
0,0,0.2733347800475382
1,0,0.32597074258274655
0,0,0.2121648419075339
0,0,0.24413406614498687
11,0,0.37554928624506495
1,0,0.30895997890588806
0,0,0.24995588589250517
9,0,0.43661932856225044
0,0,0.18026618544302253
1,0,0.30035918171554093
0,0,0.18660297095272102
0,0,0.2163800190659502
0,0,0.20949429875968162
0,0,0.2195674828617633
0,0,0.23826043578247236
17,0,0.41319085267077565
6,1,0.45580535106028797
56,3,0.49444850875243934
0,0,0.25897599376305064
1,0,0.32310355617714215
0,0,0.22479949962094062
0,0,0.18845181637698066
1,0,0.421943853604795
0,0,0.25696793264098466
0,0,0.27636080830144394
0,0,0.23313701867481476
0,0,0.24566625851632995
0,0,0.2042061700142361
0,0,0.16272090329574382
1,0,0.33617183493806596
1,0,0.43982030301661756
0,0,0.2231707025587636
0,0,0.16367003440989453
0,0,0.2075162106636473
0,0,0.217782306446933
0,0,0.2627103607907406
0,0,0.21957967986980295
0,0,0.18359834166268774
1,0,0.30184642568298076
5,0,0.4326457278060288
0,0,0.22052509954891641
0,0,0.19152159937258192
0,0,0.21702084505645486
0,0,0.18556570536797048
1,0,0.3004229992984058
0,0,0.23776686461632032
0,0,0.19896193357655206
5,0,0.35592612778238714
0,0,0.2576348105285552
39,0,0.39697920848564483
7,0,0.3669863112096769
0,0,0.20554956621722753
11,0,0.38148006552815894
0,0,0.2193991899181016
0,0,0.17500095636637716
0,0,0.2510645950657033
21,0,0.38199888811394955
0,0,0.15595269717060506
0,0,0.1973624630097163
0,0,0.270363219345938
0,0,0.20193712729972996
1,0,0.36569406026267237
1,0,0.30114628438139884
0,0,0.19810407843601516
0,0,0.22273125340269964
0,0,0.29196231241400555
0,0,0.22992591614856972
0,0,0.2641296445283295
0,0,0.2588468520426011
1,0,0.3311244537100448
1,0,0.37228856026877016
0,0,0.21314653446941728
0,0,0.23900718147017472
0,0,0.2684289948737202
1,0,0.35710650136059185
3,0,0.3278506733508526
0,0,0.27462416078218216
0,0,0.2859185906680393
0,0,0.19734417329097148
0,0,0.1870825377268535
0,0,0.1718455486525309
0,0,0.1522971374725176
0,0,0.24830121088374124
0,0,0.21350606173605194
0,0,0.23252603588069726
4,0,0.38538422619872925
0,0,0.2637668981338515
0,0,0.19566605776094592
0,0,0.20285296056365928
0,0,0.22896586523222473
0,0,0.2849210899823079
0,0,0.23670662971081224
0,0,0.24327712222430686
0,0,0.20638655172246148
0,0,0.2670655799702937
0,0,0.2473214315389546
0,0,0.2991391398486169
0,0,0.2669388360875866
3,0,0.34753682814402737
0,0,0.17888599267723326
8,5,0.5088571765022081
10,0,0.43827028182537003
1,0,0.32550361255818194
0,0,0.182467783187316
1,0,0.31076700316679484
3,0,0.4027547412680517
0,0,0.229515404697717
0,0,0.17990951194956672
0,0,0.1997338960356302
5,0,0.4327857160946092
0,0,0.22089627657635344
0,0,0.16900247174746577
0,0,0.27385919391578195
0,0,0.27602622616764383
0,0,0.25560853566212804
0,0,0.22690085642917043
0,0,0.22101992350251493
0,0,0.19977608162565996
0,0,0.29823444086665035
10,2,0.47074128988341574
0,0,0.19894575242443807
3,0,0.3671624664416121
0,0,0.26138642372881654
0,0,0.21409829772805838
4,0,0.3303295660661931
0,0,0.22859297747270635
16,1,0.48190800286334223
0,0,0.2974429652212522
32,11,0.640750633954237
0,0,0.23362454560850973
1,1,0.488394546478712
0,0,0.21563892916424052
0,0,0.16001946460049501
0,0,0.26067826931199933
0,0,0.17441526414407219
0,0,0.25372414892324757
0,0,0.25599363104144235
0,0,0.24883728702165248
0,0,0.2390006465068163
1,0,0.36644465737705845
0,0,0.229650447467964
0,0,0.18762853423242282
0,0,0.23231536572282185
0,0,0.2527225732228781
61,3,0.505265452832651
1,0,0.3028574719215215
0,0,0.2046386396215427
0,0,0.23546991364313816
0,0,0.16878590893433237
0,0,0.2945281472778142
0,0,0.22970922447330575
0,0,0.15977971622723477
0,0,0.23992394137076617
0,0,0.22391165410265054
0,0,0.23025656137546027
0,0,0.17381558176588904
0,0,0.22393070243877083
9,5,0.5309482847488779
0,0,0.2202069134045902
0,0,0.25018187964131405
1,0,0.30218216749193966
26,0,0.4269811591862741
0,0,0.18230606778272018
4,0,0.36246290847180407
0,0,0.2598366549960917
0,0,0.23233311209158164
0,0,0.22715031364335833
0,0,0.2463263316964747
0,0,0.2481763705256945
0,0,0.17756611392665347
0,0,0.17385677647344394
0,0,0.18058513059166964
0,0,0.19343006259703774
0,0,0.17784937146265775
0,0,0.20963281677894613
9,1,0.4619125628393424
0,0,0.2662242234829842
1,0,0.30030667743344125
0,0,0.17763631334571436
1,0,0.3181444799799297
1,0,0.3281925604054595
0,0,0.20983478816292692
0,0,0.224590544520536
0,0,0.2666065111580175
0,0,0.1673281298845288
1,0,0.32250045062084903
0,0,0.17785902666855286
0,0,0.2914664380449096
2,0,0.34801997913516886
0,0,0.22677260819044037
0,0,0.18412827129668413
0,0,0.22248838520386907
0,0,0.21707269775234397
0,0,0.2311928670702496
0,0,0.18580628524368994
6,0,0.35577262948871924
0,0,0.17400176986000732
14,0,0.43618988786723584
1,0,0.31036480797043176
0,0,0.16791352180654592
0,0,0.20709635903261508
0,0,0.1925647285475409
0,0,0.1789244435948501
5,0,0.3648114629191664
0,0,0.2763489337917401
0,0,0.20282754987253174
0,0,0.2527624683586551
0,0,0.13735644851404905
0,0,0.18403752707781307
0,0,0.17403642289978438
4,0,0.32863967327605953
0,0,0.1823693062423185
0,0,0.2294223546440523
6,0,0.3970852869336909
2,0,0.3110630506350114
1,0,0.302379297619811
0,0,0.2602191130148541
0,0,0.19816596723642457
0,0,0.22245915028005978
0,0,0.227113717462042
1,0,0.40055074983847216
0,0,0.20687065816437408
0,0,0.17839836654663063
0,0,0.1984807458153174
1,0,0.30691749516843
1,0,0.33516626690309403
0,0,0.23087690020943089
0,0,0.2703574739410115
0,0,0.19343900774814726
10,6,0.5742955924020227
0,0,0.20405067249533237
5,0,0.32306679420157064
1,0,0.3095300388859834
0,0,0.2850425334423487
0,0,0.24624304114873682
0,0,0.2583673141885376
1,0,0.30659356364256724
0,0,0.283913344301357
0,0,0.25091098724376176
0,0,0.1419691341229649
0,0,0.18506492202845662
1,0,0.3899060459701697
1,0,0.3636873788210126
0,0,0.19037435820687398
1,0,0.3195006504829261
0,0,0.2036286088863172
1,0,0.35193424939727047
0,0,0.18551429922444782
0,0,0.1792521960018292
72,14,0.48883641148378587
0,0,0.27200329030411435
0,0,0.2350609356132718
0,0,0.19638717776628284
0,0,0.27046482826958457
0,0,0.19626218462443226
0,0,0.20115771056696777
0,0,0.24912382545175976
0,0,0.2733821620575539
3,0,0.3246569661981564
0,0,0.18966398938125742
3,0,0.3252966462352106
0,0,0.23838081322437313
4,0,0.31969501195635835
4,0,0.3519091146553676
0,0,0.24214691525042253
0,0,0.25143881365643916
14,1,0.5254749474574224
0,0,0.2843332868446126
0,0,0.2312684802144853
0,0,0.230223488213061
0,0,0.13849718445895415
1,0,0.35856608515387284
1,0,0.3390856067839394
0,0,0.2706528515346567
2,0,0.3510492973887707
0,0,0.17881019872541548
11,0,0.3806621035915821
0,0,0.2770101110149501
0,0,0.28145918734377834
55,2,0.48396818232698463
53,4,0.6122642413546843
0,0,0.18865760237109724
0,0,0.25564584793001077
0,0,0.2745802989693781
0,0,0.2251710802072521
0,0,0.2743037696863156
7,0,0.41678116204660276
0,0,0.23153914779177465
0,0,0.1924783429511147
0,0,0.22883767604650995
1,0,0.3618205583928736
0,0,0.2708885312219692
0,0,0.204100052914106
0,0,0.16177266038582885
0,0,0.29204004468012096
0,0,0.21204776483006696
0,0,0.276583321158308
0,0,0.21021782258661018
2,0,0.3285962497805097
0,0,0.23218672441496013
1,0,0.31745775232822593
1,0,0.31223202834961317
0,0,0.1868601689580408
0,0,0.17800777825523267
0,0,0.19595507801411824
0,0,0.2792853024238377
0,0,0.20485385142151274
0,0,0.2436887437287695
0,0,0.15113825012598137
0,0,0.2650714198532439
0,0,0.24405603695149983
0,0,0.15321454111469512
0,0,0.2419418468501691
1,0,0.3433858619768368
0,0,0.19964320536494104
0,0,0.2352293498752435
1,0,0.31420999876127964
25,0,0.4347458067352743
1,0,0.300181670179899
0,0,0.2425179748345721
0,0,0.20188963095497578
0,0,0.21508734226509466
0,0,0.21038206471642965
4,0,0.3793591225284694
0,0,0.208862253500483
0,0,0.18060139955366108
0,0,0.19233183939612783
44,2,0.488425888898773
0,0,0.17829030708690885
0,0,0.22646002989899947
0,0,0.19249916907782788
0,0,0.22031712907037396
3,0,0.3846384500342155
2,0,0.3864170952044101
0,0,0.21964227483370333
0,0,0.25951936737645004
43,0,0.40957144639985943
1,0,0.36898408186824494
5,0,0.37941961402312097
1,0,0.31135679156261725
1,0,0.32505534751553194
0,0,0.22616160826380816
0,0,0.22659095414943842
0,0,0.1937517255451306
0,0,0.19175786784973484
0,0,0.2109348367001579
0,0,0.21462717969708067
0,0,0.197387934986861
0,0,0.24822613985945896
0,0,0.15477304849476994
0,0,0.23669242933229204
0,0,0.20343565865723742
0,0,0.19881031516302347
0,0,0.24832148196755735
0,0,0.21195740517840028
0,0,0.20003330920522647
0,0,0.23058601356145264
0,0,0.21755675557307985
0,0,0.2365398693832439
0,0,0.242596810115852
0,0,0.21556906307703777
0,0,0.22770587585659127
0,0,0.22119175677458847
0,0,0.27955564912128256
0,0,0.23902292889072876
3,0,0.3691677289620381
1,0,0.3352465926810701
0,0,0.1591005122155515
0,0,0.20746549313187254
0,0,0.22485359186621598
0,0,0.20817097227401468
0,0,0.2494675466649026
0,0,0.2655694399104282
0,0,0.23054522052401266
0,0,0.23490226559736888
0,0,0.2300795817635943
0,0,0.20975177427461353
2,0,0.31584555383923646
0,0,0.25997290774452797
4,0,0.3976197039655818
0,0,0.22837217866749662
33,0,0.425705110660392
5,0,0.36509524174343294
0,0,0.1901772343384353
1,0,0.3256303551727176
0,0,0.20984919224086546
0,0,0.24612973248926806
0,0,0.24246878369269023
0,0,0.1909819618726351
0,0,0.2762852818046767
1,0,0.39048215791697843
0,0,0.25936282259314763
1,0,0.38494324301711225
0,0,0.1876925528782831
5,0,0.3812625906212066
0,0,0.2681751989574387
15,0,0.4126073337198929
0,0,0.1923912093333174
0,0,0.1796560805532845
0,0,0.21681711872406084
0,0,0.19182802453673137
0,0,0.23745625643366688
0,0,0.23677277032791977
2,0,0.3269048650155049
0,0,0.2139694419665827
0,0,0.1999100088366084
12,0,0.4075023206504905
0,0,0.24165045656490175
0,0,0.1970438101709892
0,0,0.21436088071644024
1,0,0.32697088259730867
0,0,0.18738559180262612
2,0,0.3402159957354772
0,0,0.21851435045444287
0,0,0.21563472906538067
0,0,0.2665917472932825
0,0,0.22830687792748075
0,0,0.2710252259452495
0,0,0.16698373076856712
0,0,0.28188957721803903
0,0,0.26503716198560084
0,0,0.21645544837402078
0,0,0.18279353058689715
0,0,0.22889338402007012
0,0,0.13706536849115203
2,0,0.3482152415346316
1,0,0.3060932006965559
0,0,0.15339307477547443
0,0,0.16351587735510978
0,0,0.20099402349209078
0,0,0.21895701551457686
0,0,0.18856027280819052
0,0,0.20245619053865935
0,0,0.22472407073176773
0,0,0.18525356866353357
0,0,0.16904275120741613
0,0,0.156416682506858
0,0,0.17710568897152892
0,0,0.1779116126625439
0,0,0.2561160192576383
53,2,0.47069751201542515
54,4,0.5570492182389547
38,1,0.5017982835330018
0,0,0.26749618145106013
0,0,0.21480521872669536
1,0,0.37932964637441335
0,0,0.29423644435040636
0,0,0.27191996166411814
0,0,0.2623217471376546
62,1,0.4901661034871091
0,0,0.2608482499087424
0,0,0.22666395343259552
0,0,0.23997939098087495
0,0,0.18244788314863974
0,0,0.14247991832461962
0,0,0.29849947018415857
0,0,0.19567725877341127
0,0,0.19092930209606793
0,0,0.1814398523459664
1,0,0.3450725430737932
0,0,0.16125429282540374
0,0,0.1979570226280019
20,2,0.47539542238778365
0,0,0.2551558633322179
10,0,0.41924942012528554
1,0,0.3278066069873559
0,0,0.21330102564689485
7,0,0.4098441368745274
0,0,0.29275875709777127
0,0,0.26645432082826714
0,0,0.26769985072046504
0,0,0.16855445656696472
0,0,0.19209335516685438
0,0,0.26975071925165894
0,0,0.18023201976114164
1,0,0.30985950178751703
0,0,0.25094961736427623
0,0,0.2343126077056927
0,0,0.25789401329329337
3,0,0.3232180119082192
3,0,0.3196059862821756
1,0,0.34405354253176995
4,0,0.34417217903056885
0,0,0.1720386482909554
1,0,0.30044869531184115
0,0,0.2181396047528963
0,0,0.27000675710188093
0,0,0.2958199066271804
6,0,0.40528532946794255
0,0,0.25892290956119235
0,0,0.20362809363440945
0,0,0.24668672518732998
0,0,0.21349967312722498
3,0,0.3656288742995249
0,0,0.22246363985384174
0,0,0.23750267712627163
1,0,0.3042657198534298
0,0,0.20650395039149014
1,0,0.30956668619519506
13,0,0.37235384642209157
0,0,0.17918427057299058
0,0,0.21899342915059883
0,0,0.19014849085523464
0,0,0.20140144982422656
0,0,0.18463421659119889
0,0,0.2944286566875462
0,0,0.19974085635206995
0,0,0.2098921223908858
0,0,0.1868198421805548
13,0,0.4018785632246068
3,0,0.402480295871844
1,0,0.3338883316948365
0,0,0.22179565493479914
0,0,0.28994953777038734
0,0,0.26361440723925306
0,0,0.22195204096153084
1,0,0.3226082363367759
0,0,0.23439899205154419
0,0,0.21202076008252238
13,2,0.5007443904671196
5,0,0.3575949381380636
0,0,0.23243682304242755
0,0,0.2477697045212689
0,0,0.2745357619110424
0,0,0.26047056594853507
0,0,0.26470447304007494
0,0,0.1705611234672785
0,0,0.2704371709572154
0,0,0.21805617189120238
3,0,0.31268844952290076
1,0,0.31859212543670123
4,0,0.3576084792389668
0,0,0.2523925218737306
0,0,0.28203578099268173
0,0,0.2639557658994417
0,0,0.1835895909837298
0,0,0.1410591892509001
1,0,0.3056657003579857
0,0,0.2036383445657977
0,0,0.20019933225555323
0,0,0.2559513182020473
0,0,0.23541834916612872
0,0,0.19449627726947707
0,0,0.2049165057982865
0,0,0.2551784615029209
0,0,0.24250724124369144
11,0,0.4328956559450103
0,0,0.1880614964936444
0,0,0.2821718477454185
0,0,0.2771530186618267
5,0,0.3577363922532549
0,0,0.2549529413116444
0,0,0.18947452649037608
0,0,0.29426501861116683
0,0,0.20454844779228873
1,0,0.30150911876128356
0,0,0.27018170392237645
0,0,0.19955743370044848
0,0,0.1757371973186408
0,0,0.22433884056480893
0,0,0.1623592976354927
0,0,0.20004736483037178
0,0,0.15596911009571882
0,0,0.2378270889818428
2,0,0.32499579231387266
0,0,0.28187507125614314
0,0,0.19568672528830613
0,0,0.1929042682769218
17,6,0.6536585222080086
0,0,0.24965448754398883
0,0,0.20814763476378206
0,0,0.2221630784044272
0,0,0.22064979543502578
0,0,0.15570103459530552
0,0,0.22335145298116277
0,0,0.2490469052819315
0,0,0.21790620020913276
0,0,0.19884581795598255
0,0,0.24409247669467232
0,0,0.20810131856993758
0,0,0.2434022170718569
1,0,0.30270609261364734
0,0,0.21915949046250796
0,0,0.28455009661274067
0,0,0.1889538031942065
0,0,0.19561991401537024
0,0,0.19945444147866848
0,0,0.22590224078299057
1,0,0.3458319603517373
7,0,0.4418373316774564
0,0,0.2017341393173203
0,0,0.2766439855240313
0,0,0.2293441406121912
0,0,0.2039493914167257
0,0,0.2631489335563021
4,3,0.5122493824810505
0,0,0.2437876703817977
0,0,0.22483584758611275
0,0,0.2240652672993231
0,0,0.20618201556766355
1,0,0.31144907610564065
0,0,0.19126394761314444
0,0,0.272642758995425
0,0,0.27983821292314426
1,0,0.4074996987538557
0,0,0.27063165988741195
0,0,0.25989293433237
0,0,0.2769445841444664
5,0,0.393671647019265
0,0,0.2394235385097791
0,0,0.2036341451591678
0,0,0.23541716034924068
0,0,0.1796833709517006
0,0,0.21350081934228365
0,0,0.18690865885956415
0,0,0.24745341126349696
0,0,0.2524273337784094
0,0,0.1815931880073742
0,0,0.28422101057767163
0,0,0.2507986582069989
1,0,0.3050601111959863
0,0,0.1669243756199886
0,0,0.13467197522544574
0,0,0.2355229568204671
0,0,0.27870127769032155
1,0,0.3460165327993205
0,0,0.20246598052902323
0,0,0.19676521231785574
0,0,0.24811134063210635
0,0,0.22479233997145537
0,0,0.21393410336062335
0,0,0.20012715134593875
0,0,0.1962060176252605
0,0,0.21859905458112075
35,1,0.45783631742902214
0,0,0.17225596773763252
0,0,0.2099162601073391
0,0,0.15476943266603013
0,0,0.2879749009861319
0,0,0.17523912370639874
0,0,0.2009842903701301
0,0,0.2873013910867615
0,0,0.21927004041428574
0,0,0.22486844206960846
0,0,0.2616418094700042
0,0,0.19448610125269342
1,0,0.3097845594483316
1,0,0.3078098408160783
0,0,0.2641166737614018
0,0,0.2292251746225454
1,0,0.3208712643291057
0,0,0.20190208377053204
0,0,0.21083699232904687
0,0,0.20680663829056098
0,0,0.27439614633552456
7,0,0.36958592042549
8,0,0.36386719605519185
0,0,0.22107411828925422
0,0,0.19431935107216322
0,0,0.283448102192439
3,0,0.33253093423583513
1,0,0.3125884937268623
0,0,0.2657022447016355
1,0,0.31153422857694996
0,0,0.18481970373940412
0,0,0.1656197411081426
0,0,0.25840805891537144
11,1,0.4694136079155997
6,0,0.42640963414152105
0,0,0.1767511553474003
0,0,0.18464673211779986
0,0,0.25458135957056055
1,0,0.31566498677492133
0,0,0.18843927429208943
0,0,0.2367204601182876
0,0,0.22134597216266919
0,0,0.2258402922773138
0,0,0.2827473131712282
0,0,0.24218621639218804
7,2,0.4526945403837505
2,0,0.3378942148646944
0,0,0.27971822067037677
1,0,0.3347337310417324
0,0,0.2715379814870267
28,5,0.5510106929351122
0,0,0.26352821305159296
7,2,0.45836670963185167
0,0,0.2094912274330797
0,0,0.2076517149734911
1,0,0.3126613204587219
25,0,0.4237294622996086
40,0,0.3818621572450439
0,0,0.14347481679766422
0,0,0.26167972521849353
0,0,0.25137006996626543
0,0,0.15473653702792467
0,0,0.23254463635261746
0,0,0.16912406555655052
0,0,0.24860243866897339
0,0,0.22909291963302578
0,0,0.22915004182258886
0,0,0.2858143544500628
0,0,0.24712818841820267
0,0,0.2453821914368411
0,0,0.2508009629258633
0,0,0.15784220595983103
0,0,0.22000140326058112
0,0,0.16531651530378613
0,0,0.2259234091700991
0,0,0.2603036322504887
0,0,0.14650765945944846
2,0,0.3948767104601436
0,0,0.22984733937673785
0,0,0.18884713013759402
0,0,0.2459621698643055
0,0,0.23628003821342777
0,0,0.28659482714406703
0,0,0.29412297431668866
0,0,0.2347896745383901
0,0,0.1659714493723545
0,0,0.2906893672530035
2,0,0.32660763127663295
0,0,0.2007126988445563
0,0,0.16953862822838534
0,0,0.2703983048855582
0,0,0.20383444834221204
0,0,0.27355888158423874
21,4,0.5406841065970343
1,0,0.34633985539170087
2,0,0.38351493536246967
0,0,0.22548205739350846
0,0,0.16263246828917033
4,0,0.35055610527683845
0,0,0.19135155000309476
0,0,0.18508688041916663
0,0,0.22496866277963928
0,0,0.2688423019078966
0,0,0.2866579577376241
2,0,0.316427291631922
0,0,0.20702547193895718
0,0,0.21260646260346175
0,0,0.220711587356442
0,0,0.2036143408872755
0,0,0.28521922710919395
1,0,0.34524642109456843
0,0,0.2958504782754398
0,0,0.19495618705214166
0,0,0.2321928725137738
3,0,0.3639021248561182
0,0,0.22449905314894128
2,0,0.3250183393110961
0,0,0.19796913151079773
0,0,0.20755043523574787
0,0,0.2408626403622057
0,0,0.22541063295854832
0,0,0.2196660566433192
0,0,0.2747758793088652
2,0,0.3875965174883508
0,0,0.27286948276941897
0,0,0.21120621899927294
6,0,0.3988085562259392
